ISO-10303-21;
HEADER;
FILE_DESCRIPTION (( 'STEP AP214' ),
    '1' );
FILE_NAME ('MAKK2520H1R0M.STEP',
    '2025-05-04T06:44:33',
    ( '' ),
    ( '' ),
    'SwSTEP 2.0',
    'SolidWorks 2023',
    '' );
FILE_SCHEMA (( 'AUTOMOTIVE_DESIGN' ));
ENDSEC;

DATA;
#1 = ORIENTED_EDGE ( 'NONE', *, *, #369, .T. ) ;
#2 = CARTESIAN_POINT ( 'NONE',  ( -1.250000000000000222, 0.2812500000000000000, 1.000000000000000222 ) ) ;
#3 = CARTESIAN_POINT ( 'NONE',  ( -0.7768069142760852808, 0.1190468838242033089, -1.000000000000000000 ) ) ;
#4 = CARTESIAN_POINT ( 'NONE',  ( -0.8628092057446986596, 0.08302544860683996886, -1.000000000000000000 ) ) ;
#5 = EDGE_CURVE ( 'NONE', #1385, #872, #673, .T. ) ;
#6 = EDGE_LOOP ( 'NONE', ( #821, #1193, #1428, #1278 ) ) ;
#7 = CARTESIAN_POINT ( 'NONE',  ( 1.250000000000000222, 1.000000000000000000, -0.9999999999999997780 ) ) ;
#8 = ORIENTED_EDGE ( 'NONE', *, *, #13, .T. ) ;
#9 = FILL_AREA_STYLE_COLOUR ( '', #1334 ) ;
#10 = FILL_AREA_STYLE_COLOUR ( '', #477 ) ;
#11 = AXIS2_PLACEMENT_3D ( 'NONE', #627, #515, #952 ) ;
#12 =( GEOMETRIC_REPRESENTATION_CONTEXT ( 3 ) GLOBAL_UNCERTAINTY_ASSIGNED_CONTEXT ( ( #711 ) ) GLOBAL_UNIT_ASSIGNED_CONTEXT ( ( #189, #1217, #1105 ) ) REPRESENTATION_CONTEXT ( 'NONE', 'WORKASPACE' ) );
#13 = EDGE_CURVE ( 'NONE', #763, #376, #1247, .T. ) ;
#14 = CIRCLE ( 'NONE', #579, 0.5312499999999997780 ) ;
#15 = SURFACE_SIDE_STYLE ('',( #794 ) ) ;
#16 = STYLED_ITEM ( 'NONE', ( #1316 ), #130 ) ;
#17 = MANIFOLD_SOLID_BREP ( 'Split1[2]', #1240 ) ;
#18 = AXIS2_PLACEMENT_3D ( 'NONE', #1335, #896, #1345 ) ;
#19 = CARTESIAN_POINT ( 'NONE',  ( -1.104860989301524432, 0.04214760540542325518, -1.000000000000000000 ) ) ;
#20 =( LENGTH_UNIT ( ) NAMED_UNIT ( * ) SI_UNIT ( .MILLI., .METRE. ) );
#21 = DIRECTION ( 'NONE',  ( 0.000000000000000000, 0.000000000000000000, 1.000000000000000000 ) ) ;
#22 =( NAMED_UNIT ( * ) PLANE_ANGLE_UNIT ( ) SI_UNIT ( $, .RADIAN. ) );
#23 = SURFACE_STYLE_USAGE ( .BOTH. , #15 ) ;
#24 = SURFACE_STYLE_FILL_AREA ( #588 ) ;
#25 = EDGE_CURVE ( 'NONE', #444, #847, #1151, .T. ) ;
#26 = DIRECTION ( 'NONE',  ( 0.000000000000000000, 0.000000000000000000, 1.000000000000000000 ) ) ;
#27 = UNCERTAINTY_MEASURE_WITH_UNIT (LENGTH_MEASURE( 1.000000000000000082E-05 ), #964, 'distance_accuracy_value', 'NONE');
#28 = EDGE_CURVE ( 'NONE', #536, #1114, #918, .T. ) ;
#29 = SURFACE_STYLE_USAGE ( .BOTH. , #712 ) ;
#30 = DIRECTION ( 'NONE',  ( 1.000000000000000000, 0.000000000000000000, 0.000000000000000000 ) ) ;
#31 = DIRECTION ( 'NONE',  ( 1.000000000000000000, -2.168404344971008560E-17, -0.000000000000000000 ) ) ;
#32 = MANIFOLD_SOLID_BREP ( 'Split1[1]', #1049 ) ;
#33 =( NAMED_UNIT ( * ) PLANE_ANGLE_UNIT ( ) SI_UNIT ( $, .RADIAN. ) );
#34 = PRESENTATION_LAYER_ASSIGNMENT (  '', '', ( #355 ) ) ;
#35 = EDGE_LOOP ( 'NONE', ( #826, #1297, #225, #686 ) ) ;
#36 = AXIS2_PLACEMENT_3D ( 'NONE', #539, #417, #979 ) ;
#37 = AXIS2_PLACEMENT_3D ( 'NONE', #371, #251, #1182 ) ;
#38 = CARTESIAN_POINT ( 'NONE',  ( -1.163461538461538547, 0.02577310839783473334, -0.9375000000000003331 ) ) ;
#39 =( LENGTH_UNIT ( ) NAMED_UNIT ( * ) SI_UNIT ( .MILLI., .METRE. ) );
#40 = SURFACE_SIDE_STYLE ('',( #1044 ) ) ;
#41 = FILL_AREA_STYLE ('',( #249 ) ) ;
#42 = VERTEX_POINT ( 'NONE', #724 ) ;
#43 = CARTESIAN_POINT ( 'NONE',  ( -0.8010143476803562868, 0.06994582437557637922, 0.9907712471526610720 ) ) ;
#44 = MANIFOLD_SOLID_BREP ( 'Fillet2', #581 ) ;
#45 = UNCERTAINTY_MEASURE_WITH_UNIT (LENGTH_MEASURE( 1.000000000000000082E-05 ), #1161, 'distance_accuracy_value', 'NONE');
#46 = CARTESIAN_POINT ( 'NONE',  ( 1.196004997697919237, 0.03629703936682131954, 0.9586489020010454665 ) ) ;
#47 = CARTESIAN_POINT ( 'NONE',  ( 0.6376953125000003331, 1.000000000000000222, -0.9999999999999997780 ) ) ;
#48 = DIRECTION ( 'NONE',  ( 0.000000000000000000, -1.000000000000000000, 0.000000000000000000 ) ) ;
#49 = ADVANCED_FACE ( 'NONE', ( #55 ), #1401, .F. ) ;
#50 = B_SPLINE_CURVE_WITH_KNOTS ( 'NONE', 3,
 ( #1139, #1357, #99, #1448, #694, #207, #1143, #120, #688, #457, #808, #1245 ),
 .UNSPECIFIED., .F., .F.,
 ( 4, 2, 2, 2, 2, 4 ),
 ( 0.000000000000000000, 0.2499999999999967248, 0.3124999999999969469, 0.3749999999999971689, 0.4999999999999976685, 1.000000000000000000 ),
 .UNSPECIFIED. ) ;
#51 = VERTEX_POINT ( 'NONE', #273 ) ;
#52 = DIRECTION ( 'NONE',  ( 0.000000000000000000, -1.000000000000000000, -0.000000000000000000 ) ) ;
#53 =( NAMED_UNIT ( * ) PLANE_ANGLE_UNIT ( ) SI_UNIT ( $, .RADIAN. ) );
#54 = CARTESIAN_POINT ( 'NONE',  ( -0.6376953125000003331, 1.000000000000000222, 1.000000000000000222 ) ) ;
#55 = FACE_OUTER_BOUND ( 'NONE', #665, .T. ) ;
#56 = STYLED_ITEM ( 'NONE', ( #706 ), #764 ) ;
#57 = COLOUR_RGB ( '',0.000000000000000000, 0.000000000000000000, 0.000000000000000000 ) ;
#58 = DIRECTION ( 'NONE',  ( -0.000000000000000000, -0.000000000000000000, -1.000000000000000000 ) ) ;
#59 = COLOUR_RGB ( '',0.2862745098039215508, 0.2862745098039215508, 0.2862745098039215508 ) ;
#60 = UNCERTAINTY_MEASURE_WITH_UNIT (LENGTH_MEASURE( 1.000000000000000082E-05 ), #299, 'distance_accuracy_value', 'NONE');
#61 =( NAMED_UNIT ( * ) PLANE_ANGLE_UNIT ( ) SI_UNIT ( $, .RADIAN. ) );
#62 = PRESENTATION_LAYER_ASSIGNMENT (  '', '', ( #773 ) ) ;
#63 = PRESENTATION_LAYER_ASSIGNMENT (  '', '', ( #176 ) ) ;
#64 = EDGE_LOOP ( 'NONE', ( #400, #294, #93, #438, #460, #908 ) ) ;
#65 = PRESENTATION_STYLE_ASSIGNMENT (( #263 ) ) ;
#66 = SURFACE_SIDE_STYLE ('',( #253 ) ) ;
#67 = DIRECTION ( 'NONE',  ( 1.000000000000000000, 0.000000000000000000, 0.000000000000000000 ) ) ;
#68 = EDGE_CURVE ( 'NONE', #1114, #547, #1196, .T. ) ;
#69 = PRESENTATION_STYLE_ASSIGNMENT (( #732 ) ) ;
#70 = FACE_OUTER_BOUND ( 'NONE', #838, .T. ) ;
#71 = DIRECTION ( 'NONE',  ( 1.000000000000000000, -0.000000000000000000, 0.000000000000000000 ) ) ;
#72 = ORIENTED_EDGE ( 'NONE', *, *, #544, .T. ) ;
#73 = DIRECTION ( 'NONE',  ( 0.000000000000000000, -0.000000000000000000, 1.000000000000000000 ) ) ;
#74 = CARTESIAN_POINT ( 'NONE',  ( -0.9249181564712392056, -0.002784114644938648787, 1.000000000000000444 ) ) ;
#75 = EDGE_LOOP ( 'NONE', ( #540, #86, #1172, #492 ) ) ;
#76 = CARTESIAN_POINT ( 'NONE',  ( 0.8010143476803587292, 0.06994582437557733678, -0.9907712471526617382 ) ) ;
#77 = CARTESIAN_POINT ( 'NONE',  ( -1.250000000000000222, 0.2812500000000000555, 1.000000000000000222 ) ) ;
#78 =( GEOMETRIC_REPRESENTATION_CONTEXT ( 3 ) GLOBAL_UNCERTAINTY_ASSIGNED_CONTEXT ( ( #27 ) ) GLOBAL_UNIT_ASSIGNED_CONTEXT ( ( #964, #848, #734 ) ) REPRESENTATION_CONTEXT ( 'NONE', 'WORKASPACE' ) );
#79 = CARTESIAN_POINT ( 'NONE',  ( 0.6376953125000003331, 1.000000000000000222, 1.000000000000000222 ) ) ;
#80 = VECTOR ( 'NONE', #695, 1000.000000000000000 ) ;
#81 = COLOUR_RGB ( '',0.000000000000000000, 0.000000000000000000, 0.000000000000000000 ) ;
#82 = PRESENTATION_LAYER_ASSIGNMENT (  '', '', ( #1400 ) ) ;
#83 = DIRECTION ( 'NONE',  ( 0.000000000000000000, 0.000000000000000000, 1.000000000000000000 ) ) ;
#84 = EDGE_CURVE ( 'NONE', #386, #447, #511, .T. ) ;
#85 = B_SPLINE_CURVE_WITH_KNOTS ( 'NONE', 3,
 ( #4, #1219, #670, #463, #1112, #1367 ),
 .UNSPECIFIED., .F., .F.,
 ( 4, 2, 4 ),
 ( 0.000000000000000000, 7.062188273458757488E-05, 0.0001412437654691751498 ),
 .UNSPECIFIED. ) ;
#86 = ORIENTED_EDGE ( 'NONE', *, *, #113, .F. ) ;
#87 =( NAMED_UNIT ( * ) PLANE_ANGLE_UNIT ( ) SI_UNIT ( $, .RADIAN. ) );
#88 = DIRECTION ( 'NONE',  ( 0.000000000000000000, 0.000000000000000000, 1.000000000000000000 ) ) ;
#89 = ORIENTED_EDGE ( 'NONE', *, *, #1180, .T. ) ;
#90 = DIRECTION ( 'NONE',  ( 1.000000000000000000, 0.000000000000000000, 0.000000000000000000 ) ) ;
#91 = SURFACE_STYLE_FILL_AREA ( #1133 ) ;
#92 = SURFACE_STYLE_FILL_AREA ( #854 ) ;
#93 = ORIENTED_EDGE ( 'NONE', *, *, #68, .T. ) ;
#94 = FILL_AREA_STYLE_COLOUR ( '', #1237 ) ;
#95 = LINE ( 'NONE', #1319, #531 ) ;
#96 = FILL_AREA_STYLE_COLOUR ( '', #772 ) ;
#97 = ORIENTED_EDGE ( 'NONE', *, *, #664, .T. ) ;
#98 = FACE_OUTER_BOUND ( 'NONE', #640, .T. ) ;
#99 = CARTESIAN_POINT ( 'NONE',  ( 1.246018316383933566, 0.1105249288587147605, -0.9979863580703773884 ) ) ;
#100 = ORIENTED_EDGE ( 'NONE', *, *, #883, .T. ) ;
#101 = SURFACE_STYLE_FILL_AREA ( #648 ) ;
#102 = COLOUR_RGB ( '',0.7529411764705882248, 0.7529411764705882248, 0.7529411764705882248 ) ;
#103 = PRESENTATION_LAYER_ASSIGNMENT (  '', '', ( #1186 ) ) ;
#104 =( GEOMETRIC_REPRESENTATION_CONTEXT ( 3 ) GLOBAL_UNCERTAINTY_ASSIGNED_CONTEXT ( ( #397 ) ) GLOBAL_UNIT_ASSIGNED_CONTEXT ( ( #219, #448, #785 ) ) REPRESENTATION_CONTEXT ( 'NONE', 'WORKASPACE' ) );
#105 = CARTESIAN_POINT ( 'NONE',  ( 0.7500000000000000000, 0.06250000000000005551, -1.573673742208931525 ) ) ;
#106 =( GEOMETRIC_REPRESENTATION_CONTEXT ( 3 ) GLOBAL_UNCERTAINTY_ASSIGNED_CONTEXT ( ( #958 ) ) GLOBAL_UNIT_ASSIGNED_CONTEXT ( ( #699, #1383, #1148 ) ) REPRESENTATION_CONTEXT ( 'NONE', 'WORKASPACE' ) );
#107 = AXIS2_PLACEMENT_3D ( 'NONE', #387, #839, #1292 ) ;
#108 = STYLED_ITEM ( 'NONE', ( #927 ), #44 ) ;
#109 = VECTOR ( 'NONE', #735, 1000.000000000000000 ) ;
#110 = CARTESIAN_POINT ( 'NONE',  ( -1.239965350736132343, 0.08725170964439300791, 0.9926284999920466090 ) ) ;
#111 = CARTESIAN_POINT ( 'NONE',  ( -0.8628092057446986596, 0.08302544860683999661, 1.000000000000000222 ) ) ;
#112 = VERTEX_POINT ( 'NONE', #1310 ) ;
#113 = EDGE_CURVE ( 'NONE', #1312, #632, #912, .T. ) ;
#114 = DIRECTION ( 'NONE',  ( 0.000000000000000000, 0.000000000000000000, 1.000000000000000000 ) ) ;
#115 = VERTEX_POINT ( 'NONE', #1084 ) ;
#116 = DIRECTION ( 'NONE',  ( -1.000000000000000000, 0.000000000000000000, 0.000000000000000000 ) ) ;
#117 = ORIENTED_EDGE ( 'NONE', *, *, #369, .F. ) ;
#118 = FACE_OUTER_BOUND ( 'NONE', #888, .T. ) ;
#119 = CARTESIAN_POINT ( 'NONE',  ( -0.6376953125000003331, 1.000000000000000222, 1.000000000000000222 ) ) ;
#120 = CARTESIAN_POINT ( 'NONE',  ( 1.230581891848685272, 0.07772005445491497744, -0.9855838805277921111 ) ) ;
#121 = CARTESIAN_POINT ( 'NONE',  ( 1.163461538461538325, 0.02577310839783474722, -1.573673742208931525 ) ) ;
#122 = FILL_AREA_STYLE ('',( #805 ) ) ;
#123 = DIRECTION ( 'NONE',  ( 1.000000000000000000, 0.000000000000000000, 0.000000000000000000 ) ) ;
#124 = VECTOR ( 'NONE', #586, 1000.000000000000000 ) ;
#125 = DIRECTION ( 'NONE',  ( -0.000000000000000000, 0.000000000000000000, -1.000000000000000000 ) ) ;
#126 = VECTOR ( 'NONE', #190, 1000.000000000000000 ) ;
#127 = MECHANICAL_DESIGN_GEOMETRIC_PRESENTATION_REPRESENTATION (  '', ( #220 ), #741 ) ;
#128 = STYLED_ITEM ( 'NONE', ( #1268 ), #806 ) ;
#129 = EDGE_LOOP ( 'NONE', ( #620, #568, #1413, #913 ) ) ;
#130 = ADVANCED_FACE ( 'NONE', ( #1076 ), #526, .T. ) ;
#131 =( GEOMETRIC_REPRESENTATION_CONTEXT ( 3 ) GLOBAL_UNCERTAINTY_ASSIGNED_CONTEXT ( ( #144 ) ) GLOBAL_UNIT_ASSIGNED_CONTEXT ( ( #1250, #208, #360 ) ) REPRESENTATION_CONTEXT ( 'NONE', 'WORKASPACE' ) );
#132 = SURFACE_SIDE_STYLE ('',( #924 ) ) ;
#133 = UNCERTAINTY_MEASURE_WITH_UNIT (LENGTH_MEASURE( 1.000000000000000082E-05 ), #453, 'distance_accuracy_value', 'NONE');
#134 = SURFACE_SIDE_STYLE ('',( #691 ) ) ;
#135 = FACE_OUTER_BOUND ( 'NONE', #1051, .T. ) ;
#136 = FILL_AREA_STYLE ('',( #382 ) ) ;
#137 = PRODUCT_DEFINITION ( 'UNKNOWN', '', #659, #420 ) ;
#138 = FACE_OUTER_BOUND ( 'NONE', #1118, .T. ) ;
#139 = B_SPLINE_CURVE_WITH_KNOTS ( 'NONE', 3,
 ( #717, #1303, #1279, #283, #1052, #948, #1273, #181, #1040, #1163, #606, #43, #621, #493, #941, #1386 ),
 .UNSPECIFIED., .F., .F.,
 ( 4, 3, 3, 3, 3, 4 ),
 ( 2.168404344971008627E-19, 1.478966079891655352E-05, 2.938085405988152211E-05, 5.236716074425472794E-05, 9.105018719876196184E-05, 0.0001421983182952955664 ),
 .UNSPECIFIED. ) ;
#140 =( NAMED_UNIT ( * ) SI_UNIT ( $, .STERADIAN. ) SOLID_ANGLE_UNIT ( ) );
#141 = EDGE_LOOP ( 'NONE', ( #1432, #1092, #668, #897 ) ) ;
#142 = FILL_AREA_STYLE ('',( #233 ) ) ;
#143 = CARTESIAN_POINT ( 'NONE',  ( -0.9951789304555975768, 0.04251024788434551449, -1.000000000000000000 ) ) ;
#144 = UNCERTAINTY_MEASURE_WITH_UNIT (LENGTH_MEASURE( 1.000000000000000082E-05 ), #1250, 'distance_accuracy_value', 'NONE');
#145 = FACE_OUTER_BOUND ( 'NONE', #1348, .T. ) ;
#146 =( NAMED_UNIT ( * ) PLANE_ANGLE_UNIT ( ) SI_UNIT ( $, .RADIAN. ) );
#147 = APPLICATION_CONTEXT ( 'automotive_design' ) ;
#148 = APPLICATION_PROTOCOL_DEFINITION ( 'draft international standard', 'automotive_design', 1998, #1365 ) ;
#149 = SURFACE_STYLE_USAGE ( .BOTH. , #1064 ) ;
#150 = AXIS2_PLACEMENT_3D ( 'NONE', #1177, #850, #67 ) ;
#151 = ORIENTED_EDGE ( 'NONE', *, *, #169, .F. ) ;
#152 = VECTOR ( 'NONE', #1301, 1000.000000000000000 ) ;
#153 = CARTESIAN_POINT ( 'NONE',  ( 1.249579735593369767, 0.1344672911011067507, -1.000000000000000000 ) ) ;
#154 = DIRECTION ( 'NONE',  ( 0.000000000000000000, 0.000000000000000000, 1.000000000000000000 ) ) ;
#155 = LINE ( 'NONE', #1035, #1375 ) ;
#156 = EDGE_CURVE ( 'NONE', #1156, #726, #652, .T. ) ;
#157 = PLANE ( 'NONE',  #11 ) ;
#158 = EDGE_LOOP ( 'NONE', ( #876, #1291, #497, #429 ) ) ;
#159 = CARTESIAN_POINT ( 'NONE',  ( 1.250000000000000222, 0.2812500000000001110, -1.000000000000000000 ) ) ;
#160 = UNCERTAINTY_MEASURE_WITH_UNIT (LENGTH_MEASURE( 1.000000000000000082E-05 ), #615, 'distance_accuracy_value', 'NONE');
#161 = CARTESIAN_POINT ( 'NONE',  ( -1.118842454541727927, -0.02306604720718679474, 0.9741116523516818448 ) ) ;
#162 = CARTESIAN_POINT ( 'NONE',  ( 0.6376953125000003331, 1.000000000000000222, 1.000000000000000222 ) ) ;
#163 = VERTEX_POINT ( 'NONE', #671 ) ;
#164 = CARTESIAN_POINT ( 'NONE',  ( -1.250000000000000222, 0.1447088475983442923, -1.000000000000000000 ) ) ;
#165 = CARTESIAN_POINT ( 'NONE',  ( 0.6376953125000003331, 1.000000000000000222, -1.000000000000000000 ) ) ;
#166 = DIRECTION ( 'NONE',  ( 0.000000000000000000, 0.000000000000000000, 1.000000000000000000 ) ) ;
#167 = STYLED_ITEM ( 'NONE', ( #375 ), #328 ) ;
#168 = COLOUR_RGB ( '',0.7529411764705882248, 0.7529411764705882248, 0.7529411764705882248 ) ;
#169 = EDGE_CURVE ( 'NONE', #1229, #1385, #50, .T. ) ;
#170 = SURFACE_SIDE_STYLE ('',( #268 ) ) ;
#171 = AXIS2_PLACEMENT_3D ( 'NONE', #349, #569, #234 ) ;
#172 = STYLED_ITEM ( 'NONE', ( #503 ), #424 ) ;
#173 = CARTESIAN_POINT ( 'NONE',  ( -1.132401821568483236, 0.06076137563701817373, -1.000000000000000000 ) ) ;
#174 = STYLED_ITEM ( 'NONE', ( #473 ), #925 ) ;
#175 = LINE ( 'NONE', #972, #932 ) ;
#176 = STYLED_ITEM ( 'NONE', ( #241 ), #49 ) ;
#177 = CARTESIAN_POINT ( 'NONE',  ( 0.9210719111965838257, -0.03014127708822007812, 0.9375000000000003331 ) ) ;
#178 =( LENGTH_UNIT ( ) NAMED_UNIT ( * ) SI_UNIT ( .MILLI., .METRE. ) );
#179 = CARTESIAN_POINT ( 'NONE',  ( 0.7470478361795642730, 0.06408646833409685495, -0.9375000000000000000 ) ) ;
#180 = ORIENTED_EDGE ( 'NONE', *, *, #1166, .T. ) ;
#181 = CARTESIAN_POINT ( 'NONE',  ( -0.7655364333962115797, 0.06447893391032989696, 0.9703244819441720903 ) ) ;
#182 = EDGE_CURVE ( 'NONE', #51, #422, #466, .T. ) ;
#183 = CARTESIAN_POINT ( 'NONE',  ( 1.163461538461538547, 0.02577310839783472987, -0.9375000000000002220 ) ) ;
#184 = DIRECTION ( 'NONE',  ( -0.000000000000000000, -0.000000000000000000, -1.000000000000000000 ) ) ;
#185 = CARTESIAN_POINT ( 'NONE',  ( 0.7470478361795636069, 0.06408646833409721577, 0.9741116523516818448 ) ) ;
#186 = EDGE_LOOP ( 'NONE', ( #117, #647, #89, #1012 ) ) ;
#187 = FILL_AREA_STYLE ('',( #94 ) ) ;
#188 = CARTESIAN_POINT ( 'NONE',  ( 1.250000000000000222, 1.000000000000000000, 1.000000000000000222 ) ) ;
#189 =( LENGTH_UNIT ( ) NAMED_UNIT ( * ) SI_UNIT ( .MILLI., .METRE. ) );
#190 = DIRECTION ( 'NONE',  ( -1.000000000000000000, -0.000000000000000000, -0.000000000000000000 ) ) ;
#191 = ORIENTED_EDGE ( 'NONE', *, *, #496, .F. ) ;
#192 = SURFACE_SIDE_STYLE ('',( #101 ) ) ;
#193 = AXIS2_PLACEMENT_3D ( 'NONE', #899, #114, #218 ) ;
#194 = PRESENTATION_LAYER_ASSIGNMENT (  '', '', ( #799 ) ) ;
#195 =( GEOMETRIC_REPRESENTATION_CONTEXT ( 3 ) GLOBAL_UNCERTAINTY_ASSIGNED_CONTEXT ( ( #363 ) ) GLOBAL_UNIT_ASSIGNED_CONTEXT ( ( #1248, #810, #822 ) ) REPRESENTATION_CONTEXT ( 'NONE', 'WORKASPACE' ) );
#196 = EDGE_LOOP ( 'NONE', ( #1106, #783, #250, #1302, #1346, #232 ) ) ;
#197 = DIRECTION ( 'NONE',  ( -0.000000000000000000, -0.000000000000000000, -1.000000000000000000 ) ) ;
#198 = CARTESIAN_POINT ( 'NONE',  ( -1.163461538461538547, 0.02577310839783473334, -0.9375000000000003331 ) ) ;
#199 = COLOUR_RGB ( '',0.2862745098039215508, 0.2862745098039215508, 0.2862745098039215508 ) ;
#200 = EDGE_CURVE ( 'NONE', #1379, #1007, #679, .T. ) ;
#201 = PRESENTATION_LAYER_ASSIGNMENT (  '', '', ( #837 ) ) ;
#202 = CARTESIAN_POINT ( 'NONE',  ( 1.113051142017387418, 0.003946332156844136081, -1.000000000000000000 ) ) ;
#203 = ORIENTED_EDGE ( 'NONE', *, *, #597, .F. ) ;
#204 = CARTESIAN_POINT ( 'NONE',  ( 1.250000000000000222, 1.000000000000000000, -0.9999999999999997780 ) ) ;
#205 = CARTESIAN_POINT ( 'NONE',  ( -0.7470478361795633848, 0.06408646833409728516, -0.9375000000000000000 ) ) ;
#206 = ORIENTED_EDGE ( 'NONE', *, *, #704, .T. ) ;
#207 = CARTESIAN_POINT ( 'NONE',  ( 1.234662790606166238, 0.08461759514504907376, -0.9888131385504626003 ) ) ;
#208 =( NAMED_UNIT ( * ) PLANE_ANGLE_UNIT ( ) SI_UNIT ( $, .RADIAN. ) );
#209 = PRESENTATION_STYLE_ASSIGNMENT (( #445 ) ) ;
#210 = CARTESIAN_POINT ( 'NONE',  ( 0.8628092057446986596, 0.08302544860683995498, 1.000000000000000222 ) ) ;
#211 = SURFACE_STYLE_FILL_AREA ( #990 ) ;
#212 = CARTESIAN_POINT ( 'NONE',  ( 1.132401821568482791, 0.06076137563701818067, -1.000000000000000000 ) ) ;
#213 = CARTESIAN_POINT ( 'NONE',  ( -1.208392543589053236, 0.05146667667916964700, 0.9684606886569567807 ) ) ;
#214 = CARTESIAN_POINT ( 'NONE',  ( -1.067975120343537254, 0.1595371038549044662, 1.000000000000000222 ) ) ;
#215 = EDGE_CURVE ( 'NONE', #1131, #370, #978, .T. ) ;
#216 = CARTESIAN_POINT ( 'NONE',  ( -1.285688283982492575, 0.08335629955854605144, -0.9741116523516815118 ) ) ;
#217 = ORIENTED_EDGE ( 'NONE', *, *, #13, .F. ) ;
#218 = DIRECTION ( 'NONE',  ( 1.000000000000000000, 0.000000000000000000, 0.000000000000000000 ) ) ;
#219 =( LENGTH_UNIT ( ) NAMED_UNIT ( * ) SI_UNIT ( .MILLI., .METRE. ) );
#220 = STYLED_ITEM ( 'NONE', ( #587 ), #348 ) ;
#221 =( GEOMETRIC_REPRESENTATION_CONTEXT ( 3 ) GLOBAL_UNCERTAINTY_ASSIGNED_CONTEXT ( ( #1382 ) ) GLOBAL_UNIT_ASSIGNED_CONTEXT ( ( #868, #675, #1117 ) ) REPRESENTATION_CONTEXT ( 'NONE', 'WORKASPACE' ) );
#222 = MECHANICAL_DESIGN_GEOMETRIC_PRESENTATION_REPRESENTATION (  '', ( #465 ), #78 ) ;
#223 = PRESENTATION_LAYER_ASSIGNMENT (  '', '', ( #1398 ) ) ;
#224 = FILL_AREA_STYLE_COLOUR ( '', #1337 ) ;
#225 = ORIENTED_EDGE ( 'NONE', *, *, #272, .T. ) ;
#226 = DIRECTION ( 'NONE',  ( 1.000000000000000000, 0.000000000000000000, -0.000000000000000000 ) ) ;
#227 = ORIENTED_EDGE ( 'NONE', *, *, #390, .F. ) ;
#228 = DIRECTION ( 'NONE',  ( 0.000000000000000000, 0.000000000000000000, 1.000000000000000000 ) ) ;
#229 =( NAMED_UNIT ( * ) PLANE_ANGLE_UNIT ( ) SI_UNIT ( $, .RADIAN. ) );
#230 = ADVANCED_FACE ( 'NONE', ( #917 ), #339, .T. ) ;
#231 = DIRECTION ( 'NONE',  ( 0.000000000000000000, -0.000000000000000000, -1.000000000000000000 ) ) ;
#232 = ORIENTED_EDGE ( 'NONE', *, *, #215, .F. ) ;
#233 = FILL_AREA_STYLE_COLOUR ( '', #239 ) ;
#234 = DIRECTION ( 'NONE',  ( 1.000000000000000000, 0.000000000000000000, -0.000000000000000000 ) ) ;
#235 = DIRECTION ( 'NONE',  ( 1.000000000000000000, 0.000000000000000000, -0.000000000000000000 ) ) ;
#236 = COLOUR_RGB ( '',0.000000000000000000, 0.000000000000000000, 0.000000000000000000 ) ;
#237 =( NAMED_UNIT ( * ) SI_UNIT ( $, .STERADIAN. ) SOLID_ANGLE_UNIT ( ) );
#238 = PRESENTATION_LAYER_ASSIGNMENT (  '', '', ( #56 ) ) ;
#239 = COLOUR_RGB ( '',0.2862745098039215508, 0.2862745098039215508, 0.2862745098039215508 ) ;
#240 = PRESENTATION_LAYER_ASSIGNMENT (  '', '', ( #385 ) ) ;
#241 = PRESENTATION_STYLE_ASSIGNMENT (( #1254 ) ) ;
#242 = COLOUR_RGB ( '',0.000000000000000000, 0.000000000000000000, 0.000000000000000000 ) ;
#243 = SURFACE_STYLE_USAGE ( .BOTH. , #914 ) ;
#244 = FILL_AREA_STYLE_COLOUR ( '', #1329 ) ;
#245 = ORIENTED_EDGE ( 'NONE', *, *, #597, .T. ) ;
#246 = FILL_AREA_STYLE_COLOUR ( '', #553 ) ;
#247 = CARTESIAN_POINT ( 'NONE',  ( 1.250000000000000222, 1.000000000000000000, 1.000000000000000222 ) ) ;
#248 = DIRECTION ( 'NONE',  ( 1.000000000000000000, 0.000000000000000000, 0.000000000000000000 ) ) ;
#249 = FILL_AREA_STYLE_COLOUR ( '', #1127 ) ;
#250 = ORIENTED_EDGE ( 'NONE', *, *, #1057, .F. ) ;
#251 = DIRECTION ( 'NONE',  ( 0.000000000000000000, 0.000000000000000000, 1.000000000000000000 ) ) ;
#252 = EDGE_CURVE ( 'NONE', #1102, #1402, #346, .T. ) ;
#253 = SURFACE_STYLE_FILL_AREA ( #1173 ) ;
#254 = UNCERTAINTY_MEASURE_WITH_UNIT (LENGTH_MEASURE( 1.000000000000000082E-05 ), #906, 'distance_accuracy_value', 'NONE');
#255 = PRESENTATION_STYLE_ASSIGNMENT (( #857 ) ) ;
#256 = FACE_OUTER_BOUND ( 'NONE', #6, .T. ) ;
#257 =( NAMED_UNIT ( * ) SI_UNIT ( $, .STERADIAN. ) SOLID_ANGLE_UNIT ( ) );
#258 = AXIS2_PLACEMENT_3D ( 'NONE', #992, #1111, #877 ) ;
#259 = SHAPE_DEFINITION_REPRESENTATION ( #915, #1439 ) ;
#260 =( LENGTH_UNIT ( ) NAMED_UNIT ( * ) SI_UNIT ( .MILLI., .METRE. ) );
#261 = VECTOR ( 'NONE', #903, 1000.000000000000000 ) ;
#262 = ORIENTED_EDGE ( 'NONE', *, *, #1311, .F. ) ;
#263 = SURFACE_STYLE_USAGE ( .BOTH. , #1175 ) ;
#264 = LINE ( 'NONE', #728, #109 ) ;
#265 =( BOUNDED_SURFACE ( )  B_SPLINE_SURFACE ( 3, 3, ( 
 ( #1342, #1435, #305, #205 ),
 ( #216, #1313, #291, #1001 ),
 ( #667, #1442, #1455, #1157 ),
 ( #351, #19, #333, #3 ) ),
 .UNSPECIFIED., .F., .F., .F. ) 
 B_SPLINE_SURFACE_WITH_KNOTS ( ( 4, 4 ),
 ( 4, 4 ),
 ( 0.000000000000000000, 1.000000000000000000 ),
 ( 0.000000000000000000, 1.000000000000000000 ),
 .UNSPECIFIED. ) 
 GEOMETRIC_REPRESENTATION_ITEM ( )  RATIONAL_B_SPLINE_SURFACE ( (
 ( 1.000000000000000000, 0.9078541874710318593, 0.9078541874710318593, 1.000000000000000000),
 ( 0.8047378541243652705, 0.7305846306832574077, 0.7305846306832574077, 0.8047378541243652705),
 ( 0.8047378541243652705, 0.7305846306832574077, 0.7305846306832574077, 0.8047378541243652705),
 ( 1.000000000000000000, 0.9078541874710318593, 0.9078541874710318593, 1.000000000000000000) ) ) 
 REPRESENTATION_ITEM ( '' )  SURFACE ( )  );
#266 = SURFACE_SIDE_STYLE ('',( #813 ) ) ;
#267 = VERTEX_POINT ( 'NONE', #1220 ) ;
#268 = SURFACE_STYLE_FILL_AREA ( #1067 ) ;
#269 = CARTESIAN_POINT ( 'NONE',  ( 1.000000000000000222, 0.5312499999999996669, -1.573673742208931525 ) ) ;
#270 =( LENGTH_UNIT ( ) NAMED_UNIT ( * ) SI_UNIT ( .MILLI., .METRE. ) );
#271 =( NAMED_UNIT ( * ) PLANE_ANGLE_UNIT ( ) SI_UNIT ( $, .RADIAN. ) );
#272 = EDGE_CURVE ( 'NONE', #947, #710, #580, .T. ) ;
#273 = CARTESIAN_POINT ( 'NONE',  ( -0.7500000000000006661, 0.06250000000000000000, 1.000000000000000222 ) ) ;
#274 = EDGE_LOOP ( 'NONE', ( #884, #1135, #1218, #940, #1085, #551 ) ) ;
#275 = CARTESIAN_POINT ( 'NONE',  ( -1.067975120343537254, 0.1595371038549044662, 1.000000000000000222 ) ) ;
#276 = LINE ( 'NONE', #827, #482 ) ;
#277 = CARTESIAN_POINT ( 'NONE',  ( 0.9249181564712384285, -0.002784114644938595878, 1.000000000000000444 ) ) ;
#278 = LINE ( 'NONE', #646, #1253 ) ;
#279 = STYLED_ITEM ( 'NONE', ( #662 ), #439 ) ;
#280 = ADVANCED_FACE ( 'NONE', ( #558 ), #1006, .F. ) ;
#281 = AXIS2_PLACEMENT_3D ( 'NONE', #366, #1377, #1370 ) ;
#282 = ORIENTED_EDGE ( 'NONE', *, *, #1029, .F. ) ;
#283 = CARTESIAN_POINT ( 'NONE',  ( -0.7529560942276094515, 0.06285884466105452761, 0.9519867803177147758 ) ) ;
#284 = CIRCLE ( 'NONE', #1211, 0.9442026227640298863 ) ;
#285 = DIRECTION ( 'NONE',  ( -1.000000000000000000, 0.000000000000000000, 0.000000000000000000 ) ) ;
#286 = STYLED_ITEM ( 'NONE', ( #530 ), #901 ) ;
#287 =( GEOMETRIC_REPRESENTATION_CONTEXT ( 3 ) GLOBAL_UNCERTAINTY_ASSIGNED_CONTEXT ( ( #929 ) ) GLOBAL_UNIT_ASSIGNED_CONTEXT ( ( #525, #970, #1415 ) ) REPRESENTATION_CONTEXT ( 'NONE', 'WORKASPACE' ) );
#288 = CARTESIAN_POINT ( 'NONE',  ( -1.249579735593369767, 0.1344672911011068062, -1.000000000000000000 ) ) ;
#289 = DIRECTION ( 'NONE',  ( 1.000000000000000000, 0.000000000000000000, 0.000000000000000000 ) ) ;
#290 = PLANE ( 'NONE',  #954 ) ;
#291 = CARTESIAN_POINT ( 'NONE',  ( -0.9210719111965841588, -0.03014127708822025159, -0.9741116523516815118 ) ) ;
#292 = CARTESIAN_POINT ( 'NONE',  ( -1.067975120343537254, 0.1595371038549044662, -0.9999999999999997780 ) ) ;
#293 = CARTESIAN_POINT ( 'NONE',  ( 0.7470478361795641620, 0.06408646833409685495, -0.9741116523516815118 ) ) ;
#294 = ORIENTED_EDGE ( 'NONE', *, *, #709, .T. ) ;
#295 = CARTESIAN_POINT ( 'NONE',  ( 0.7716177753830321118, 0.06532047965806581091, -0.9752442275284242124 ) ) ;
#296 = FACE_OUTER_BOUND ( 'NONE', #661, .T. ) ;
#297 = SURFACE_SIDE_STYLE ('',( #211 ) ) ;
#298 = EDGE_CURVE ( 'NONE', #1003, #51, #1395, .T. ) ;
#299 =( LENGTH_UNIT ( ) NAMED_UNIT ( * ) SI_UNIT ( .MILLI., .METRE. ) );
#300 = ORIENTED_EDGE ( 'NONE', *, *, #449, .T. ) ;
#301 = MECHANICAL_DESIGN_GEOMETRIC_PRESENTATION_REPRESENTATION (  '', ( #949 ), #430 ) ;
#302 = CARTESIAN_POINT ( 'NONE',  ( 0.7548258623209302964, 0.06308881101228970556, -0.9565012161415998859 ) ) ;
#303 = STYLED_ITEM ( 'NONE', ( #985 ), #650 ) ;
#304 = DIRECTION ( 'NONE',  ( -0.000000000000000000, -0.000000000000000000, -1.000000000000000000 ) ) ;
#305 = CARTESIAN_POINT ( 'NONE',  ( -0.9210719111965841588, -0.03014127708822025853, -0.9375000000000000000 ) ) ;
#306 =( GEOMETRIC_REPRESENTATION_CONTEXT ( 3 ) GLOBAL_UNCERTAINTY_ASSIGNED_CONTEXT ( ( #499 ) ) GLOBAL_UNIT_ASSIGNED_CONTEXT ( ( #878, #618, #753 ) ) REPRESENTATION_CONTEXT ( 'NONE', 'WORKASPACE' ) );
#307 = AXIS2_PLACEMENT_3D ( 'NONE', #696, #595, #1146 ) ;
#308 = EDGE_LOOP ( 'NONE', ( #893, #855, #227, #1039 ) ) ;
#309 = CARTESIAN_POINT ( 'NONE',  ( 0.8628092057446986596, 0.08302544860683994110, -1.000000000000000000 ) ) ;
#310 =( GEOMETRIC_REPRESENTATION_CONTEXT ( 3 ) GLOBAL_UNCERTAINTY_ASSIGNED_CONTEXT ( ( #1267 ) ) GLOBAL_UNIT_ASSIGNED_CONTEXT ( ( #260, #33, #1392 ) ) REPRESENTATION_CONTEXT ( 'NONE', 'WORKASPACE' ) );
#311 = MECHANICAL_DESIGN_GEOMETRIC_PRESENTATION_REPRESENTATION (  '', ( #1398 ), #604 ) ;
#312 = SURFACE_STYLE_FILL_AREA ( #571 ) ;
#313 = EDGE_LOOP ( 'NONE', ( #1232, #963, #733, #203 ) ) ;
#314 = CARTESIAN_POINT ( 'NONE',  ( 0.8628092057446986596, 0.08302544860683994110, -1.000000000000000000 ) ) ;
#315 =( NAMED_UNIT ( * ) PLANE_ANGLE_UNIT ( ) SI_UNIT ( $, .RADIAN. ) );
#316 = CYLINDRICAL_SURFACE ( 'NONE', #464, 0.9442026227640298863 ) ;
#317 = EDGE_CURVE ( 'NONE', #1003, #386, #488, .T. ) ;
#318 = CARTESIAN_POINT ( 'NONE',  ( -1.213611952562422491, 0.05651147488198567798, 0.9724078701522841373 ) ) ;
#319 = CARTESIAN_POINT ( 'NONE',  ( 0.6376953125000003331, 1.000000000000000222, -1.573673742208931525 ) ) ;
#320 = PRODUCT ( 'MAKK2520H1R0M', 'MAKK2520H1R0M', '', ( #1171 ) ) ;
#321 = CARTESIAN_POINT ( 'NONE',  ( -0.7500000000000006661, 0.06250000000000002776, -1.000000000000000000 ) ) ;
#322 = B_SPLINE_CURVE_WITH_KNOTS ( 'NONE', 3,
 ( #1048, #1276, #922, #812 ),
 .UNSPECIFIED., .F., .F.,
 ( 4, 4 ),
 ( 0.000000000000000000, 1.000000000000000000 ),
 .UNSPECIFIED. ) ;
#323 =( BOUNDED_CURVE ( )  B_SPLINE_CURVE ( 3, ( #635, #173, #143, #750 ),
 .UNSPECIFIED., .F., .F. ) 
 B_SPLINE_CURVE_WITH_KNOTS ( ( 4, 4 ),
 ( 0.000000000000000000, 1.000000000000000000 ),
 .UNSPECIFIED. ) 
 CURVE ( )  GEOMETRIC_REPRESENTATION_ITEM ( )  RATIONAL_B_SPLINE_CURVE ( ( 1.000000000000000000, 0.9395189745965861761, 0.9395189745965861761, 1.000000000000000000 ) ) 
 REPRESENTATION_ITEM ( '' )  );
#324 = ORIENTED_EDGE ( 'NONE', *, *, #555, .F. ) ;
#325 = DIRECTION ( 'NONE',  ( 0.000000000000000000, 0.000000000000000000, 1.000000000000000000 ) ) ;
#326 = B_SPLINE_CURVE_WITH_KNOTS ( 'NONE', 3,
 ( #210, #528, #971, #446, #797, #1378 ),
 .UNSPECIFIED., .F., .F.,
 ( 4, 2, 4 ),
 ( 0.000000000000000000, 7.062188273458825250E-05, 0.0001412437654691765050 ),
 .UNSPECIFIED. ) ;
#327 = SURFACE_SIDE_STYLE ('',( #900 ) ) ;
#328 = ADVANCED_FACE ( 'NONE', ( #367 ), #1150, .T. ) ;
#329 = FILL_AREA_STYLE_COLOUR ( '', #242 ) ;
#330 = CARTESIAN_POINT ( 'NONE',  ( 0.8628092057446986596, 0.08302544860683995498, 1.000000000000000222 ) ) ;
#331 = AXIS2_PLACEMENT_3D ( 'NONE', #119, #345, #807 ) ;
#332 = APPLICATION_PROTOCOL_DEFINITION ( 'draft international standard', 'automotive_design', 1998, #147 ) ;
#333 = CARTESIAN_POINT ( 'NONE',  ( -0.9303575687028683427, 0.03590475551039370300, -1.000000000000000000 ) ) ;
#334 = ORIENTED_EDGE ( 'NONE', *, *, #156, .F. ) ;
#335 = LINE ( 'NONE', #800, #126 ) ;
#336 = SURFACE_STYLE_USAGE ( .BOTH. , #895 ) ;
#337 = CIRCLE ( 'NONE', #407, 0.9442026227640299973 ) ;
#338 = PRESENTATION_LAYER_ASSIGNMENT (  '', '', ( #601 ) ) ;
#339 = PLANE ( 'NONE',  #389 ) ;
#340 =( GEOMETRIC_REPRESENTATION_CONTEXT ( 3 ) GLOBAL_UNCERTAINTY_ASSIGNED_CONTEXT ( ( #133 ) ) GLOBAL_UNIT_ASSIGNED_CONTEXT ( ( #453, #904, #1270 ) ) REPRESENTATION_CONTEXT ( 'NONE', 'WORKASPACE' ) );
#341 = VECTOR ( 'NONE', #1249, 1000.000000000000000 ) ;
#342 = ORIENTED_EDGE ( 'NONE', *, *, #946, .F. ) ;
#343 = PLANE ( 'NONE',  #37 ) ;
#344 = EDGE_CURVE ( 'NONE', #376, #1108, #322, .T. ) ;
#345 = DIRECTION ( 'NONE',  ( -0.000000000000000000, -0.000000000000000000, -1.000000000000000000 ) ) ;
#346 = LINE ( 'NONE', #1121, #341 ) ;
#347 = CARTESIAN_POINT ( 'NONE',  ( -1.218165540398585600, 0.06134280195493478638, 0.9758962991469068982 ) ) ;
#348 = ADVANCED_FACE ( 'NONE', ( #135 ), #157, .F. ) ;
#349 = CARTESIAN_POINT ( 'NONE',  ( -0.6376953125000003331, 1.000000000000000222, -1.000000000000000000 ) ) ;
#350 = CARTESIAN_POINT ( 'NONE',  ( 1.250000000000000222, 0.2812499999999999445, 1.000000000000000222 ) ) ;
#351 = CARTESIAN_POINT ( 'NONE',  ( -1.252077897631611147, 0.1360496760810700201, -1.000000000000000000 ) ) ;
#352 = PRESENTATION_LAYER_ASSIGNMENT (  '', '', ( #167 ) ) ;
#353 = PRESENTATION_STYLE_ASSIGNMENT (( #29 ) ) ;
#354 = DIRECTION ( 'NONE',  ( -1.000000000000000000, 2.168404344971008560E-17, 0.000000000000000000 ) ) ;
#355 = STYLED_ITEM ( 'NONE', ( #440 ), #672 ) ;
#356 = VECTOR ( 'NONE', #815, 1000.000000000000000 ) ;
#357 =( GEOMETRIC_REPRESENTATION_CONTEXT ( 3 ) GLOBAL_UNCERTAINTY_ASSIGNED_CONTEXT ( ( #942 ) ) GLOBAL_UNIT_ASSIGNED_CONTEXT ( ( #542, #1138, #1350 ) ) REPRESENTATION_CONTEXT ( 'NONE', 'WORKASPACE' ) );
#358 = MECHANICAL_DESIGN_GEOMETRIC_PRESENTATION_REPRESENTATION (  '', ( #174 ), #506 ) ;
#359 =( GEOMETRIC_REPRESENTATION_CONTEXT ( 3 ) GLOBAL_UNCERTAINTY_ASSIGNED_CONTEXT ( ( #1152 ) ) GLOBAL_UNIT_ASSIGNED_CONTEXT ( ( #518, #87, #1326 ) ) REPRESENTATION_CONTEXT ( 'NONE', 'WORKASPACE' ) );
#360 =( NAMED_UNIT ( * ) SI_UNIT ( $, .STERADIAN. ) SOLID_ANGLE_UNIT ( ) );
#361 = VECTOR ( 'NONE', #1324, 1000.000000000000000 ) ;
#362 = ORIENTED_EDGE ( 'NONE', *, *, #919, .T. ) ;
#363 = UNCERTAINTY_MEASURE_WITH_UNIT (LENGTH_MEASURE( 1.000000000000000082E-05 ), #1248, 'distance_accuracy_value', 'NONE');
#364 = UNCERTAINTY_MEASURE_WITH_UNIT (LENGTH_MEASURE( 1.000000000000000082E-05 ), #1388, 'distance_accuracy_value', 'NONE');
#365 = CARTESIAN_POINT ( 'NONE',  ( 1.250000000000000222, 1.000000000000000000, 1.000000000000000222 ) ) ;
#366 = CARTESIAN_POINT ( 'NONE',  ( -1.000000000000000222, 0.5312499999999996669, -0.9375000000000003331 ) ) ;
#367 = FACE_OUTER_BOUND ( 'NONE', #158, .T. ) ;
#368 = DIRECTION ( 'NONE',  ( -0.000000000000000000, 0.000000000000000000, 1.000000000000000000 ) ) ;
#369 = EDGE_CURVE ( 'NONE', #1144, #1131, #278, .T. ) ;
#370 = VERTEX_POINT ( 'NONE', #1072 ) ;
#371 = CARTESIAN_POINT ( 'NONE',  ( -0.6376953125000003331, 1.000000000000000222, -1.000000000000000000 ) ) ;
#372 = CARTESIAN_POINT ( 'NONE',  ( 1.250000000000000222, 0.1447088475983443201, -1.573673742208931525 ) ) ;
#373 = PLANE ( 'NONE',  #631 ) ;
#374 =( NAMED_UNIT ( * ) SI_UNIT ( $, .STERADIAN. ) SOLID_ANGLE_UNIT ( ) );
#375 = PRESENTATION_STYLE_ASSIGNMENT (( #825 ) ) ;
#376 = VERTEX_POINT ( 'NONE', #870 ) ;
#377 = CARTESIAN_POINT ( 'NONE',  ( -1.250000000000000222, 0.2812499999999998890, 1.000000000000000222 ) ) ;
#378 = LINE ( 'NONE', #1298, #1129 ) ;
#379 = UNCERTAINTY_MEASURE_WITH_UNIT (LENGTH_MEASURE( 1.000000000000000082E-05 ), #1389, 'distance_accuracy_value', 'NONE');
#380 = FILL_AREA_STYLE ('',( #1390 ) ) ;
#381 = SURFACE_STYLE_USAGE ( .BOTH. , #945 ) ;
#382 = FILL_AREA_STYLE_COLOUR ( '', #199 ) ;
#383 =( GEOMETRIC_REPRESENTATION_CONTEXT ( 3 ) GLOBAL_UNCERTAINTY_ASSIGNED_CONTEXT ( ( #1176 ) ) GLOBAL_UNIT_ASSIGNED_CONTEXT ( ( #178, #271, #766 ) ) REPRESENTATION_CONTEXT ( 'NONE', 'WORKASPACE' ) );
#384 = MECHANICAL_DESIGN_GEOMETRIC_PRESENTATION_REPRESENTATION (  '', ( #655 ), #221 ) ;
#385 = STYLED_ITEM ( 'NONE', ( #873 ), #1047 ) ;
#386 = VERTEX_POINT ( 'NONE', #1090 ) ;
#387 = CARTESIAN_POINT ( 'NONE',  ( 0.6376953125000003331, 1.000000000000000222, 1.000000000000000222 ) ) ;
#388 = CLOSED_SHELL ( 'NONE', ( #1065, #650, #230, #413, #130, #1286, #644, #1047 ) ) ;
#389 = AXIS2_PLACEMENT_3D ( 'NONE', #803, #995, #125 ) ;
#390 = EDGE_CURVE ( 'NONE', #386, #422, #284, .T. ) ;
#391 = FILL_AREA_STYLE_COLOUR ( '', #928 ) ;
#392 = FILL_AREA_STYLE ('',( #974 ) ) ;
#393 =( NAMED_UNIT ( * ) PLANE_ANGLE_UNIT ( ) SI_UNIT ( $, .RADIAN. ) );
#394 = VERTEX_POINT ( 'NONE', #292 ) ;
#395 = PRESENTATION_STYLE_ASSIGNMENT (( #633 ) ) ;
#396 = DIRECTION ( 'NONE',  ( -0.000000000000000000, -0.000000000000000000, -1.000000000000000000 ) ) ;
#397 = UNCERTAINTY_MEASURE_WITH_UNIT (LENGTH_MEASURE( 1.000000000000000082E-05 ), #219, 'distance_accuracy_value', 'NONE');
#398 = EDGE_CURVE ( 'NONE', #763, #425, #521, .T. ) ;
#399 = CARTESIAN_POINT ( 'NONE',  ( -1.252077897631611147, 0.1360496760810700201, 1.000000000000000222 ) ) ;
#400 = ORIENTED_EDGE ( 'NONE', *, *, #966, .T. ) ;
#401 =( NAMED_UNIT ( * ) PLANE_ANGLE_UNIT ( ) SI_UNIT ( $, .RADIAN. ) );
#402 = FILL_AREA_STYLE ('',( #1323 ) ) ;
#403 = CARTESIAN_POINT ( 'NONE',  ( 0.7768069142760861689, 0.1190468838242031008, -1.000000000000000000 ) ) ;
#404 = PRESENTATION_LAYER_ASSIGNMENT (  '', '', ( #887 ) ) ;
#405 = EDGE_LOOP ( 'NONE', ( #969, #1340, #507, #1272 ) ) ;
#406 = AXIS2_PLACEMENT_3D ( 'NONE', #162, #721, #1170 ) ;
#407 = AXIS2_PLACEMENT_3D ( 'NONE', #165, #154, #609 ) ;
#408 = FACE_OUTER_BOUND ( 'NONE', #1066, .T. ) ;
#409 = STYLED_ITEM ( 'NONE', ( #1265 ), #939 ) ;
#410 = COLOUR_RGB ( '',0.7529411764705882248, 0.7529411764705882248, 0.7529411764705882248 ) ;
#411 = CARTESIAN_POINT ( 'NONE',  ( 0.9303575687028682317, 0.03590475551039399443, 1.000000000000000222 ) ) ;
#412 = CARTESIAN_POINT ( 'NONE',  ( 0.6376953125000003331, 1.000000000000000222, -1.000000000000000000 ) ) ;
#413 = ADVANCED_FACE ( 'NONE', ( #743 ), #533, .F. ) ;
#414 = ORIENTED_EDGE ( 'NONE', *, *, #1331, .F. ) ;
#415 = FACE_OUTER_BOUND ( 'NONE', #418, .T. ) ;
#416 = FILL_AREA_STYLE_COLOUR ( '', #977 ) ;
#417 = DIRECTION ( 'NONE',  ( 0.000000000000000000, 0.000000000000000000, 1.000000000000000000 ) ) ;
#418 = EDGE_LOOP ( 'NONE', ( #72, #1317, #1264, #151, #864, #471 ) ) ;
#419 = SURFACE_STYLE_USAGE ( .BOTH. , #1430 ) ;
#420 = PRODUCT_DEFINITION_CONTEXT ( 'detailed design', #1365, 'design' ) ;
#421 =( NAMED_UNIT ( * ) SI_UNIT ( $, .STERADIAN. ) SOLID_ANGLE_UNIT ( ) );
#422 = VERTEX_POINT ( 'NONE', #982 ) ;
#423 = FACE_OUTER_BOUND ( 'NONE', #196, .T. ) ;
#424 = ADVANCED_FACE ( 'NONE', ( #70 ), #1063, .T. ) ;
#425 = VERTEX_POINT ( 'NONE', #198 ) ;
#426 = CARTESIAN_POINT ( 'NONE',  ( -1.125000000000000444, 0.1447088475983442923, 1.000000000000000222 ) ) ;
#427 = CARTESIAN_POINT ( 'NONE',  ( 1.250000000000000222, 1.000000000000000000, -0.9999999999999997780 ) ) ;
#428 = DIRECTION ( 'NONE',  ( -0.000000000000000000, -0.000000000000000000, -1.000000000000000000 ) ) ;
#429 = ORIENTED_EDGE ( 'NONE', *, *, #390, .T. ) ;
#430 =( GEOMETRIC_REPRESENTATION_CONTEXT ( 3 ) GLOBAL_UNCERTAINTY_ASSIGNED_CONTEXT ( ( #623 ) ) GLOBAL_UNIT_ASSIGNED_CONTEXT ( ( #610, #146, #374 ) ) REPRESENTATION_CONTEXT ( 'NONE', 'WORKASPACE' ) );
#431 = FILL_AREA_STYLE ('',( #416 ) ) ;
#432 = SURFACE_STYLE_USAGE ( .BOTH. , #1328 ) ;
#433 = AXIS2_PLACEMENT_3D ( 'NONE', #1005, #981, #1457 ) ;
#434 = AXIS2_PLACEMENT_3D ( 'NONE', #247, #48, #1036 ) ;
#435 =( BOUNDED_SURFACE ( )  B_SPLINE_SURFACE ( 3, 3, ( 
 ( #1202, #411, #1071, #1300 ),
 ( #960, #277, #1406, #851 ),
 ( #185, #742, #859, #752 ),
 ( #1189, #177, #611, #637 ) ),
 .UNSPECIFIED., .F., .F., .F. ) 
 B_SPLINE_SURFACE_WITH_KNOTS ( ( 4, 4 ),
 ( 4, 4 ),
 ( 0.000000000000000000, 1.000000000000000000 ),
 ( 0.000000000000000000, 1.000000000000000000 ),
 .UNSPECIFIED. ) 
 GEOMETRIC_REPRESENTATION_ITEM ( )  RATIONAL_B_SPLINE_SURFACE ( (
 ( 1.000000000000000000, 0.9078541874710320814, 0.9078541874710320814, 1.000000000000000000),
 ( 0.8047378541243652705, 0.7305846306832576298, 0.7305846306832576298, 0.8047378541243652705),
 ( 0.8047378541243652705, 0.7305846306832576298, 0.7305846306832576298, 0.8047378541243652705),
 ( 1.000000000000000000, 0.9078541874710320814, 0.9078541874710320814, 1.000000000000000000) ) ) 
 REPRESENTATION_ITEM ( '' )  SURFACE ( )  );
#436 = MECHANICAL_DESIGN_GEOMETRIC_PRESENTATION_REPRESENTATION (  '', ( #817 ), #1359 ) ;
#437 = COLOUR_RGB ( '',0.000000000000000000, 0.000000000000000000, 0.000000000000000000 ) ;
#438 = ORIENTED_EDGE ( 'NONE', *, *, #1029, .T. ) ;
#439 = ADVANCED_FACE ( 'NONE', ( #993 ), #1437, .T. ) ;
#440 = PRESENTATION_STYLE_ASSIGNMENT (( #548 ) ) ;
#441 = PRESENTATION_LAYER_ASSIGNMENT (  '', '', ( #16 ) ) ;
#442 = PRESENTATION_LAYER_ASSIGNMENT (  '', '', ( #582 ) ) ;
#443 = CARTESIAN_POINT ( 'NONE',  ( -0.6376953125000003331, 0.06250000000000005551, 1.000000000000000222 ) ) ;
#444 = VERTEX_POINT ( 'NONE', #427 ) ;
#445 = SURFACE_STYLE_USAGE ( .BOTH. , #1205 ) ;
#446 = CARTESIAN_POINT ( 'NONE',  ( 0.7729384357536943639, 0.06527219122867780610, 0.9788232340188876002 ) ) ;
#447 = VERTEX_POINT ( 'NONE', #1016 ) ;
#448 =( NAMED_UNIT ( * ) PLANE_ANGLE_UNIT ( ) SI_UNIT ( $, .RADIAN. ) );
#449 = EDGE_CURVE ( 'NONE', #267, #1229, #1188, .T. ) ;
#450 = FILL_AREA_STYLE ('',( #1458 ) ) ;
#451 = ORIENTED_EDGE ( 'NONE', *, *, #252, .T. ) ;
#452 = LINE ( 'NONE', #1353, #261 ) ;
#453 =( LENGTH_UNIT ( ) NAMED_UNIT ( * ) SI_UNIT ( .MILLI., .METRE. ) );
#454 = ORIENTED_EDGE ( 'NONE', *, *, #1331, .T. ) ;
#455 = CARTESIAN_POINT ( 'NONE',  ( -1.250000000000000222, 1.000000000000000000, -1.000000000000000000 ) ) ;
#456 = PLANE ( 'NONE',  #1183 ) ;
#457 = CARTESIAN_POINT ( 'NONE',  ( 1.213453813836045114, 0.05448371389014088767, -0.9724494952914912727 ) ) ;
#458 = ORIENTED_EDGE ( 'NONE', *, *, #113, .T. ) ;
#459 = FACE_OUTER_BOUND ( 'NONE', #1456, .T. ) ;
#460 = ORIENTED_EDGE ( 'NONE', *, *, #779, .T. ) ;
#461 = PRESENTATION_LAYER_ASSIGNMENT (  '', '', ( #1070 ) ) ;
#462 = FILL_AREA_STYLE ('',( #246 ) ) ;
#463 = CARTESIAN_POINT ( 'NONE',  ( -0.7729384357536953631, 0.06527219122867806977, -0.9788232340188873781 ) ) ;
#464 = AXIS2_PLACEMENT_3D ( 'NONE', #1427, #1320, #1128 ) ;
#465 = STYLED_ITEM ( 'NONE', ( #395 ), #986 ) ;
#466 = LINE ( 'NONE', #443, #916 ) ;
#467 = MECHANICAL_DESIGN_GEOMETRIC_PRESENTATION_REPRESENTATION (  '', ( #1400 ), #802 ) ;
#468 = PRESENTATION_STYLE_ASSIGNMENT (( #23 ) ) ;
#469 = EDGE_CURVE ( 'NONE', #112, #163, #85, .T. ) ;
#470 = CYLINDRICAL_SURFACE ( 'NONE', #933, 0.9442026227640298863 ) ;
#471 = ORIENTED_EDGE ( 'NONE', *, *, #1158, .F. ) ;
#472 = CARTESIAN_POINT ( 'NONE',  ( -1.067975120343537254, 0.1595371038549044662, -1.000000000000000000 ) ) ;
#473 = PRESENTATION_STYLE_ASSIGNMENT (( #690 ) ) ;
#474 = LINE ( 'NONE', #350, #124 ) ;
#475 = AXIS2_PLACEMENT_3D ( 'NONE', #592, #692, #123 ) ;
#476 = ADVANCED_FACE ( 'NONE', ( #98 ), #456, .T. ) ;
#477 = COLOUR_RGB ( '',0.7529411764705882248, 0.7529411764705882248, 0.7529411764705882248 ) ;
#478 = DIRECTION ( 'NONE',  ( 0.000000000000000000, 0.000000000000000000, 1.000000000000000000 ) ) ;
#479 = AXIS2_PLACEMENT_3D ( 'NONE', #1136, #228, #116 ) ;
#480 = SURFACE_STYLE_FILL_AREA ( #1155 ) ;
#481 = PRESENTATION_LAYER_ASSIGNMENT (  '', '', ( #703 ) ) ;
#482 = VECTOR ( 'NONE', #1274, 1000.000000000000000 ) ;
#483 = EDGE_LOOP ( 'NONE', ( #654, #804, #1361, #1 ) ) ;
#484 = CARTESIAN_POINT ( 'NONE',  ( 1.250000000000000222, 0.1447088475983443201, 1.000000000000000222 ) ) ;
#485 = UNCERTAINTY_MEASURE_WITH_UNIT (LENGTH_MEASURE( 1.000000000000000082E-05 ), #1289, 'distance_accuracy_value', 'NONE');
#486 = FILL_AREA_STYLE ('',( #9 ) ) ;
#487 = SURFACE_STYLE_USAGE ( .BOTH. , #40 ) ;
#488 = LINE ( 'NONE', #600, #994 ) ;
#489 = EDGE_CURVE ( 'NONE', #1108, #1102, #1207, .T. ) ;
#490 = CARTESIAN_POINT ( 'NONE',  ( 1.250000000000000222, 0.2812499999999998890, -1.000000000000000000 ) ) ;
#491 = FILL_AREA_STYLE_COLOUR ( '', #748 ) ;
#492 = ORIENTED_EDGE ( 'NONE', *, *, #693, .T. ) ;
#493 = CARTESIAN_POINT ( 'NONE',  ( -0.8294554197310165522, 0.07532795312027067147, 0.9982152973226935400 ) ) ;
#494 = PRESENTATION_STYLE_ASSIGNMENT (( #487 ) ) ;
#495 = SURFACE_STYLE_FILL_AREA ( #1056 ) ;
#496 = EDGE_CURVE ( 'NONE', #1379, #51, #155, .T. ) ;
#497 = ORIENTED_EDGE ( 'NONE', *, *, #84, .F. ) ;
#498 = CARTESIAN_POINT ( 'NONE',  ( -1.249579735593369767, 0.1344672911011068062, -1.000000000000000000 ) ) ;
#499 = UNCERTAINTY_MEASURE_WITH_UNIT (LENGTH_MEASURE( 1.000000000000000082E-05 ), #878, 'distance_accuracy_value', 'NONE');
#500 = DIRECTION ( 'NONE',  ( -0.000000000000000000, -0.000000000000000000, -1.000000000000000000 ) ) ;
#501 = AXIS2_PLACEMENT_3D ( 'NONE', #830, #599, #354 ) ;
#502 =( NAMED_UNIT ( * ) SI_UNIT ( $, .STERADIAN. ) SOLID_ANGLE_UNIT ( ) );
#503 = PRESENTATION_STYLE_ASSIGNMENT (( #419 ) ) ;
#504 = SURFACE_STYLE_USAGE ( .BOTH. , #1290 ) ;
#505 = CIRCLE ( 'NONE', #746, 0.5312499999999997780 ) ;
#506 =( GEOMETRIC_REPRESENTATION_CONTEXT ( 3 ) GLOBAL_UNCERTAINTY_ASSIGNED_CONTEXT ( ( #828 ) ) GLOBAL_UNIT_ASSIGNED_CONTEXT ( ( #1354, #1257, #798 ) ) REPRESENTATION_CONTEXT ( 'NONE', 'WORKASPACE' ) );
#507 = ORIENTED_EDGE ( 'NONE', *, *, #1373, .T. ) ;
#508 = CARTESIAN_POINT ( 'NONE',  ( 1.250000000000000222, 0.2812499999999998890, 1.000000000000000222 ) ) ;
#509 = CARTESIAN_POINT ( 'NONE',  ( -0.7768069142760860579, 0.1190468838242028787, 1.000000000000000222 ) ) ;
#510 = DIRECTION ( 'NONE',  ( 1.000000000000000000, 0.000000000000000000, -0.000000000000000000 ) ) ;
#511 = LINE ( 'NONE', #879, #361 ) ;
#512 = ORIENTED_EDGE ( 'NONE', *, *, #664, .F. ) ;
#513 = CARTESIAN_POINT ( 'NONE',  ( 1.243486579774857992, 0.1000288256231575135, 0.9966360990741311987 ) ) ;
#514 = FACE_OUTER_BOUND ( 'NONE', #129, .T. ) ;
#515 = DIRECTION ( 'NONE',  ( 0.000000000000000000, 0.000000000000000000, 1.000000000000000000 ) ) ;
#516 = CARTESIAN_POINT ( 'NONE',  ( 0.9210719111965846029, -0.03014127708822002955, -0.9741116523516815118 ) ) ;
#517 = EDGE_LOOP ( 'NONE', ( #414, #334, #1325, #564 ) ) ;
#518 =( LENGTH_UNIT ( ) NAMED_UNIT ( * ) SI_UNIT ( .MILLI., .METRE. ) );
#519 = CYLINDRICAL_SURFACE ( 'NONE', #1449, 0.9442026227640299973 ) ;
#520 = CARTESIAN_POINT ( 'NONE',  ( -1.285688283982492575, 0.08335629955854605144, 0.9375000000000003331 ) ) ;
#521 = LINE ( 'NONE', #1399, #836 ) ;
#522 = EDGE_CURVE ( 'NONE', #1007, #447, #1277, .T. ) ;
#523 = AXIS2_PLACEMENT_3D ( 'NONE', #1233, #1010, #565 ) ;
#524 = VERTEX_POINT ( 'NONE', #1154 ) ;
#525 =( LENGTH_UNIT ( ) NAMED_UNIT ( * ) SI_UNIT ( .MILLI., .METRE. ) );
#526 =( BOUNDED_SURFACE ( )  B_SPLINE_SURFACE ( 3, 3, ( 
 ( #179, #871, #1412, #1296 ),
 ( #293, #516, #968, #1212 ),
 ( #737, #760, #202, #663 ),
 ( #403, #861, #1203, #1179 ) ),
 .UNSPECIFIED., .F., .F., .T. ) 
 B_SPLINE_SURFACE_WITH_KNOTS ( ( 4, 4 ),
 ( 4, 4 ),
 ( 0.000000000000000000, 1.000000000000000000 ),
 ( 0.000000000000000000, 1.000000000000000000 ),
 .UNSPECIFIED. ) 
 GEOMETRIC_REPRESENTATION_ITEM ( )  RATIONAL_B_SPLINE_SURFACE ( (
 ( 1.000000000000000000, 0.9078541874710323034, 0.9078541874710323034, 1.000000000000000000),
 ( 0.8047378541243649375, 0.7305846306832574077, 0.7305846306832574077, 0.8047378541243649375),
 ( 0.8047378541243649375, 0.7305846306832574077, 0.7305846306832574077, 0.8047378541243649375),
 ( 1.000000000000000000, 0.9078541874710323034, 0.9078541874710323034, 1.000000000000000000) ) ) 
 REPRESENTATION_ITEM ( '' )  SURFACE ( )  );
#527 = CIRCLE ( 'NONE', #479, 0.9442026227640299973 ) ;
#528 = CARTESIAN_POINT ( 'NONE',  ( 0.8396688571996758776, 0.07734457780830476803, 1.000000000000000000 ) ) ;
#529 = STYLED_ITEM ( 'NONE', ( #468 ), #17 ) ;
#530 = PRESENTATION_STYLE_ASSIGNMENT (( #432 ) ) ;
#531 = VECTOR ( 'NONE', #88, 1000.000000000000000 ) ;
#532 = COLOUR_RGB ( '',0.7529411764705882248, 0.7529411764705882248, 0.7529411764705882248 ) ;
#533 = PLANE ( 'NONE',  #625 ) ;
#534 = CARTESIAN_POINT ( 'NONE',  ( -1.125000000000000444, 0.1447088475983442923, -1.000000000000000000 ) ) ;
#535 = PRODUCT_RELATED_PRODUCT_CATEGORY ( 'part', '', ( #320 ) ) ;
#536 = VERTEX_POINT ( 'NONE', #472 ) ;
#537 = CARTESIAN_POINT ( 'NONE',  ( 0.7529560942276097846, 0.06285884466105469415, -0.9519867803177153309 ) ) ;
#538 =( NAMED_UNIT ( * ) SI_UNIT ( $, .STERADIAN. ) SOLID_ANGLE_UNIT ( ) );
#539 = CARTESIAN_POINT ( 'NONE',  ( -0.6376953125000003331, 1.000000000000000222, 1.000000000000000222 ) ) ;
#540 = ORIENTED_EDGE ( 'NONE', *, *, #1201, .F. ) ;
#541 = CARTESIAN_POINT ( 'NONE',  ( -1.163461538461538547, 0.02577310839783473334, 0.9374999999999998890 ) ) ;
#542 =( LENGTH_UNIT ( ) NAMED_UNIT ( * ) SI_UNIT ( .MILLI., .METRE. ) );
#543 = ORIENTED_EDGE ( 'NONE', *, *, #1004, .T. ) ;
#544 = EDGE_CURVE ( 'NONE', #1144, #524, #1393, .T. ) ;
#545 = SURFACE_STYLE_USAGE ( .BOTH. , #1087 ) ;
#546 = CARTESIAN_POINT ( 'NONE',  ( 1.163461538461538547, 0.02577310839783472987, 0.9374999999999995559 ) ) ;
#547 = VERTEX_POINT ( 'NONE', #921 ) ;
#548 = SURFACE_STYLE_USAGE ( .BOTH. , #1132 ) ;
#549 = FILL_AREA_STYLE ('',( #10 ) ) ;
#550 = DIRECTION ( 'NONE',  ( 1.000000000000000000, 0.000000000000000000, -0.000000000000000000 ) ) ;
#551 = ORIENTED_EDGE ( 'NONE', *, *, #489, .F. ) ;
#552 = CARTESIAN_POINT ( 'NONE',  ( 0.7655364333962123569, 0.06447893391032988308, -0.9703244819441726454 ) ) ;
#553 = COLOUR_RGB ( '',0.7529411764705882248, 0.7529411764705882248, 0.7529411764705882248 ) ;
#554 = AXIS2_PLACEMENT_3D ( 'NONE', #678, #1333, #570 ) ;
#555 = EDGE_CURVE ( 'NONE', #425, #163, #858, .T. ) ;
#556 = MECHANICAL_DESIGN_GEOMETRIC_PRESENTATION_REPRESENTATION (  '', ( #601 ), #287 ) ;
#557 = CYLINDRICAL_SURFACE ( 'NONE', #433, 0.5312499999999997780 ) ;
#558 = FACE_OUTER_BOUND ( 'NONE', #517, .T. ) ;
#559 = ORIENTED_EDGE ( 'NONE', *, *, #833, .F. ) ;
#560 = CARTESIAN_POINT ( 'NONE',  ( 0.6376953125000003331, 1.000000000000000222, -0.9999999999999997780 ) ) ;
#561 = B_SPLINE_CURVE_WITH_KNOTS ( 'NONE', 3,
 ( #719, #46, #643, #513, #1088, #1185 ),
 .UNSPECIFIED., .F., .F.,
 ( 4, 2, 4 ),
 ( 0.000000000000000000, 0.5000000000000000000, 1.000000000000000000 ),
 .UNSPECIFIED. ) ;
#562 = PRESENTATION_STYLE_ASSIGNMENT (( #762 ) ) ;
#563 = B_SPLINE_CURVE_WITH_KNOTS ( 'NONE', 3,
 ( #38, #607, #1053, #856, #718, #498 ),
 .UNSPECIFIED., .F., .F.,
 ( 4, 2, 4 ),
 ( 0.000000000000000000, 0.5000000000000000000, 1.000000000000000000 ),
 .UNSPECIFIED. ) ;
#564 = ORIENTED_EDGE ( 'NONE', *, *, #25, .F. ) ;
#565 = DIRECTION ( 'NONE',  ( -1.000000000000000000, 0.000000000000000000, 0.000000000000000000 ) ) ;
#566 = CARTESIAN_POINT ( 'NONE',  ( 0.9951789304555975768, 0.04251024788434557000, -1.000000000000000000 ) ) ;
#567 = ORIENTED_EDGE ( 'NONE', *, *, #344, .T. ) ;
#568 = ORIENTED_EDGE ( 'NONE', *, *, #1208, .F. ) ;
#569 = DIRECTION ( 'NONE',  ( 0.000000000000000000, 0.000000000000000000, 1.000000000000000000 ) ) ;
#570 = DIRECTION ( 'NONE',  ( 1.000000000000000000, 0.000000000000000000, -0.000000000000000000 ) ) ;
#571 = FILL_AREA_STYLE ('',( #1351 ) ) ;
#572 = EDGE_CURVE ( 'NONE', #1229, #42, #1304, .T. ) ;
#573 = FILL_AREA_STYLE ('',( #329 ) ) ;
#574 = AXIS2_PLACEMENT_3D ( 'NONE', #47, #21, #943 ) ;
#575 = SURFACE_STYLE_FILL_AREA ( #122 ) ;
#576 =( GEOMETRIC_REPRESENTATION_CONTEXT ( 3 ) GLOBAL_UNCERTAINTY_ASSIGNED_CONTEXT ( ( #729 ) ) GLOBAL_UNIT_ASSIGNED_CONTEXT ( ( #270, #401, #502 ) ) REPRESENTATION_CONTEXT ( 'NONE', 'WORKASPACE' ) );
#577 = PRESENTATION_LAYER_ASSIGNMENT (  '', '', ( #172 ) ) ;
#578 = VECTOR ( 'NONE', #585, 1000.000000000000000 ) ;
#579 = AXIS2_PLACEMENT_3D ( 'NONE', #1080, #396, #1068 ) ;
#580 = LINE ( 'NONE', #105, #583 ) ;
#581 = CLOSED_SHELL ( 'NONE', ( #901, #476, #619, #672, #907, #764, #796, #806 ) ) ;
#582 = STYLED_ITEM ( 'NONE', ( #1109 ), #1344 ) ;
#583 = VECTOR ( 'NONE', #428, 1000.000000000000000 ) ;
#584 = CARTESIAN_POINT ( 'NONE',  ( -1.190329986310095123, 0.03750328262248594363, 0.9553658573321404113 ) ) ;
#585 = DIRECTION ( 'NONE',  ( -0.000000000000000000, -1.000000000000000000, 0.000000000000000000 ) ) ;
#586 = DIRECTION ( 'NONE',  ( 0.000000000000000000, 0.000000000000000000, 1.000000000000000000 ) ) ;
#587 = PRESENTATION_STYLE_ASSIGNMENT (( #381 ) ) ;
#588 = FILL_AREA_STYLE ('',( #224 ) ) ;
#589 = EDGE_CURVE ( 'NONE', #536, #115, #1269, .T. ) ;
#590 = UNCERTAINTY_MEASURE_WITH_UNIT (LENGTH_MEASURE( 1.000000000000000082E-05 ), #937, 'distance_accuracy_value', 'NONE');
#591 = PLANE ( 'NONE',  #171 ) ;
#592 = CARTESIAN_POINT ( 'NONE',  ( 1.125000000000000444, 0.1447088475983442923, 1.000000000000000222 ) ) ;
#593 = CARTESIAN_POINT ( 'NONE',  ( 1.250000000000000222, 1.000000000000000000, 1.000000000000000222 ) ) ;
#594 = ORIENTED_EDGE ( 'NONE', *, *, #1057, .T. ) ;
#595 = DIRECTION ( 'NONE',  ( 2.168404344971008560E-17, 1.000000000000000000, -0.000000000000000000 ) ) ;
#596 = LINE ( 'NONE', #1381, #1285 ) ;
#597 = EDGE_CURVE ( 'NONE', #605, #1209, #474, .T. ) ;
#598 = FILL_AREA_STYLE ('',( #1015 ) ) ;
#599 = DIRECTION ( 'NONE',  ( 2.168404344971008560E-17, 1.000000000000000000, -0.000000000000000000 ) ) ;
#600 = CARTESIAN_POINT ( 'NONE',  ( -1.250000000000000222, 0.1595371038549044940, 1.000000000000000222 ) ) ;
#601 = STYLED_ITEM ( 'NONE', ( #209 ), #1065 ) ;
#602 =( GEOMETRIC_REPRESENTATION_CONTEXT ( 3 ) GLOBAL_UNCERTAINTY_ASSIGNED_CONTEXT ( ( #608 ) ) GLOBAL_UNIT_ASSIGNED_CONTEXT ( ( #1098, #393, #1423 ) ) REPRESENTATION_CONTEXT ( 'NONE', 'WORKASPACE' ) );
#603 = AXIS2_PLACEMENT_3D ( 'NONE', #560, #1305, #285 ) ;
#604 =( GEOMETRIC_REPRESENTATION_CONTEXT ( 3 ) GLOBAL_UNCERTAINTY_ASSIGNED_CONTEXT ( ( #697 ) ) GLOBAL_UNIT_ASSIGNED_CONTEXT ( ( #989, #315, #1223 ) ) REPRESENTATION_CONTEXT ( 'NONE', 'WORKASPACE' ) );
#605 = VERTEX_POINT ( 'NONE', #713 ) ;
#606 = CARTESIAN_POINT ( 'NONE',  ( -0.7888610844429979618, 0.06791266281823248041, 0.9861013726753656838 ) ) ;
#607 = CARTESIAN_POINT ( 'NONE',  ( -1.196004997697790673, 0.03629703936677990128, -0.9586489020008868156 ) ) ;
#608 = UNCERTAINTY_MEASURE_WITH_UNIT (LENGTH_MEASURE( 1.000000000000000082E-05 ), #1098, 'distance_accuracy_value', 'NONE');
#609 = DIRECTION ( 'NONE',  ( 1.000000000000000000, 0.000000000000000000, 0.000000000000000000 ) ) ;
#610 =( LENGTH_UNIT ( ) NAMED_UNIT ( * ) SI_UNIT ( .MILLI., .METRE. ) );
#611 = CARTESIAN_POINT ( 'NONE',  ( 1.118842454541727260, -0.02306604720718682944, 0.9375000000000003331 ) ) ;
#612 = FILL_AREA_STYLE_COLOUR ( '', #1280 ) ;
#613 = ADVANCED_FACE ( 'NONE', ( #256 ), #1025, .T. ) ;
#614 = CARTESIAN_POINT ( 'NONE',  ( 0.000000000000000000, 0.000000000000000000, 0.000000000000000000 ) ) ;
#615 =( LENGTH_UNIT ( ) NAMED_UNIT ( * ) SI_UNIT ( .MILLI., .METRE. ) );
#616 = SURFACE_SIDE_STYLE ('',( #1167 ) ) ;
#617 = CARTESIAN_POINT ( 'NONE',  ( -0.7470478361795641620, 0.06408646833409663290, 0.9375000000000003331 ) ) ;
#618 =( NAMED_UNIT ( * ) PLANE_ANGLE_UNIT ( ) SI_UNIT ( $, .RADIAN. ) );
#619 = ADVANCED_FACE ( 'NONE', ( #816 ), #687, .T. ) ;
#620 = ORIENTED_EDGE ( 'NONE', *, *, #1433, .T. ) ;
#621 = CARTESIAN_POINT ( 'NONE',  ( -0.8132583419844219286, 0.07226285214360157749, 0.9939759402710748315 ) ) ;
#622 = DIRECTION ( 'NONE',  ( 0.000000000000000000, 1.000000000000000000, 0.000000000000000000 ) ) ;
#623 = UNCERTAINTY_MEASURE_WITH_UNIT (LENGTH_MEASURE( 1.000000000000000082E-05 ), #610, 'distance_accuracy_value', 'NONE');
#624 = DIRECTION ( 'NONE',  ( -1.000000000000000000, 0.000000000000000000, 0.000000000000000000 ) ) ;
#625 = AXIS2_PLACEMENT_3D ( 'NONE', #412, #166, #510 ) ;
#626 = CARTESIAN_POINT ( 'NONE',  ( -1.113051142017387862, 0.003946332156843987762, 1.000000000000000444 ) ) ;
#627 = CARTESIAN_POINT ( 'NONE',  ( -0.6376953125000003331, 1.000000000000000222, -1.000000000000000000 ) ) ;
#628 =( GEOMETRIC_REPRESENTATION_CONTEXT ( 3 ) GLOBAL_UNCERTAINTY_ASSIGNED_CONTEXT ( ( #1062 ) ) GLOBAL_UNIT_ASSIGNED_CONTEXT ( ( #1356, #1445, #1322 ) ) REPRESENTATION_CONTEXT ( 'NONE', 'WORKASPACE' ) );
#629 = SURFACE_SIDE_STYLE ('',( #92 ) ) ;
#630 = AXIS2_PLACEMENT_3D ( 'NONE', #1033, #702, #934 ) ;
#631 = AXIS2_PLACEMENT_3D ( 'NONE', #1372, #1159, #1031 ) ;
#632 = VERTEX_POINT ( 'NONE', #288 ) ;
#633 = SURFACE_STYLE_USAGE ( .BOTH. , #170 ) ;
#634 = CIRCLE ( 'NONE', #1287, 0.5312499999999997780 ) ;
#635 = CARTESIAN_POINT ( 'NONE',  ( -1.249579735593369767, 0.1344672911011068062, -1.000000000000000000 ) ) ;
#636 = FACE_OUTER_BOUND ( 'NONE', #64, .T. ) ;
#637 = CARTESIAN_POINT ( 'NONE',  ( 1.285688283982492131, 0.08335629955854585715, 0.9375000000000003331 ) ) ;
#638 = SURFACE_STYLE_FILL_AREA ( #392 ) ;
#639 = DIRECTION ( 'NONE',  ( 0.000000000000000000, 0.000000000000000000, -1.000000000000000000 ) ) ;
#640 = EDGE_LOOP ( 'NONE', ( #681, #451, #512, #567 ) ) ;
#641 = CARTESIAN_POINT ( 'NONE',  ( 0.7500000000000000000, 0.06250000000000000000, -0.9424298869329724715 ) ) ;
#642 = FILL_AREA_STYLE ('',( #999 ) ) ;
#643 = CARTESIAN_POINT ( 'NONE',  ( 1.217644334218491942, 0.05807213416473834544, 0.9763009524268474459 ) ) ;
#644 = ADVANCED_FACE ( 'NONE', ( #514 ), #435, .T. ) ;
#645 = CARTESIAN_POINT ( 'NONE',  ( -1.104860989301524654, 0.04214760540542341477, 1.000000000000000222 ) ) ;
#646 = CARTESIAN_POINT ( 'NONE',  ( 1.250000000000000222, 1.000000000000000222, 1.000000000000000222 ) ) ;
#647 = ORIENTED_EDGE ( 'NONE', *, *, #1158, .T. ) ;
#648 = FILL_AREA_STYLE ('',( #1115 ) ) ;
#649 = CARTESIAN_POINT ( 'NONE',  ( 1.000000000000000222, 0.5312499999999996669, -0.9375000000000000000 ) ) ;
#650 = ADVANCED_FACE ( 'NONE', ( #1195 ), #1055, .T. ) ;
#651 = CARTESIAN_POINT ( 'NONE',  ( -1.000000000000000222, 0.5312499999999996669, 0.9375000000000003331 ) ) ;
#652 = LINE ( 'NONE', #987, #1216 ) ;
#653 = PRESENTATION_LAYER_ASSIGNMENT (  '', '', ( #220 ) ) ;
#654 = ORIENTED_EDGE ( 'NONE', *, *, #215, .T. ) ;
#655 = STYLED_ITEM ( 'NONE', ( #562 ), #907 ) ;
#656 = VECTOR ( 'NONE', #622, 1000.000000000000000 ) ;
#657 =( NAMED_UNIT ( * ) PLANE_ANGLE_UNIT ( ) SI_UNIT ( $, .RADIAN. ) );
#658 = LINE ( 'NONE', #789, #1236 ) ;
#659 = PRODUCT_DEFINITION_FORMATION_WITH_SPECIFIED_SOURCE ( 'ANY', '', #320, .NOT_KNOWN. ) ;
#660 = VECTOR ( 'NONE', #1113, 1000.000000000000000 ) ;
#661 = EDGE_LOOP ( 'NONE', ( #1110, #1214, #1352, #191 ) ) ;
#662 = PRESENTATION_STYLE_ASSIGNMENT (( #885 ) ) ;
#663 = CARTESIAN_POINT ( 'NONE',  ( 1.271766406119357651, 0.1051826107614073774, -1.000000000000000000 ) ) ;
#664 = EDGE_CURVE ( 'NONE', #376, #1402, #1443, .T. ) ;
#665 = EDGE_LOOP ( 'NONE', ( #1243, #770, #980, #831 ) ) ;
#666 = SURFACE_STYLE_USAGE ( .BOTH. , #782 ) ;
#667 = CARTESIAN_POINT ( 'NONE',  ( -1.271766406119357873, 0.1051826107614075301, -1.000000000000000222 ) ) ;
#668 = ORIENTED_EDGE ( 'NONE', *, *, #704, .F. ) ;
#669 = SURFACE_STYLE_USAGE ( .BOTH. , #1210 ) ;
#670 = CARTESIAN_POINT ( 'NONE',  ( -0.8165128913694303936, 0.07262140828832679140, -0.9968044738089729684 ) ) ;
#671 = CARTESIAN_POINT ( 'NONE',  ( -0.7500000000000001110, 0.06250000000000005551, -0.9375000000000003331 ) ) ;
#672 = ADVANCED_FACE ( 'NONE', ( #765 ), #557, .T. ) ;
#673 = LINE ( 'NONE', #121, #80 ) ;
#674 = CARTESIAN_POINT ( 'NONE',  ( 0.7500000000000000000, 0.06250000000000002776, -0.9375000000000001110 ) ) ;
#675 =( NAMED_UNIT ( * ) PLANE_ANGLE_UNIT ( ) SI_UNIT ( $, .RADIAN. ) );
#676 = ORIENTED_EDGE ( 'NONE', *, *, #344, .F. ) ;
#677 = DIRECTION ( 'NONE',  ( 1.000000000000000000, 0.000000000000000000, 0.000000000000000000 ) ) ;
#678 = CARTESIAN_POINT ( 'NONE',  ( -0.6376953125000003331, 1.000000000000000222, 1.000000000000000222 ) ) ;
#679 = LINE ( 'NONE', #1134, #660 ) ;
#680 = B_SPLINE_CURVE_WITH_KNOTS ( 'NONE', 3,
 ( #330, #1008, #795, #1125 ),
 .UNSPECIFIED., .F., .F.,
 ( 4, 4 ),
 ( 0.000000000000000000, 1.000000000000000000 ),
 .UNSPECIFIED. ) ;
#681 = ORIENTED_EDGE ( 'NONE', *, *, #489, .T. ) ;
#682 = AXIS2_PLACEMENT_3D ( 'NONE', #1032, #26, #30 ) ;
#683 = DIRECTION ( 'NONE',  ( -0.000000000000000000, -0.000000000000000000, -1.000000000000000000 ) ) ;
#684 =( GEOMETRIC_REPRESENTATION_CONTEXT ( 3 ) GLOBAL_UNCERTAINTY_ASSIGNED_CONTEXT ( ( #1299 ) ) GLOBAL_UNIT_ASSIGNED_CONTEXT ( ( #39, #1137, #751 ) ) REPRESENTATION_CONTEXT ( 'NONE', 'WORKASPACE' ) );
#685 = FILL_AREA_STYLE_COLOUR ( '', #57 ) ;
#686 = ORIENTED_EDGE ( 'NONE', *, *, #1384, .F. ) ;
#687 =( BOUNDED_SURFACE ( )  B_SPLINE_SURFACE ( 3, 3, ( 
 ( #399, #645, #869, #509 ),
 ( #1089, #626, #74, #944 ),
 ( #844, #161, #1082, #758 ),
 ( #520, #1295, #1410, #617 ) ),
 .UNSPECIFIED., .F., .F., .T. ) 
 B_SPLINE_SURFACE_WITH_KNOTS ( ( 4, 4 ),
 ( 4, 4 ),
 ( 0.000000000000000000, 1.000000000000000000 ),
 ( 0.000000000000000000, 1.000000000000000000 ),
 .UNSPECIFIED. ) 
 GEOMETRIC_REPRESENTATION_ITEM ( )  RATIONAL_B_SPLINE_SURFACE ( (
 ( 1.000000000000000000, 0.9078541874710320814, 0.9078541874710320814, 1.000000000000000000),
 ( 0.8047378541243652705, 0.7305846306832576298, 0.7305846306832576298, 0.8047378541243652705),
 ( 0.8047378541243652705, 0.7305846306832576298, 0.7305846306832576298, 0.8047378541243652705),
 ( 1.000000000000000000, 0.9078541874710320814, 0.9078541874710320814, 1.000000000000000000) ) ) 
 REPRESENTATION_ITEM ( '' )  SURFACE ( )  );
#688 = CARTESIAN_POINT ( 'NONE',  ( 1.228112183639714416, 0.07397672619356607249, -0.9836695001391780879 ) ) ;
#689 = ORIENTED_EDGE ( 'NONE', *, *, #589, .F. ) ;
#690 = SURFACE_STYLE_USAGE ( .BOTH. , #132 ) ;
#691 = SURFACE_STYLE_FILL_AREA ( #598 ) ;
#692 = DIRECTION ( 'NONE',  ( -0.000000000000000000, -0.000000000000000000, -1.000000000000000000 ) ) ;
#693 = EDGE_CURVE ( 'NONE', #955, #112, #835, .T. ) ;
#694 = CARTESIAN_POINT ( 'NONE',  ( 1.237972070781388378, 0.09110562301415787989, -0.9914804919857141963 ) ) ;
#695 = DIRECTION ( 'NONE',  ( 0.000000000000000000, 0.000000000000000000, 1.000000000000000000 ) ) ;
#696 = CARTESIAN_POINT ( 'NONE',  ( -1.250000000000000222, 0.1595371038549044940, 1.000000000000000222 ) ) ;
#697 = UNCERTAINTY_MEASURE_WITH_UNIT (LENGTH_MEASURE( 1.000000000000000082E-05 ), #989, 'distance_accuracy_value', 'NONE');
#698 = AXIS2_PLACEMENT_3D ( 'NONE', #54, #1315, #1011 ) ;
#699 =( LENGTH_UNIT ( ) NAMED_UNIT ( * ) SI_UNIT ( .MILLI., .METRE. ) );
#700 = SURFACE_SIDE_STYLE ('',( #1261 ) ) ;
#701 = PRESENTATION_LAYER_ASSIGNMENT (  '', '', ( #409 ) ) ;
#702 = DIRECTION ( 'NONE',  ( 0.000000000000000000, 0.000000000000000000, 1.000000000000000000 ) ) ;
#703 = STYLED_ITEM ( 'NONE', ( #715 ), #32 ) ;
#704 = EDGE_CURVE ( 'NONE', #394, #1379, #1021, .T. ) ;
#705 = CARTESIAN_POINT ( 'NONE',  ( 0.6376953125000003331, 1.000000000000000222, 1.000000000000000222 ) ) ;
#706 = PRESENTATION_STYLE_ASSIGNMENT (( #243 ) ) ;
#707 = FILL_AREA_STYLE ('',( #244 ) ) ;
#708 = SURFACE_STYLE_FILL_AREA ( #41 ) ;
#709 = EDGE_CURVE ( 'NONE', #1009, #1114, #768, .T. ) ;
#710 = VERTEX_POINT ( 'NONE', #1107 ) ;
#711 = UNCERTAINTY_MEASURE_WITH_UNIT (LENGTH_MEASURE( 1.000000000000000082E-05 ), #189, 'distance_accuracy_value', 'NONE');
#712 = SURFACE_SIDE_STYLE ('',( #1260 ) ) ;
#713 = CARTESIAN_POINT ( 'NONE',  ( 1.250000000000000222, 0.2812499999999999445, -0.9999999999999997780 ) ) ;
#714 =( LENGTH_UNIT ( ) NAMED_UNIT ( * ) SI_UNIT ( .MILLI., .METRE. ) );
#715 = PRESENTATION_STYLE_ASSIGNMENT (( #504 ) ) ;
#716 = ORIENTED_EDGE ( 'NONE', *, *, #1221, .T. ) ;
#717 = CARTESIAN_POINT ( 'NONE',  ( -0.7500000000000002220, 0.06250000000000005551, 0.9375000000000000000 ) ) ;
#718 = CARTESIAN_POINT ( 'NONE',  ( -1.248394170813976745, 0.1200459141565571736, -1.000000000000000000 ) ) ;
#719 = CARTESIAN_POINT ( 'NONE',  ( 1.163461538461538547, 0.02577310839783472987, 0.9374999999999995559 ) ) ;
#720 = DIRECTION ( 'NONE',  ( 0.000000000000000000, 0.000000000000000000, 1.000000000000000000 ) ) ;
#721 = DIRECTION ( 'NONE',  ( -0.000000000000000000, -0.000000000000000000, -1.000000000000000000 ) ) ;
#722 = PRESENTATION_LAYER_ASSIGNMENT (  '', '', ( #465 ) ) ;
#723 = MECHANICAL_DESIGN_GEOMETRIC_PRESENTATION_REPRESENTATION (  '', ( #176 ), #602 ) ;
#724 = CARTESIAN_POINT ( 'NONE',  ( 1.250000000000000222, 0.1447088475983443201, -1.000000000000000000 ) ) ;
#725 = COLOUR_RGB ( '',0.2862745098039215508, 0.2862745098039215508, 0.2862745098039215508 ) ;
#726 = VERTEX_POINT ( 'NONE', #455 ) ;
#727 = FILL_AREA_STYLE_COLOUR ( '', #953 ) ;
#728 = CARTESIAN_POINT ( 'NONE',  ( -1.067975120343537032, 0.1595371038549044940, 1.000000000000000222 ) ) ;
#729 = UNCERTAINTY_MEASURE_WITH_UNIT (LENGTH_MEASURE( 1.000000000000000082E-05 ), #270, 'distance_accuracy_value', 'NONE');
#730 = PLANE ( 'NONE',  #36 ) ;
#731 = EDGE_CURVE ( 'NONE', #847, #1156, #335, .T. ) ;
#732 = SURFACE_STYLE_USAGE ( .BOTH. , #1178 ) ;
#733 = ORIENTED_EDGE ( 'NONE', *, *, #779, .F. ) ;
#734 =( NAMED_UNIT ( * ) SI_UNIT ( $, .STERADIAN. ) SOLID_ANGLE_UNIT ( ) );
#735 = DIRECTION ( 'NONE',  ( 0.000000000000000000, 0.000000000000000000, 1.000000000000000000 ) ) ;
#736 = FILL_AREA_STYLE_COLOUR ( '', #910 ) ;
#737 = CARTESIAN_POINT ( 'NONE',  ( 0.7593744499308636708, 0.08685181782375918369, -1.000000000000000000 ) ) ;
#738 = ORIENTED_EDGE ( 'NONE', *, *, #28, .T. ) ;
#739 = FACE_OUTER_BOUND ( 'NONE', #35, .T. ) ;
#740 =( LENGTH_UNIT ( ) NAMED_UNIT ( * ) SI_UNIT ( .MILLI., .METRE. ) );
#741 =( GEOMETRIC_REPRESENTATION_CONTEXT ( 3 ) GLOBAL_UNCERTAINTY_ASSIGNED_CONTEXT ( ( #485 ) ) GLOBAL_UNIT_ASSIGNED_CONTEXT ( ( #1289, #1374, #140 ) ) REPRESENTATION_CONTEXT ( 'NONE', 'WORKASPACE' ) );
#742 = CARTESIAN_POINT ( 'NONE',  ( 0.9210719111965842698, -0.03014127708822008159, 0.9741116523516818448 ) ) ;
#743 = FACE_OUTER_BOUND ( 'NONE', #880, .T. ) ;
#744 =( GEOMETRIC_REPRESENTATION_CONTEXT ( 3 ) GLOBAL_UNCERTAINTY_ASSIGNED_CONTEXT ( ( #379 ) ) GLOBAL_UNIT_ASSIGNED_CONTEXT ( ( #1389, #229, #1308 ) ) REPRESENTATION_CONTEXT ( 'NONE', 'WORKASPACE' ) );
#745 =( LENGTH_UNIT ( ) NAMED_UNIT ( * ) SI_UNIT ( .MILLI., .METRE. ) );
#746 = AXIS2_PLACEMENT_3D ( 'NONE', #651, #1429, #90 ) ;
#747 = EDGE_CURVE ( 'NONE', #763, #1238, #505, .T. ) ;
#748 = COLOUR_RGB ( '',0.7921568627450980005, 0.8196078431372548767, 0.9333333333333333481 ) ;
#749 = MECHANICAL_DESIGN_GEOMETRIC_PRESENTATION_REPRESENTATION (  '', ( #1169 ), #1075 ) ;
#750 = CARTESIAN_POINT ( 'NONE',  ( -0.8628092057446986596, 0.08302544860683996886, -1.000000000000000000 ) ) ;
#751 =( NAMED_UNIT ( * ) SI_UNIT ( $, .STERADIAN. ) SOLID_ANGLE_UNIT ( ) );
#752 = CARTESIAN_POINT ( 'NONE',  ( 1.285688283982492131, 0.08335629955854587103, 0.9741116523516818448 ) ) ;
#753 =( NAMED_UNIT ( * ) SI_UNIT ( $, .STERADIAN. ) SOLID_ANGLE_UNIT ( ) );
#754 = SURFACE_STYLE_USAGE ( .BOTH. , #629 ) ;
#755 = ORIENTED_EDGE ( 'NONE', *, *, #1263, .F. ) ;
#756 = DIRECTION ( 'NONE',  ( 0.000000000000000000, 0.000000000000000000, 1.000000000000000000 ) ) ;
#757 = DIRECTION ( 'NONE',  ( 0.000000000000000000, 0.000000000000000000, 1.000000000000000000 ) ) ;
#758 = CARTESIAN_POINT ( 'NONE',  ( -0.7470478361795642730, 0.06408646833409663290, 0.9741116523516818448 ) ) ;
#759 = DIRECTION ( 'NONE',  ( -0.000000000000000000, 1.000000000000000000, 0.000000000000000000 ) ) ;
#760 = CARTESIAN_POINT ( 'NONE',  ( 0.9249181564712392056, -0.002784114644938526922, -1.000000000000000000 ) ) ;
#761 = SURFACE_STYLE_FILL_AREA ( #187 ) ;
#762 = SURFACE_STYLE_USAGE ( .BOTH. , #297 ) ;
#763 = VERTEX_POINT ( 'NONE', #541 ) ;
#764 = ADVANCED_FACE ( 'NONE', ( #1436 ), #591, .F. ) ;
#765 = FACE_OUTER_BOUND ( 'NONE', #405, .T. ) ;
#766 =( NAMED_UNIT ( * ) SI_UNIT ( $, .STERADIAN. ) SOLID_ANGLE_UNIT ( ) );
#767 = VECTOR ( 'NONE', #235, 1000.000000000000000 ) ;
#768 = CIRCLE ( 'NONE', #523, 0.9442026227640299973 ) ;
#769 = PRESENTATION_LAYER_ASSIGNMENT (  '', '', ( #1096 ) ) ;
#770 = ORIENTED_EDGE ( 'NONE', *, *, #883, .F. ) ;
#771 = CARTESIAN_POINT ( 'NONE',  ( 0.7780599094742686184, 0.06628892437182508368, -0.9793004782539301845 ) ) ;
#772 = COLOUR_RGB ( '',0.7529411764705882248, 0.7529411764705882248, 0.7529411764705882248 ) ;
#773 = STYLED_ITEM ( 'NONE', ( #65 ), #959 ) ;
#774 = PRESENTATION_STYLE_ASSIGNMENT (( #545 ) ) ;
#775 = SURFACE_STYLE_FILL_AREA ( #1200 ) ;
#776 = ORIENTED_EDGE ( 'NONE', *, *, #469, .T. ) ;
#777 = SURFACE_STYLE_FILL_AREA ( #380 ) ;
#778 = CARTESIAN_POINT ( 'NONE',  ( 1.249579735593369767, 0.1344672911011067507, -1.000000000000000000 ) ) ;
#779 = EDGE_CURVE ( 'NONE', #1209, #847, #1024, .T. ) ;
#780 = ORIENTED_EDGE ( 'NONE', *, *, #874, .F. ) ;
#781 = CARTESIAN_POINT ( 'NONE',  ( 0.7888610844429998492, 0.06791266281823317430, -0.9861013726753663500 ) ) ;
#782 = SURFACE_SIDE_STYLE ('',( #1206 ) ) ;
#783 = ORIENTED_EDGE ( 'NONE', *, *, #842, .F. ) ;
#784 = FILL_AREA_STYLE ('',( #1119 ) ) ;
#785 =( NAMED_UNIT ( * ) SI_UNIT ( $, .STERADIAN. ) SOLID_ANGLE_UNIT ( ) );
#786 =( NAMED_UNIT ( * ) PLANE_ANGLE_UNIT ( ) SI_UNIT ( $, .RADIAN. ) );
#787 = CARTESIAN_POINT ( 'NONE',  ( -1.215213706277137096, 0.05815711345210158173, 0.9736318468172517893 ) ) ;
#788 = CARTESIAN_POINT ( 'NONE',  ( 0.7510717424034957235, 0.06262708462889746142, -0.9474371330058521945 ) ) ;
#789 = CARTESIAN_POINT ( 'NONE',  ( -1.250000000000000222, 0.1447088475983442923, -1.573673742208931525 ) ) ;
#790 = VERTEX_POINT ( 'NONE', #1252 ) ;
#791 = DIRECTION ( 'NONE',  ( -1.000000000000000000, 0.000000000000000000, 0.000000000000000000 ) ) ;
#792 = SURFACE_STYLE_USAGE ( .BOTH. , #327 ) ;
#793 = MECHANICAL_DESIGN_GEOMETRIC_PRESENTATION_REPRESENTATION (  '', ( #1234 ), #744 ) ;
#794 = SURFACE_STYLE_FILL_AREA ( #573 ) ;
#795 = CARTESIAN_POINT ( 'NONE',  ( 1.133572917787881718, 0.06149800522857221119, 1.000000000000000222 ) ) ;
#796 = ADVANCED_FACE ( 'NONE', ( #118 ), #373, .T. ) ;
#797 = CARTESIAN_POINT ( 'NONE',  ( 0.7499999999999988898, 0.06250000000000092981, 0.9616605997809867246 ) ) ;
#798 =( NAMED_UNIT ( * ) SI_UNIT ( $, .STERADIAN. ) SOLID_ANGLE_UNIT ( ) );
#799 = STYLED_ITEM ( 'NONE', ( #1275 ), #853 ) ;
#800 = CARTESIAN_POINT ( 'NONE',  ( 1.250000000000000222, 1.000000000000000000, 1.000000000000000222 ) ) ;
#801 = PRESENTATION_STYLE_ASSIGNMENT (( #336 ) ) ;
#802 =( GEOMETRIC_REPRESENTATION_CONTEXT ( 3 ) GLOBAL_UNCERTAINTY_ASSIGNED_CONTEXT ( ( #45 ) ) GLOBAL_UNIT_ASSIGNED_CONTEXT ( ( #1161, #1371, #257 ) ) REPRESENTATION_CONTEXT ( 'NONE', 'WORKASPACE' ) );
#803 = CARTESIAN_POINT ( 'NONE',  ( 1.250000000000000222, 0.2812500000000001110, -1.573673742208931525 ) ) ;
#804 = ORIENTED_EDGE ( 'NONE', *, *, #1097, .T. ) ;
#805 = FILL_AREA_STYLE_COLOUR ( '', #437 ) ;
#806 = ADVANCED_FACE ( 'NONE', ( #145 ), #926, .T. ) ;
#807 = DIRECTION ( 'NONE',  ( 1.000000000000000000, 9.186182256614743149E-16, 0.000000000000000000 ) ) ;
#808 = CARTESIAN_POINT ( 'NONE',  ( 1.194013411386777301, 0.03565299852577252793, -0.9573546368948888663 ) ) ;
#809 = CARTESIAN_POINT ( 'NONE',  ( -1.163461538461538547, 0.02577310839783473334, 0.9374999999999998890 ) ) ;
#810 =( NAMED_UNIT ( * ) PLANE_ANGLE_UNIT ( ) SI_UNIT ( $, .RADIAN. ) );
#811 = ADVANCED_FACE ( 'NONE', ( #1306 ), #519, .T. ) ;
#812 = CARTESIAN_POINT ( 'NONE',  ( -0.8628092057446986596, 0.08302544860683999661, 1.000000000000000222 ) ) ;
#813 = SURFACE_STYLE_FILL_AREA ( #136 ) ;
#814 = UNCERTAINTY_MEASURE_WITH_UNIT (LENGTH_MEASURE( 1.000000000000000082E-05 ), #875, 'distance_accuracy_value', 'NONE');
#815 = DIRECTION ( 'NONE',  ( 0.000000000000000000, 1.000000000000000000, -0.000000000000000000 ) ) ;
#816 = FACE_OUTER_BOUND ( 'NONE', #898, .T. ) ;
#817 = STYLED_ITEM ( 'NONE', ( #255 ), #811 ) ;
#818 = MECHANICAL_DESIGN_GEOMETRIC_PRESENTATION_REPRESENTATION (  '', ( #385 ), #359 ) ;
#819 = FILL_AREA_STYLE_COLOUR ( '', #1447 ) ;
#820 = EDGE_CURVE ( 'NONE', #872, #524, #561, .T. ) ;
#821 = ORIENTED_EDGE ( 'NONE', *, *, #317, .T. ) ;
#822 =( NAMED_UNIT ( * ) SI_UNIT ( $, .STERADIAN. ) SOLID_ANGLE_UNIT ( ) );
#823 = SURFACE_STYLE_USAGE ( .BOTH. , #134 ) ;
#824 = CARTESIAN_POINT ( 'NONE',  ( -0.6376953125000003331, 0.1595371038549044662, -1.000000000000000000 ) ) ;
#825 = SURFACE_STYLE_USAGE ( .BOTH. , #1391 ) ;
#826 = ORIENTED_EDGE ( 'NONE', *, *, #5, .T. ) ;
#827 = CARTESIAN_POINT ( 'NONE',  ( 1.250000000000000000, 0.2812499999999998335, -1.573673742208931525 ) ) ;
#828 = UNCERTAINTY_MEASURE_WITH_UNIT (LENGTH_MEASURE( 1.000000000000000082E-05 ), #1354, 'distance_accuracy_value', 'NONE');
#829 =( NAMED_UNIT ( * ) SI_UNIT ( $, .STERADIAN. ) SOLID_ANGLE_UNIT ( ) );
#830 = CARTESIAN_POINT ( 'NONE',  ( -1.250000000000000222, 0.1595371038549044940, 1.000000000000000222 ) ) ;
#831 = ORIENTED_EDGE ( 'NONE', *, *, #156, .T. ) ;
#832 = CARTESIAN_POINT ( 'NONE',  ( 0.7500000000000004441, 0.06250000000000005551, -1.000000000000000000 ) ) ;
#833 = EDGE_CURVE ( 'NONE', #547, #115, #175, .T. ) ;
#834 = DIRECTION ( 'NONE',  ( 0.000000000000000000, 0.000000000000000000, 1.000000000000000000 ) ) ;
#835 = CIRCLE ( 'NONE', #193, 0.9442026227640298863 ) ;
#836 = VECTOR ( 'NONE', #967, 1000.000000000000000 ) ;
#837 = STYLED_ITEM ( 'NONE', ( #886 ), #230 ) ;
#838 = EDGE_LOOP ( 'NONE', ( #1181, #1424, #262, #206 ) ) ;
#839 = DIRECTION ( 'NONE',  ( 0.000000000000000000, 0.000000000000000000, 1.000000000000000000 ) ) ;
#840 =( LENGTH_UNIT ( ) NAMED_UNIT ( * ) SI_UNIT ( .MILLI., .METRE. ) );
#841 = UNCERTAINTY_MEASURE_WITH_UNIT (LENGTH_MEASURE( 1.000000000000000082E-05 ), #740, 'distance_accuracy_value', 'NONE');
#842 = EDGE_CURVE ( 'NONE', #267, #1440, #337, .T. ) ;
#843 = CARTESIAN_POINT ( 'NONE',  ( 1.250000000000000222, 1.000000000000000000, 1.000000000000000222 ) ) ;
#844 = CARTESIAN_POINT ( 'NONE',  ( -1.285688283982492575, 0.08335629955854605144, 0.9741116523516818448 ) ) ;
#845 = SURFACE_STYLE_USAGE ( .BOTH. , #1421 ) ;
#846 =( NAMED_UNIT ( * ) PLANE_ANGLE_UNIT ( ) SI_UNIT ( $, .RADIAN. ) );
#847 = VERTEX_POINT ( 'NONE', #843 ) ;
#848 =( NAMED_UNIT ( * ) PLANE_ANGLE_UNIT ( ) SI_UNIT ( $, .RADIAN. ) );
#849 = LINE ( 'NONE', #159, #656 ) ;
#850 = DIRECTION ( 'NONE',  ( 0.000000000000000000, 0.000000000000000000, 1.000000000000000000 ) ) ;
#851 = CARTESIAN_POINT ( 'NONE',  ( 1.271766406119357651, 0.1051826107614072664, 1.000000000000000222 ) ) ;
#852 = PRESENTATION_STYLE_ASSIGNMENT (( #845 ) ) ;
#853 = ADVANCED_FACE ( 'NONE', ( #636 ), #730, .T. ) ;
#854 = FILL_AREA_STYLE ('',( #1407 ) ) ;
#855 = ORIENTED_EDGE ( 'NONE', *, *, #182, .T. ) ;
#856 = CARTESIAN_POINT ( 'NONE',  ( -1.243486579774803591, 0.1000288256228679395, -0.9966360990740321668 ) ) ;
#857 = SURFACE_STYLE_USAGE ( .BOTH. , #616 ) ;
#858 = CIRCLE ( 'NONE', #281, 0.5312499999999997780 ) ;
#859 = CARTESIAN_POINT ( 'NONE',  ( 1.118842454541727705, -0.02306604720718683291, 0.9741116523516818448 ) ) ;
#860 = MECHANICAL_DESIGN_GEOMETRIC_PRESENTATION_REPRESENTATION (  '', ( #355 ), #1419 ) ;
#861 = CARTESIAN_POINT ( 'NONE',  ( 0.9303575687028688979, 0.03590475551039407770, -1.000000000000000000 ) ) ;
#862 = MECHANICAL_DESIGN_GEOMETRIC_PRESENTATION_REPRESENTATION (  '', ( #286 ), #12 ) ;
#863 = VECTOR ( 'NONE', #1078, 1000.000000000000000 ) ;
#864 = ORIENTED_EDGE ( 'NONE', *, *, #572, .T. ) ;
#865 = CARTESIAN_POINT ( 'NONE',  ( 0.7500000000000003331, 0.06250000000000005551, 1.000000000000000222 ) ) ;
#866 = AXIS2_PLACEMENT_3D ( 'NONE', #534, #83, #1431 ) ;
#867 = DIRECTION ( 'NONE',  ( -1.000000000000000000, 0.000000000000000000, 0.000000000000000000 ) ) ;
#868 =( LENGTH_UNIT ( ) NAMED_UNIT ( * ) SI_UNIT ( .MILLI., .METRE. ) );
#869 = CARTESIAN_POINT ( 'NONE',  ( -0.9303575687028691199, 0.03590475551039370994, 1.000000000000000222 ) ) ;
#870 = CARTESIAN_POINT ( 'NONE',  ( -1.249579735593369767, 0.1344672911011068339, 1.000000000000000222 ) ) ;
#871 = CARTESIAN_POINT ( 'NONE',  ( 0.9210719111965844919, -0.03014127708822002261, -0.9375000000000000000 ) ) ;
#872 = VERTEX_POINT ( 'NONE', #546 ) ;
#873 = PRESENTATION_STYLE_ASSIGNMENT (( #1198 ) ) ;
#874 = EDGE_CURVE ( 'NONE', #1312, #1402, #658, .T. ) ;
#875 =( LENGTH_UNIT ( ) NAMED_UNIT ( * ) SI_UNIT ( .MILLI., .METRE. ) );
#876 = ORIENTED_EDGE ( 'NONE', *, *, #1079, .T. ) ;
#877 = DIRECTION ( 'NONE',  ( 1.000000000000000000, 0.000000000000000000, -0.000000000000000000 ) ) ;
#878 =( LENGTH_UNIT ( ) NAMED_UNIT ( * ) SI_UNIT ( .MILLI., .METRE. ) );
#879 = CARTESIAN_POINT ( 'NONE',  ( 1.067975120343536810, 0.1595371038549044385, 1.000000000000000222 ) ) ;
#880 = EDGE_LOOP ( 'NONE', ( #1321, #1330, #1453, #983 ) ) ;
#881 = CARTESIAN_POINT ( 'NONE',  ( -0.7500000000000001110, 0.06250000000000005551, 1.000000000000000222 ) ) ;
#882 = FACE_OUTER_BOUND ( 'NONE', #274, .T. ) ;
#883 = EDGE_CURVE ( 'NONE', #1009, #790, #892, .T. ) ;
#884 = ORIENTED_EDGE ( 'NONE', *, *, #1004, .F. ) ;
#885 = SURFACE_STYLE_USAGE ( .BOTH. , #1226 ) ;
#886 = PRESENTATION_STYLE_ASSIGNMENT (( #1017 ) ) ;
#887 = STYLED_ITEM ( 'NONE', ( #69 ), #644 ) ;
#888 = EDGE_LOOP ( 'NONE', ( #936, #716, #180, #1018 ) ) ;
#889 = CARTESIAN_POINT ( 'NONE',  ( 0.7575129534868939585, 0.06342525664864501200, -0.9607112497106209403 ) ) ;
#890 =( GEOMETRIC_REPRESENTATION_CONTEXT ( 3 ) GLOBAL_UNCERTAINTY_ASSIGNED_CONTEXT ( ( #590 ) ) GLOBAL_UNIT_ASSIGNED_CONTEXT ( ( #937, #956, #1380 ) ) REPRESENTATION_CONTEXT ( 'NONE', 'WORKASPACE' ) );
#891 = DIRECTION ( 'NONE',  ( 0.000000000000000000, 1.000000000000000000, 0.000000000000000000 ) ) ;
#892 = LINE ( 'NONE', #77, #1022 ) ;
#893 = ORIENTED_EDGE ( 'NONE', *, *, #298, .T. ) ;
#894 =( NAMED_UNIT ( * ) PLANE_ANGLE_UNIT ( ) SI_UNIT ( $, .RADIAN. ) );
#895 = SURFACE_SIDE_STYLE ('',( #1446 ) ) ;
#896 = DIRECTION ( 'NONE',  ( -0.000000000000000000, -0.000000000000000000, -1.000000000000000000 ) ) ;
#897 = ORIENTED_EDGE ( 'NONE', *, *, #1116, .F. ) ;
#898 = EDGE_LOOP ( 'NONE', ( #543, #676, #217, #991 ) ) ;
#899 = CARTESIAN_POINT ( 'NONE',  ( -0.6376953125000003331, 1.000000000000000222, -1.000000000000000000 ) ) ;
#900 = SURFACE_STYLE_FILL_AREA ( #450 ) ;
#901 = ADVANCED_FACE ( 'NONE', ( #882 ), #316, .F. ) ;
#902 = CARTESIAN_POINT ( 'NONE',  ( -1.218350385529845203, 0.06149428044443319696, 0.9760426249741508409 ) ) ;
#903 = DIRECTION ( 'NONE',  ( -1.000000000000000000, 2.168404344971008560E-17, 0.000000000000000000 ) ) ;
#904 =( NAMED_UNIT ( * ) PLANE_ANGLE_UNIT ( ) SI_UNIT ( $, .RADIAN. ) );
#905 = CARTESIAN_POINT ( 'NONE',  ( -0.6376953125000003331, 1.000000000000000222, 1.000000000000000222 ) ) ;
#906 =( LENGTH_UNIT ( ) NAMED_UNIT ( * ) SI_UNIT ( .MILLI., .METRE. ) );
#907 = ADVANCED_FACE ( 'NONE', ( #408 ), #265, .T. ) ;
#908 = ORIENTED_EDGE ( 'NONE', *, *, #731, .T. ) ;
#909 = CARTESIAN_POINT ( 'NONE',  ( -1.250000000000000222, 0.2812500000000000000, -1.000000000000000000 ) ) ;
#910 = COLOUR_RGB ( '',0.2862745098039215508, 0.2862745098039215508, 0.2862745098039215508 ) ;
#911 = COLOUR_RGB ( '',0.7529411764705882248, 0.7529411764705882248, 0.7529411764705882248 ) ;
#912 = CIRCLE ( 'NONE', #866, 0.1250000000000001110 ) ;
#913 = ORIENTED_EDGE ( 'NONE', *, *, #1097, .F. ) ;
#914 = SURFACE_SIDE_STYLE ('',( #1369 ) ) ;
#915 = PRODUCT_DEFINITION_SHAPE ( 'NONE', 'NONE',  #137 ) ;
#916 = VECTOR ( 'NONE', #550, 1000.000000000000000 ) ;
#917 = FACE_OUTER_BOUND ( 'NONE', #186, .T. ) ;
#918 = LINE ( 'NONE', #1271, #1362 ) ;
#919 = EDGE_CURVE ( 'NONE', #444, #605, #1030, .T. ) ;
#920 =( NAMED_UNIT ( * ) SI_UNIT ( $, .STERADIAN. ) SOLID_ANGLE_UNIT ( ) );
#921 = CARTESIAN_POINT ( 'NONE',  ( 1.067975120343536810, 0.1595371038549044662, 1.000000000000000222 ) ) ;
#922 = CARTESIAN_POINT ( 'NONE',  ( -0.9938560046682470839, 0.04291516376622500628, 1.000000000000000222 ) ) ;
#923 = ORIENTED_EDGE ( 'NONE', *, *, #68, .F. ) ;
#924 = SURFACE_STYLE_FILL_AREA ( #142 ) ;
#925 = ADVANCED_FACE ( 'NONE', ( #459 ), #470, .T. ) ;
#926 = CYLINDRICAL_SURFACE ( 'NONE', #150, 0.1250000000000001110 ) ;
#927 = PRESENTATION_STYLE_ASSIGNMENT (( #149 ) ) ;
#928 = COLOUR_RGB ( '',0.7529411764705882248, 0.7529411764705882248, 0.7529411764705882248 ) ;
#929 = UNCERTAINTY_MEASURE_WITH_UNIT (LENGTH_MEASURE( 1.000000000000000082E-05 ), #525, 'distance_accuracy_value', 'NONE');
#930 = PRESENTATION_LAYER_ASSIGNMENT (  '', '', ( #279 ) ) ;
#931 = SURFACE_STYLE_USAGE ( .BOTH. , #700 ) ;
#932 = VECTOR ( 'NONE', #500, 1000.000000000000000 ) ;
#933 = AXIS2_PLACEMENT_3D ( 'NONE', #705, #1141, #1241 ) ;
#934 = DIRECTION ( 'NONE',  ( -1.000000000000000000, 0.000000000000000000, 0.000000000000000000 ) ) ;
#935 = MECHANICAL_DESIGN_GEOMETRIC_PRESENTATION_REPRESENTATION (  '', ( #108 ), #1451 ) ;
#936 = ORIENTED_EDGE ( 'NONE', *, *, #252, .F. ) ;
#937 =( LENGTH_UNIT ( ) NAMED_UNIT ( * ) SI_UNIT ( .MILLI., .METRE. ) );
#938 = CARTESIAN_POINT ( 'NONE',  ( -1.250000000000000222, 1.000000000000000000, 1.000000000000000222 ) ) ;
#939 = ADVANCED_FACE ( 'NONE', ( #138 ), #1251, .F. ) ;
#940 = ORIENTED_EDGE ( 'NONE', *, *, #693, .F. ) ;
#941 = CARTESIAN_POINT ( 'NONE',  ( -0.8462791026467600952, 0.07896736885047184185, 1.000000000000000222 ) ) ;
#942 = UNCERTAINTY_MEASURE_WITH_UNIT (LENGTH_MEASURE( 1.000000000000000082E-05 ), #542, 'distance_accuracy_value', 'NONE');
#943 = DIRECTION ( 'NONE',  ( -1.000000000000000000, 9.186182256614743149E-16, 0.000000000000000000 ) ) ;
#944 = CARTESIAN_POINT ( 'NONE',  ( -0.7593744499308636708, 0.08685181782375921145, 1.000000000000000222 ) ) ;
#945 = SURFACE_SIDE_STYLE ('',( #495 ) ) ;
#946 = EDGE_CURVE ( 'NONE', #790, #536, #527, .T. ) ;
#947 = VERTEX_POINT ( 'NONE', #1013 ) ;
#948 = CARTESIAN_POINT ( 'NONE',  ( -0.7575129534868934034, 0.06342525664864508139, 0.9607112497106202742 ) ) ;
#949 = STYLED_ITEM ( 'NONE', ( #1149 ), #613 ) ;
#950 = FILL_AREA_STYLE_COLOUR ( '', #1002 ) ;
#951 =( NAMED_UNIT ( * ) SI_UNIT ( $, .STERADIAN. ) SOLID_ANGLE_UNIT ( ) );
#952 = DIRECTION ( 'NONE',  ( 1.000000000000000000, 0.000000000000000000, -0.000000000000000000 ) ) ;
#953 = COLOUR_RGB ( '',0.7921568627450980005, 0.8196078431372548767, 0.9333333333333333481 ) ;
#954 = AXIS2_PLACEMENT_3D ( 'NONE', #188, #867, #1104 ) ;
#955 = VERTEX_POINT ( 'NONE', #909 ) ;
#956 =( NAMED_UNIT ( * ) PLANE_ANGLE_UNIT ( ) SI_UNIT ( $, .RADIAN. ) );
#957 = CARTESIAN_POINT ( 'NONE',  ( 1.250000000000000222, 0.2812499999999999445, 1.000000000000000222 ) ) ;
#958 = UNCERTAINTY_MEASURE_WITH_UNIT (LENGTH_MEASURE( 1.000000000000000082E-05 ), #699, 'distance_accuracy_value', 'NONE');
#959 = ADVANCED_FACE ( 'NONE', ( #1364 ), #343, .F. ) ;
#960 = CARTESIAN_POINT ( 'NONE',  ( 0.7593744499308630047, 0.08685181782375954451, 1.000000000000000222 ) ) ;
#961 = SURFACE_STYLE_FILL_AREA ( #402 ) ;
#962 = CARTESIAN_POINT ( 'NONE',  ( -1.250000000000000222, 1.000000000000000000, 1.000000000000000222 ) ) ;
#963 = ORIENTED_EDGE ( 'NONE', *, *, #25, .T. ) ;
#964 =( LENGTH_UNIT ( ) NAMED_UNIT ( * ) SI_UNIT ( .MILLI., .METRE. ) );
#965 = PRESENTATION_STYLE_ASSIGNMENT (( #1164 ) ) ;
#966 = EDGE_CURVE ( 'NONE', #1156, #1009, #1194, .T. ) ;
#967 = DIRECTION ( 'NONE',  ( -0.000000000000000000, -0.000000000000000000, -1.000000000000000000 ) ) ;
#968 = CARTESIAN_POINT ( 'NONE',  ( 1.118842454541727705, -0.02306604720718668719, -0.9741116523516815118 ) ) ;
#969 = ORIENTED_EDGE ( 'NONE', *, *, #398, .T. ) ;
#970 =( NAMED_UNIT ( * ) PLANE_ANGLE_UNIT ( ) SI_UNIT ( $, .RADIAN. ) );
#971 = CARTESIAN_POINT ( 'NONE',  ( 0.8165128913694298385, 0.07262140828832652772, 0.9968044738089731904 ) ) ;
#972 = CARTESIAN_POINT ( 'NONE',  ( 1.067975120343537032, 0.1595371038549044662, 1.000000000000000222 ) ) ;
#973 = PRESENTATION_LAYER_ASSIGNMENT (  '', '', ( #303 ) ) ;
#974 = FILL_AREA_STYLE_COLOUR ( '', #102 ) ;
#975 = CARTESIAN_POINT ( 'NONE',  ( -0.6376953125000003331, 0.1595371038549044662, 1.000000000000000222 ) ) ;
#976 = VECTOR ( 'NONE', #52, 1000.000000000000000 ) ;
#977 = COLOUR_RGB ( '',0.2862745098039215508, 0.2862745098039215508, 0.2862745098039215508 ) ;
#978 = CIRCLE ( 'NONE', #18, 0.9442026227640299973 ) ;
#979 = DIRECTION ( 'NONE',  ( 1.000000000000000000, 0.000000000000000000, -0.000000000000000000 ) ) ;
#980 = ORIENTED_EDGE ( 'NONE', *, *, #966, .F. ) ;
#981 = DIRECTION ( 'NONE',  ( 0.000000000000000000, 0.000000000000000000, 1.000000000000000000 ) ) ;
#982 = CARTESIAN_POINT ( 'NONE',  ( 0.7500000000000004441, 0.06250000000000005551, 1.000000000000000222 ) ) ;
#983 = ORIENTED_EDGE ( 'NONE', *, *, #842, .T. ) ;
#984 = CARTESIAN_POINT ( 'NONE',  ( 0.8462791026467610944, 0.07896736885047225818, -1.000000000000000000 ) ) ;
#985 = PRESENTATION_STYLE_ASSIGNMENT (( #669 ) ) ;
#986 = MANIFOLD_SOLID_BREP ( 'Mirror1', #388 ) ;
#987 = CARTESIAN_POINT ( 'NONE',  ( -1.250000000000000222, 1.000000000000000000, 1.000000000000000222 ) ) ;
#988 = ORIENTED_EDGE ( 'NONE', *, *, #946, .T. ) ;
#989 =( LENGTH_UNIT ( ) NAMED_UNIT ( * ) SI_UNIT ( .MILLI., .METRE. ) );
#990 = FILL_AREA_STYLE ('',( #1224 ) ) ;
#991 = ORIENTED_EDGE ( 'NONE', *, *, #747, .T. ) ;
#992 = CARTESIAN_POINT ( 'NONE',  ( 0.6376953125000003331, 1.000000000000000222, 1.000000000000000222 ) ) ;
#993 = FACE_OUTER_BOUND ( 'NONE', #308, .T. ) ;
#994 = VECTOR ( 'NONE', #31, 1000.000000000000000 ) ;
#995 = DIRECTION ( 'NONE',  ( 1.000000000000000000, 0.000000000000000000, -0.000000000000000000 ) ) ;
#996 =( GEOMETRIC_REPRESENTATION_CONTEXT ( 3 ) GLOBAL_UNCERTAINTY_ASSIGNED_CONTEXT ( ( #1397 ) ) GLOBAL_UNIT_ASSIGNED_CONTEXT ( ( #20, #1153, #920 ) ) REPRESENTATION_CONTEXT ( 'NONE', 'WORKASPACE' ) );
#997 = CARTESIAN_POINT ( 'NONE',  ( -1.204359509283539298, 0.04795618172011899966, 0.9654622323261751182 ) ) ;
#998 = PRESENTATION_LAYER_ASSIGNMENT (  '', '', ( #174 ) ) ;
#999 = FILL_AREA_STYLE_COLOUR ( '', #81 ) ;
#1000 = MECHANICAL_DESIGN_GEOMETRIC_PRESENTATION_REPRESENTATION (  '', ( #703 ), #310 ) ;
#1001 = CARTESIAN_POINT ( 'NONE',  ( -0.7470478361795632738, 0.06408646833409728516, -0.9741116523516815118 ) ) ;
#1002 = COLOUR_RGB ( '',0.7529411764705882248, 0.7529411764705882248, 0.7529411764705882248 ) ;
#1003 = VERTEX_POINT ( 'NONE', #275 ) ;
#1004 = EDGE_CURVE ( 'NONE', #1238, #1108, #139, .T. ) ;
#1005 = CARTESIAN_POINT ( 'NONE',  ( -1.000000000000000222, 0.5312499999999996669, -1.573673742208931525 ) ) ;
#1006 = PLANE ( 'NONE',  #434 ) ;
#1007 = VERTEX_POINT ( 'NONE', #832 ) ;
#1008 = CARTESIAN_POINT ( 'NONE',  ( 0.9923002779213104807, 0.04339133444316154581, 1.000000000000000222 ) ) ;
#1009 = VERTEX_POINT ( 'NONE', #377 ) ;
#1010 = DIRECTION ( 'NONE',  ( 0.000000000000000000, 0.000000000000000000, 1.000000000000000000 ) ) ;
#1011 = DIRECTION ( 'NONE',  ( -1.000000000000000000, 0.000000000000000000, 0.000000000000000000 ) ) ;
#1012 = ORIENTED_EDGE ( 'NONE', *, *, #1228, .T. ) ;
#1013 = CARTESIAN_POINT ( 'NONE',  ( 0.7500000000000000000, 0.06250000000000005551, 0.9374999999999993339 ) ) ;
#1014 = ORIENTED_EDGE ( 'NONE', *, *, #1201, .T. ) ;
#1015 = FILL_AREA_STYLE_COLOUR ( '', #1045 ) ;
#1016 = CARTESIAN_POINT ( 'NONE',  ( 1.067975120343536810, 0.1595371038549044662, -0.9999999999999997780 ) ) ;
#1017 = SURFACE_STYLE_USAGE ( .BOTH. , #1227 ) ;
#1018 = ORIENTED_EDGE ( 'NONE', *, *, #874, .T. ) ;
#1019 = COLOUR_RGB ( '',0.7529411764705882248, 0.7529411764705882248, 0.7529411764705882248 ) ;
#1020 = EDGE_CURVE ( 'NONE', #726, #790, #1060, .T. ) ;
#1021 = CIRCLE ( 'NONE', #1358, 0.9442026227640299973 ) ;
#1022 = VECTOR ( 'NONE', #1231, 1000.000000000000000 ) ;
#1023 = MECHANICAL_DESIGN_GEOMETRIC_PRESENTATION_REPRESENTATION (  '', ( #409 ), #195 ) ;
#1024 = LINE ( 'NONE', #365, #356 ) ;
#1025 = PLANE ( 'NONE',  #501 ) ;
#1026 = MECHANICAL_DESIGN_GEOMETRIC_PRESENTATION_REPRESENTATION (  '', ( #837 ), #1103 ) ;
#1027 = FILL_AREA_STYLE ('',( #819 ) ) ;
#1028 = CARTESIAN_POINT ( 'NONE',  ( -1.249579735593369767, 0.1344672911011068339, 1.000000000000000222 ) ) ;
#1029 = EDGE_CURVE ( 'NONE', #547, #1209, #1450, .T. ) ;
#1030 = LINE ( 'NONE', #7, #578 ) ;
#1031 = DIRECTION ( 'NONE',  ( 0.000000000000000000, 0.000000000000000000, 1.000000000000000000 ) ) ;
#1032 = CARTESIAN_POINT ( 'NONE',  ( 1.125000000000000444, 0.1447088475983442923, -1.000000000000000000 ) ) ;
#1033 = CARTESIAN_POINT ( 'NONE',  ( -0.6376953125000003331, 1.000000000000000222, 1.000000000000000222 ) ) ;
#1034 = SURFACE_SIDE_STYLE ('',( #24 ) ) ;
#1035 = CARTESIAN_POINT ( 'NONE',  ( -0.7500000000000000000, 0.06249999999999994449, 1.000000000000000222 ) ) ;
#1036 = DIRECTION ( 'NONE',  ( 0.000000000000000000, -0.000000000000000000, -1.000000000000000000 ) ) ;
#1037 = DIRECTION ( 'NONE',  ( 0.000000000000000000, 0.000000000000000000, 1.000000000000000000 ) ) ;
#1038 = PRESENTATION_LAYER_ASSIGNMENT (  '', '', ( #949 ) ) ;
#1039 = ORIENTED_EDGE ( 'NONE', *, *, #317, .F. ) ;
#1040 = CARTESIAN_POINT ( 'NONE',  ( -0.7716177753830310015, 0.06532047965806526968, 0.9752442275284235462 ) ) ;
#1041 = CARTESIAN_POINT ( 'NONE',  ( -0.7500000000000002220, 0.06250000000000005551, 0.9375000000000000000 ) ) ;
#1042 = MECHANICAL_DESIGN_GEOMETRIC_PRESENTATION_REPRESENTATION (  '', ( #1186 ), #106 ) ;
#1043 = MECHANICAL_DESIGN_GEOMETRIC_PRESENTATION_REPRESENTATION (  '', ( #172 ), #306 ) ;
#1044 = SURFACE_STYLE_FILL_AREA ( #707 ) ;
#1045 = COLOUR_RGB ( '',0.7529411764705882248, 0.7529411764705882248, 0.7529411764705882248 ) ;
#1046 = VECTOR ( 'NONE', #683, 1000.000000000000000 ) ;
#1047 = ADVANCED_FACE ( 'NONE', ( #415 ), #1222, .T. ) ;
#1048 = CARTESIAN_POINT ( 'NONE',  ( -1.249579735593369767, 0.1344672911011068339, 1.000000000000000222 ) ) ;
#1049 = CLOSED_SHELL ( 'NONE', ( #280, #1344, #348, #49, #853, #925, #939, #811 ) ) ;
#1050 =( NAMED_UNIT ( * ) PLANE_ANGLE_UNIT ( ) SI_UNIT ( $, .RADIAN. ) );
#1051 = EDGE_LOOP ( 'NONE', ( #689, #342, #1225, #454, #362, #1162 ) ) ;
#1052 = CARTESIAN_POINT ( 'NONE',  ( -0.7548258623209297413, 0.06308881101228951127, 0.9565012161415993308 ) ) ;
#1053 = CARTESIAN_POINT ( 'NONE',  ( -1.217644334218372038, 0.05807213416452050581, -0.9763009524266508254 ) ) ;
#1054 = SURFACE_SIDE_STYLE ('',( #1081 ) ) ;
#1055 = PLANE ( 'NONE',  #258 ) ;
#1056 = FILL_AREA_STYLE ('',( #612 ) ) ;
#1057 = EDGE_CURVE ( 'NONE', #710, #267, #1091, .T. ) ;
#1058 =( NAMED_UNIT ( * ) SI_UNIT ( $, .STERADIAN. ) SOLID_ANGLE_UNIT ( ) );
#1059 = ORIENTED_EDGE ( 'NONE', *, *, #28, .F. ) ;
#1060 = LINE ( 'NONE', #1394, #976 ) ;
#1061 = LINE ( 'NONE', #372, #1100 ) ;
#1062 = UNCERTAINTY_MEASURE_WITH_UNIT (LENGTH_MEASURE( 1.000000000000000082E-05 ), #1356, 'distance_accuracy_value', 'NONE');
#1063 = CYLINDRICAL_SURFACE ( 'NONE', #698, 0.9442026227640299973 ) ;
#1064 = SURFACE_SIDE_STYLE ('',( #480 ) ) ;
#1065 = ADVANCED_FACE ( 'NONE', ( #423 ), #1454, .F. ) ;
#1066 = EDGE_LOOP ( 'NONE', ( #1124, #1014, #776, #324 ) ) ;
#1067 = FILL_AREA_STYLE ('',( #727 ) ) ;
#1068 = DIRECTION ( 'NONE',  ( 1.000000000000000000, 8.163404592832036924E-16, 0.000000000000000000 ) ) ;
#1069 = FILL_AREA_STYLE_COLOUR ( '', #59 ) ;
#1070 = STYLED_ITEM ( 'NONE', ( #801 ), #476 ) ;
#1071 = CARTESIAN_POINT ( 'NONE',  ( 1.104860989301523766, 0.04214760540542313028, 1.000000000000000222 ) ) ;
#1072 = CARTESIAN_POINT ( 'NONE',  ( 0.8628092057446986596, 0.08302544860683995498, 1.000000000000000222 ) ) ;
#1073 = PRESENTATION_LAYER_ASSIGNMENT (  '', '', ( #817 ) ) ;
#1074 = AXIS2_PLACEMENT_3D ( 'NONE', #962, #71, #639 ) ;
#1075 =( GEOMETRIC_REPRESENTATION_CONTEXT ( 3 ) GLOBAL_UNCERTAINTY_ASSIGNED_CONTEXT ( ( #1266 ) ) GLOBAL_UNIT_ASSIGNED_CONTEXT ( ( #840, #53, #1293 ) ) REPRESENTATION_CONTEXT ( 'NONE', 'WORKASPACE' ) );
#1076 = FACE_OUTER_BOUND ( 'NONE', #1077, .T. ) ;
#1077 = EDGE_LOOP ( 'NONE', ( #1444, #1197, #594, #300 ) ) ;
#1078 = DIRECTION ( 'NONE',  ( -0.000000000000000000, -1.000000000000000000, -0.000000000000000000 ) ) ;
#1079 = EDGE_CURVE ( 'NONE', #422, #1007, #1425, .T. ) ;
#1080 = CARTESIAN_POINT ( 'NONE',  ( 1.000000000000000222, 0.5312499999999996669, 0.9374999999999993339 ) ) ;
#1081 = SURFACE_STYLE_FILL_AREA ( #1418 ) ;
#1082 = CARTESIAN_POINT ( 'NONE',  ( -0.9210719111965848249, -0.03014127708822040425, 0.9741116523516818448 ) ) ;
#1083 = DIRECTION ( 'NONE',  ( -1.000000000000000000, 0.000000000000000000, 0.000000000000000000 ) ) ;
#1084 = CARTESIAN_POINT ( 'NONE',  ( 1.067975120343536810, 0.1595371038549044662, -1.000000000000000000 ) ) ;
#1085 = ORIENTED_EDGE ( 'NONE', *, *, #1221, .F. ) ;
#1086 = DIRECTION ( 'NONE',  ( 1.000000000000000000, 0.000000000000000000, 0.000000000000000000 ) ) ;
#1087 = SURFACE_SIDE_STYLE ('',( #1434 ) ) ;
#1088 = CARTESIAN_POINT ( 'NONE',  ( 1.248394170813992954, 0.1200459141567545018, 1.000000000000000444 ) ) ;
#1089 = CARTESIAN_POINT ( 'NONE',  ( -1.271766406119357873, 0.1051826107614075301, 1.000000000000000222 ) ) ;
#1090 = CARTESIAN_POINT ( 'NONE',  ( 1.067975120343536810, 0.1595371038549044662, 1.000000000000000222 ) ) ;
#1091 = B_SPLINE_CURVE_WITH_KNOTS ( 'NONE', 3,
 ( #674, #641, #788, #537, #302, #889, #1347, #552, #295, #771, #781, #76, #1215, #1318, #984, #314 ),
 .UNSPECIFIED., .F., .F.,
 ( 4, 3, 3, 3, 3, 4 ),
 ( 1.084202172485504434E-19, 1.478966079891673140E-05, 2.938085405988183382E-05, 5.236716074425571050E-05, 9.105018719876430643E-05, 0.0001421983182952946448 ),
 .UNSPECIFIED. ) ;
#1092 = ORIENTED_EDGE ( 'NONE', *, *, #200, .F. ) ;
#1093 = DIRECTION ( 'NONE',  ( -1.000000000000000000, -3.469446951953615767E-15, 0.000000000000000000 ) ) ;
#1094 = AXIS2_PLACEMENT_3D ( 'NONE', #426, #197, #677 ) ;
#1095 =( NAMED_UNIT ( * ) SI_UNIT ( $, .STERADIAN. ) SOLID_ANGLE_UNIT ( ) );
#1096 = STYLED_ITEM ( 'NONE', ( #852 ), #413 ) ;
#1097 = EDGE_CURVE ( 'NONE', #370, #524, #680, .T. ) ;
#1098 =( LENGTH_UNIT ( ) NAMED_UNIT ( * ) SI_UNIT ( .MILLI., .METRE. ) );
#1099 =( GEOMETRIC_REPRESENTATION_CONTEXT ( 3 ) GLOBAL_UNCERTAINTY_ASSIGNED_CONTEXT ( ( #364 ) ) GLOBAL_UNIT_ASSIGNED_CONTEXT ( ( #1388, #61, #951 ) ) REPRESENTATION_CONTEXT ( 'NONE', 'WORKASPACE' ) );
#1100 = VECTOR ( 'NONE', #1184, 1000.000000000000000 ) ;
#1101 = AXIS2_PLACEMENT_3D ( 'NONE', #614, #478, #248 ) ;
#1102 = VERTEX_POINT ( 'NONE', #2 ) ;
#1103 =( GEOMETRIC_REPRESENTATION_CONTEXT ( 3 ) GLOBAL_UNCERTAINTY_ASSIGNED_CONTEXT ( ( #254 ) ) GLOBAL_UNIT_ASSIGNED_CONTEXT ( ( #906, #786, #1438 ) ) REPRESENTATION_CONTEXT ( 'NONE', 'WORKASPACE' ) );
#1104 = DIRECTION ( 'NONE',  ( 0.000000000000000000, 0.000000000000000000, 1.000000000000000000 ) ) ;
#1105 =( NAMED_UNIT ( * ) SI_UNIT ( $, .STERADIAN. ) SOLID_ANGLE_UNIT ( ) );
#1106 = ORIENTED_EDGE ( 'NONE', *, *, #1228, .F. ) ;
#1107 = CARTESIAN_POINT ( 'NONE',  ( 0.7500000000000000000, 0.06250000000000002776, -0.9375000000000001110 ) ) ;
#1108 = VERTEX_POINT ( 'NONE', #111 ) ;
#1109 = PRESENTATION_STYLE_ASSIGNMENT (( #666 ) ) ;
#1110 = ORIENTED_EDGE ( 'NONE', *, *, #200, .T. ) ;
#1111 = DIRECTION ( 'NONE',  ( 0.000000000000000000, 0.000000000000000000, 1.000000000000000000 ) ) ;
#1112 = CARTESIAN_POINT ( 'NONE',  ( -0.7499999999999993339, 0.06250000000000112410, -0.9616605997809875017 ) ) ;
#1113 = DIRECTION ( 'NONE',  ( 1.000000000000000000, 0.000000000000000000, -0.000000000000000000 ) ) ;
#1114 = VERTEX_POINT ( 'NONE', #214 ) ;
#1115 = FILL_AREA_STYLE_COLOUR ( '', #911 ) ;
#1116 = EDGE_CURVE ( 'NONE', #447, #394, #452, .T. ) ;
#1117 =( NAMED_UNIT ( * ) SI_UNIT ( $, .STERADIAN. ) SOLID_ANGLE_UNIT ( ) );
#1118 = EDGE_LOOP ( 'NONE', ( #559, #923, #1059, #1355 ) ) ;
#1119 = FILL_AREA_STYLE_COLOUR ( '', #168 ) ;
#1120 = MECHANICAL_DESIGN_GEOMETRIC_PRESENTATION_REPRESENTATION (  '', ( #1096 ), #383 ) ;
#1121 = CARTESIAN_POINT ( 'NONE',  ( -1.250000000000000222, 1.000000000000000222, 1.000000000000000222 ) ) ;
#1122 = MECHANICAL_DESIGN_GEOMETRIC_PRESENTATION_REPRESENTATION (  '', ( #887 ), #576 ) ;
#1123 =( GEOMETRIC_REPRESENTATION_CONTEXT ( 3 ) GLOBAL_UNCERTAINTY_ASSIGNED_CONTEXT ( ( #1165 ) ) GLOBAL_UNIT_ASSIGNED_CONTEXT ( ( #714, #22, #237 ) ) REPRESENTATION_CONTEXT ( 'NONE', 'WORKASPACE' ) );
#1124 = ORIENTED_EDGE ( 'NONE', *, *, #1263, .T. ) ;
#1125 = CARTESIAN_POINT ( 'NONE',  ( 1.249579735593369989, 0.1344672911011067784, 1.000000000000000222 ) ) ;
#1126 = AXIS2_PLACEMENT_3D ( 'NONE', #319, #1230, #1086 ) ;
#1127 = COLOUR_RGB ( '',0.2509803921568627416, 0.2509803921568627416, 0.2509803921568627416 ) ;
#1128 = DIRECTION ( 'NONE',  ( 1.000000000000000000, 0.000000000000000000, 0.000000000000000000 ) ) ;
#1129 = VECTOR ( 'NONE', #58, 1000.000000000000000 ) ;
#1130 = EDGE_CURVE ( 'NONE', #115, #605, #1239, .T. ) ;
#1131 = VERTEX_POINT ( 'NONE', #508 ) ;
#1132 = SURFACE_SIDE_STYLE ('',( #1332 ) ) ;
#1133 = FILL_AREA_STYLE ('',( #685 ) ) ;
#1134 = CARTESIAN_POINT ( 'NONE',  ( -0.6376953125000003331, 0.06250000000000005551, -1.000000000000000000 ) ) ;
#1135 = ORIENTED_EDGE ( 'NONE', *, *, #1373, .F. ) ;
#1136 = CARTESIAN_POINT ( 'NONE',  ( -0.6376953125000003331, 1.000000000000000222, -0.9999999999999997780 ) ) ;
#1137 =( NAMED_UNIT ( * ) PLANE_ANGLE_UNIT ( ) SI_UNIT ( $, .RADIAN. ) );
#1138 =( NAMED_UNIT ( * ) PLANE_ANGLE_UNIT ( ) SI_UNIT ( $, .RADIAN. ) );
#1139 = CARTESIAN_POINT ( 'NONE',  ( 1.249579735593369767, 0.1344672911011067507, -1.000000000000000000 ) ) ;
#1140 = CARTESIAN_POINT ( 'NONE',  ( -1.178336799086427300, 0.03058348257548229587, 0.9471669326671970923 ) ) ;
#1141 = DIRECTION ( 'NONE',  ( -0.000000000000000000, -0.000000000000000000, -1.000000000000000000 ) ) ;
#1142 = FILL_AREA_STYLE ('',( #1160 ) ) ;
#1143 = CARTESIAN_POINT ( 'NONE',  ( 1.233695012233944732, 0.08295932807676445475, -0.9880397269771000746 ) ) ;
#1144 = VERTEX_POINT ( 'NONE', #484 ) ;
#1145 = MECHANICAL_DESIGN_GEOMETRIC_PRESENTATION_REPRESENTATION (  '', ( #279 ), #357 ) ;
#1146 = DIRECTION ( 'NONE',  ( -1.000000000000000000, 2.168404344971008560E-17, 0.000000000000000000 ) ) ;
#1147 = MECHANICAL_DESIGN_GEOMETRIC_PRESENTATION_REPRESENTATION (  '', ( #529 ), #131 ) ;
#1148 =( NAMED_UNIT ( * ) SI_UNIT ( $, .STERADIAN. ) SOLID_ANGLE_UNIT ( ) );
#1149 = PRESENTATION_STYLE_ASSIGNMENT (( #931 ) ) ;
#1150 = CYLINDRICAL_SURFACE ( 'NONE', #406, 0.9442026227640298863 ) ;
#1151 = LINE ( 'NONE', #593, #1338 ) ;
#1152 = UNCERTAINTY_MEASURE_WITH_UNIT (LENGTH_MEASURE( 1.000000000000000082E-05 ), #518, 'distance_accuracy_value', 'NONE');
#1153 =( NAMED_UNIT ( * ) PLANE_ANGLE_UNIT ( ) SI_UNIT ( $, .RADIAN. ) );
#1154 = CARTESIAN_POINT ( 'NONE',  ( 1.249579735593369989, 0.1344672911011067784, 1.000000000000000222 ) ) ;
#1155 = FILL_AREA_STYLE ('',( #491 ) ) ;
#1156 = VERTEX_POINT ( 'NONE', #938 ) ;
#1157 = CARTESIAN_POINT ( 'NONE',  ( -0.7593744499308626716, 0.08685181782375943349, -1.000000000000000222 ) ) ;
#1158 = EDGE_CURVE ( 'NONE', #1144, #42, #1061, .T. ) ;
#1159 = DIRECTION ( 'NONE',  ( -1.000000000000000000, 0.000000000000000000, 0.000000000000000000 ) ) ;
#1160 = FILL_AREA_STYLE_COLOUR ( '', #236 ) ;
#1161 =( LENGTH_UNIT ( ) NAMED_UNIT ( * ) SI_UNIT ( .MILLI., .METRE. ) );
#1162 = ORIENTED_EDGE ( 'NONE', *, *, #1130, .F. ) ;
#1163 = CARTESIAN_POINT ( 'NONE',  ( -0.7780599094742671751, 0.06628892437182448694, 0.9793004782539295183 ) ) ;
#1164 = SURFACE_STYLE_USAGE ( .BOTH. , #66 ) ;
#1165 = UNCERTAINTY_MEASURE_WITH_UNIT (LENGTH_MEASURE( 1.000000000000000082E-05 ), #714, 'distance_accuracy_value', 'NONE');
#1166 = EDGE_CURVE ( 'NONE', #955, #1312, #596, .T. ) ;
#1167 = SURFACE_STYLE_FILL_AREA ( #1409 ) ;
#1168 =( GEOMETRIC_REPRESENTATION_CONTEXT ( 3 ) GLOBAL_UNCERTAINTY_ASSIGNED_CONTEXT ( ( #1283 ) ) GLOBAL_UNIT_ASSIGNED_CONTEXT ( ( #745, #846, #421 ) ) REPRESENTATION_CONTEXT ( 'NONE', 'WORKASPACE' ) );
#1169 = STYLED_ITEM ( 'NONE', ( #965 ), #1286 ) ;
#1170 = DIRECTION ( 'NONE',  ( -1.000000000000000000, 0.000000000000000000, 0.000000000000000000 ) ) ;
#1171 = PRODUCT_CONTEXT ( 'NONE', #147, 'mechanical' ) ;
#1172 = ORIENTED_EDGE ( 'NONE', *, *, #1166, .F. ) ;
#1173 = FILL_AREA_STYLE ('',( #950 ) ) ;
#1174 = ORIENTED_EDGE ( 'NONE', *, *, #1130, .T. ) ;
#1175 = SURFACE_SIDE_STYLE ('',( #575 ) ) ;
#1176 = UNCERTAINTY_MEASURE_WITH_UNIT (LENGTH_MEASURE( 1.000000000000000082E-05 ), #178, 'distance_accuracy_value', 'NONE');
#1177 = CARTESIAN_POINT ( 'NONE',  ( -1.125000000000000444, 0.1447088475983442923, -1.573673742208931525 ) ) ;
#1178 = SURFACE_SIDE_STYLE ('',( #1314 ) ) ;
#1179 = CARTESIAN_POINT ( 'NONE',  ( 1.252077897631610703, 0.1360496760810698813, -1.000000000000000000 ) ) ;
#1180 = EDGE_CURVE ( 'NONE', #42, #1440, #849, .T. ) ;
#1181 = ORIENTED_EDGE ( 'NONE', *, *, #496, .T. ) ;
#1182 = DIRECTION ( 'NONE',  ( 1.000000000000000000, 0.000000000000000000, -0.000000000000000000 ) ) ;
#1183 = AXIS2_PLACEMENT_3D ( 'NONE', #905, #1244, #226 ) ;
#1184 = DIRECTION ( 'NONE',  ( -0.000000000000000000, 0.000000000000000000, -1.000000000000000000 ) ) ;
#1185 = CARTESIAN_POINT ( 'NONE',  ( 1.249579735593369989, 0.1344672911011067784, 1.000000000000000222 ) ) ;
#1186 = STYLED_ITEM ( 'NONE', ( #353 ), #796 ) ;
#1187 = COLOUR_RGB ( '',0.000000000000000000, 0.000000000000000000, 0.000000000000000000 ) ;
#1188 =( BOUNDED_CURVE ( )  B_SPLINE_CURVE ( 3, ( #309, #566, #212, #778 ),
 .UNSPECIFIED., .F., .F. ) 
 B_SPLINE_CURVE_WITH_KNOTS ( ( 4, 4 ),
 ( 0.000000000000000000, 1.000000000000000000 ),
 .UNSPECIFIED. ) 
 CURVE ( )  GEOMETRIC_REPRESENTATION_ITEM ( )  RATIONAL_B_SPLINE_CURVE ( ( 1.000000000000000000, 0.9395189745965862871, 0.9395189745965862871, 1.000000000000000000 ) ) 
 REPRESENTATION_ITEM ( '' )  );
#1189 = CARTESIAN_POINT ( 'NONE',  ( 0.7470478361795636069, 0.06408646833409721577, 0.9375000000000003331 ) ) ;
#1190 = DIRECTION ( 'NONE',  ( -0.000000000000000000, -0.000000000000000000, -1.000000000000000000 ) ) ;
#1191 = PRESENTATION_LAYER_ASSIGNMENT (  '', '', ( #128 ) ) ;
#1192 =( GEOMETRIC_REPRESENTATION_CONTEXT ( 3 ) GLOBAL_UNCERTAINTY_ASSIGNED_CONTEXT ( ( #814 ) ) GLOBAL_UNIT_ASSIGNED_CONTEXT ( ( #875, #657, #538 ) ) REPRESENTATION_CONTEXT ( 'NONE', 'WORKASPACE' ) );
#1193 = ORIENTED_EDGE ( 'NONE', *, *, #84, .T. ) ;
#1194 = LINE ( 'NONE', #1403, #863 ) ;
#1195 = FACE_OUTER_BOUND ( 'NONE', #483, .T. ) ;
#1196 = LINE ( 'NONE', #975, #152 ) ;
#1197 = ORIENTED_EDGE ( 'NONE', *, *, #1384, .T. ) ;
#1198 = SURFACE_STYLE_USAGE ( .BOTH. , #192 ) ;
#1199 = FACE_OUTER_BOUND ( 'NONE', #313, .T. ) ;
#1200 = FILL_AREA_STYLE ('',( #96 ) ) ;
#1201 = EDGE_CURVE ( 'NONE', #632, #112, #323, .T. ) ;
#1202 = CARTESIAN_POINT ( 'NONE',  ( 0.7768069142760855028, 0.1190468838242033783, 1.000000000000000222 ) ) ;
#1203 = CARTESIAN_POINT ( 'NONE',  ( 1.104860989301524210, 0.04214760540542356049, -1.000000000000000000 ) ) ;
#1204 = ORIENTED_EDGE ( 'NONE', *, *, #709, .F. ) ;
#1205 = SURFACE_SIDE_STYLE ('',( #761 ) ) ;
#1206 = SURFACE_STYLE_FILL_AREA ( #431 ) ;
#1207 = CIRCLE ( 'NONE', #331, 0.9442026227640298863 ) ;
#1208 = EDGE_CURVE ( 'NONE', #872, #947, #14, .T. ) ;
#1209 = VERTEX_POINT ( 'NONE', #957 ) ;
#1210 = SURFACE_SIDE_STYLE ('',( #777 ) ) ;
#1211 = AXIS2_PLACEMENT_3D ( 'NONE', #79, #1190, #1083 ) ;
#1212 = CARTESIAN_POINT ( 'NONE',  ( 1.285688283982492131, 0.08335629955854587103, -0.9741116523516815118 ) ) ;
#1213 = VECTOR ( 'NONE', #1426, 1000.000000000000000 ) ;
#1214 = ORIENTED_EDGE ( 'NONE', *, *, #1079, .F. ) ;
#1215 = CARTESIAN_POINT ( 'NONE',  ( 0.8132583419844249262, 0.07226285214360265996, -0.9939759402710751646 ) ) ;
#1216 = VECTOR ( 'NONE', #231, 1000.000000000000000 ) ;
#1217 =( NAMED_UNIT ( * ) PLANE_ANGLE_UNIT ( ) SI_UNIT ( $, .RADIAN. ) );
#1218 = ORIENTED_EDGE ( 'NONE', *, *, #469, .F. ) ;
#1219 = CARTESIAN_POINT ( 'NONE',  ( -0.8396688571996763217, 0.07734457780830479579, -0.9999999999999997780 ) ) ;
#1220 = CARTESIAN_POINT ( 'NONE',  ( 0.8628092057446986596, 0.08302544860683994110, -1.000000000000000000 ) ) ;
#1221 = EDGE_CURVE ( 'NONE', #1102, #955, #378, .T. ) ;
#1222 = CYLINDRICAL_SURFACE ( 'NONE', #1420, 0.1250000000000001110 ) ;
#1223 =( NAMED_UNIT ( * ) SI_UNIT ( $, .STERADIAN. ) SOLID_ANGLE_UNIT ( ) );
#1224 = FILL_AREA_STYLE_COLOUR ( '', #1282 ) ;
#1225 = ORIENTED_EDGE ( 'NONE', *, *, #1020, .F. ) ;
#1226 = SURFACE_SIDE_STYLE ('',( #91 ) ) ;
#1227 = SURFACE_SIDE_STYLE ('',( #312 ) ) ;
#1228 = EDGE_CURVE ( 'NONE', #1440, #1131, #276, .T. ) ;
#1229 = VERTEX_POINT ( 'NONE', #153 ) ;
#1230 = DIRECTION ( 'NONE',  ( 0.000000000000000000, 0.000000000000000000, 1.000000000000000000 ) ) ;
#1231 = DIRECTION ( 'NONE',  ( 0.000000000000000000, 0.000000000000000000, -1.000000000000000000 ) ) ;
#1232 = ORIENTED_EDGE ( 'NONE', *, *, #919, .F. ) ;
#1233 = CARTESIAN_POINT ( 'NONE',  ( -0.6376953125000003331, 1.000000000000000222, 1.000000000000000222 ) ) ;
#1234 = STYLED_ITEM ( 'NONE', ( #494 ), #619 ) ;
#1235 = PRESENTATION_STYLE_ASSIGNMENT (( #792 ) ) ;
#1236 = VECTOR ( 'NONE', #757, 1000.000000000000000 ) ;
#1237 = COLOUR_RGB ( '',0.7529411764705882248, 0.7529411764705882248, 0.7529411764705882248 ) ;
#1238 = VERTEX_POINT ( 'NONE', #1041 ) ;
#1239 = CIRCLE ( 'NONE', #603, 0.9442026227640298863 ) ;
#1240 = CLOSED_SHELL ( 'NONE', ( #613, #328, #439, #424, #959, #1411 ) ) ;
#1241 = DIRECTION ( 'NONE',  ( -1.000000000000000000, 0.000000000000000000, 0.000000000000000000 ) ) ;
#1242 = AXIS2_PLACEMENT_3D ( 'NONE', #881, #891, #73 ) ;
#1243 = ORIENTED_EDGE ( 'NONE', *, *, #1020, .T. ) ;
#1244 = DIRECTION ( 'NONE',  ( 0.000000000000000000, 0.000000000000000000, 1.000000000000000000 ) ) ;
#1245 = CARTESIAN_POINT ( 'NONE',  ( 1.163461538461538547, 0.02577310839783472987, -0.9375000000000002220 ) ) ;
#1246 = CARTESIAN_POINT ( 'NONE',  ( -1.247821721225053304, 0.1130825567364305284, 1.000000000000000222 ) ) ;
#1247 = B_SPLINE_CURVE_WITH_KNOTS ( 'NONE', 3,
 ( #809, #1140, #584, #997, #213, #318, #787, #347, #902, #110, #1246, #1028 ),
 .UNSPECIFIED., .F., .F.,
 ( 4, 2, 2, 2, 2, 4 ),
 ( 0.000000000000000000, 0.2499999999999982236, 0.3749999999999954481, 0.4374999999999946709, 0.4999999999999937828, 1.000000000000000000 ),
 .UNSPECIFIED. ) ;
#1248 =( LENGTH_UNIT ( ) NAMED_UNIT ( * ) SI_UNIT ( .MILLI., .METRE. ) );
#1249 = DIRECTION ( 'NONE',  ( 0.000000000000000000, -1.000000000000000000, -0.000000000000000000 ) ) ;
#1250 =( LENGTH_UNIT ( ) NAMED_UNIT ( * ) SI_UNIT ( .MILLI., .METRE. ) );
#1251 = PLANE ( 'NONE',  #307 ) ;
#1252 = CARTESIAN_POINT ( 'NONE',  ( -1.250000000000000222, 0.2812499999999998890, -1.000000000000000000 ) ) ;
#1253 = VECTOR ( 'NONE', #759, 1000.000000000000000 ) ;
#1254 = SURFACE_STYLE_USAGE ( .BOTH. , #266 ) ;
#1255 = MECHANICAL_DESIGN_GEOMETRIC_PRESENTATION_REPRESENTATION (  '', ( #56 ), #996 ) ;
#1256 = MECHANICAL_DESIGN_GEOMETRIC_PRESENTATION_REPRESENTATION (  '', ( #167 ), #1123 ) ;
#1257 =( NAMED_UNIT ( * ) PLANE_ANGLE_UNIT ( ) SI_UNIT ( $, .RADIAN. ) );
#1258 = MECHANICAL_DESIGN_GEOMETRIC_PRESENTATION_REPRESENTATION (  '', ( #799 ), #1099 ) ;
#1259 = MECHANICAL_DESIGN_GEOMETRIC_PRESENTATION_REPRESENTATION (  '', ( #16 ), #1168 ) ;
#1260 = SURFACE_STYLE_FILL_AREA ( #462 ) ;
#1261 = SURFACE_STYLE_FILL_AREA ( #1142 ) ;
#1262 = SURFACE_STYLE_FILL_AREA ( #1027 ) ;
#1263 = EDGE_CURVE ( 'NONE', #425, #632, #563, .T. ) ;
#1264 = ORIENTED_EDGE ( 'NONE', *, *, #5, .F. ) ;
#1265 = PRESENTATION_STYLE_ASSIGNMENT (( #1368 ) ) ;
#1266 = UNCERTAINTY_MEASURE_WITH_UNIT (LENGTH_MEASURE( 1.000000000000000082E-05 ), #840, 'distance_accuracy_value', 'NONE');
#1267 = UNCERTAINTY_MEASURE_WITH_UNIT (LENGTH_MEASURE( 1.000000000000000082E-05 ), #260, 'distance_accuracy_value', 'NONE');
#1268 = PRESENTATION_STYLE_ASSIGNMENT (( #823 ) ) ;
#1269 = LINE ( 'NONE', #824, #767 ) ;
#1270 =( NAMED_UNIT ( * ) SI_UNIT ( $, .STERADIAN. ) SOLID_ANGLE_UNIT ( ) );
#1271 = CARTESIAN_POINT ( 'NONE',  ( -1.067975120343537032, 0.1595371038549044940, 1.000000000000000222 ) ) ;
#1272 = ORIENTED_EDGE ( 'NONE', *, *, #747, .F. ) ;
#1273 = CARTESIAN_POINT ( 'NONE',  ( -0.7606363955405480715, 0.06383544024819569340, 0.9644535627928719768 ) ) ;
#1274 = DIRECTION ( 'NONE',  ( 0.000000000000000000, 0.000000000000000000, 1.000000000000000000 ) ) ;
#1275 = PRESENTATION_STYLE_ASSIGNMENT (( #1294 ) ) ;
#1276 = CARTESIAN_POINT ( 'NONE',  ( -1.134950096862604951, 0.06236426270810814521, 1.000000000000000222 ) ) ;
#1277 = CIRCLE ( 'NONE', #574, 0.9442026227640298863 ) ;
#1278 = ORIENTED_EDGE ( 'NONE', *, *, #1311, .T. ) ;
#1279 = CARTESIAN_POINT ( 'NONE',  ( -0.7510717424034956125, 0.06262708462889730876, 0.9474371330058517504 ) ) ;
#1280 = COLOUR_RGB ( '',0.2862745098039215508, 0.2862745098039215508, 0.2862745098039215508 ) ;
#1281 = DIRECTION ( 'NONE',  ( 1.000000000000000000, 0.000000000000000000, 0.000000000000000000 ) ) ;
#1282 = COLOUR_RGB ( '',0.7529411764705882248, 0.7529411764705882248, 0.7529411764705882248 ) ;
#1283 = UNCERTAINTY_MEASURE_WITH_UNIT (LENGTH_MEASURE( 1.000000000000000082E-05 ), #745, 'distance_accuracy_value', 'NONE');
#1284 =( NAMED_UNIT ( * ) PLANE_ANGLE_UNIT ( ) SI_UNIT ( $, .RADIAN. ) );
#1285 = VECTOR ( 'NONE', #1404, 1000.000000000000000 ) ;
#1286 = ADVANCED_FACE ( 'NONE', ( #739 ), #1387, .T. ) ;
#1287 = AXIS2_PLACEMENT_3D ( 'NONE', #649, #304, #1093 ) ;
#1288 = FILL_AREA_STYLE ('',( #391 ) ) ;
#1289 =( LENGTH_UNIT ( ) NAMED_UNIT ( * ) SI_UNIT ( .MILLI., .METRE. ) );
#1290 = SURFACE_SIDE_STYLE ('',( #708 ) ) ;
#1291 = ORIENTED_EDGE ( 'NONE', *, *, #522, .T. ) ;
#1292 = DIRECTION ( 'NONE',  ( -1.000000000000000000, 0.000000000000000000, 0.000000000000000000 ) ) ;
#1293 =( NAMED_UNIT ( * ) SI_UNIT ( $, .STERADIAN. ) SOLID_ANGLE_UNIT ( ) );
#1294 = SURFACE_STYLE_USAGE ( .BOTH. , #1054 ) ;
#1295 = CARTESIAN_POINT ( 'NONE',  ( -1.118842454541727927, -0.02306604720718678780, 0.9375000000000003331 ) ) ;
#1296 = CARTESIAN_POINT ( 'NONE',  ( 1.285688283982492131, 0.08335629955854585715, -0.9375000000000000000 ) ) ;
#1297 = ORIENTED_EDGE ( 'NONE', *, *, #1208, .T. ) ;
#1298 = CARTESIAN_POINT ( 'NONE',  ( -1.250000000000000222, 0.2812500000000000555, -1.573673742208931525 ) ) ;
#1299 = UNCERTAINTY_MEASURE_WITH_UNIT (LENGTH_MEASURE( 1.000000000000000082E-05 ), #39, 'distance_accuracy_value', 'NONE');
#1300 = CARTESIAN_POINT ( 'NONE',  ( 1.252077897631610925, 0.1360496760810696593, 1.000000000000000222 ) ) ;
#1301 = DIRECTION ( 'NONE',  ( 1.000000000000000000, 0.000000000000000000, -0.000000000000000000 ) ) ;
#1302 = ORIENTED_EDGE ( 'NONE', *, *, #272, .F. ) ;
#1303 = CARTESIAN_POINT ( 'NONE',  ( -0.7499999999999998890, 0.06250000000000004163, 0.9424298869329719164 ) ) ;
#1304 = CIRCLE ( 'NONE', #682, 0.1250000000000001110 ) ;
#1305 = DIRECTION ( 'NONE',  ( 0.000000000000000000, 0.000000000000000000, 1.000000000000000000 ) ) ;
#1306 = FACE_OUTER_BOUND ( 'NONE', #1408, .T. ) ;
#1307 = MECHANICAL_DESIGN_GEOMETRIC_PRESENTATION_REPRESENTATION (  '', ( #1070 ), #104 ) ;
#1308 =( NAMED_UNIT ( * ) SI_UNIT ( $, .STERADIAN. ) SOLID_ANGLE_UNIT ( ) );
#1309 = PRESENTATION_LAYER_ASSIGNMENT (  '', '', ( #286 ) ) ;
#1310 = CARTESIAN_POINT ( 'NONE',  ( -0.8628092057446986596, 0.08302544860683996886, -1.000000000000000000 ) ) ;
#1311 = EDGE_CURVE ( 'NONE', #394, #1003, #264, .T. ) ;
#1312 = VERTEX_POINT ( 'NONE', #164 ) ;
#1313 = CARTESIAN_POINT ( 'NONE',  ( -1.118842454541727705, -0.02306604720718698209, -0.9741116523516815118 ) ) ;
#1314 = SURFACE_STYLE_FILL_AREA ( #1288 ) ;
#1315 = DIRECTION ( 'NONE',  ( -0.000000000000000000, -0.000000000000000000, -1.000000000000000000 ) ) ;
#1316 = PRESENTATION_STYLE_ASSIGNMENT (( #754 ) ) ;
#1317 = ORIENTED_EDGE ( 'NONE', *, *, #820, .F. ) ;
#1318 = CARTESIAN_POINT ( 'NONE',  ( 0.8294554197310185506, 0.07532795312027165680, -0.9982152973226933179 ) ) ;
#1319 = CARTESIAN_POINT ( 'NONE',  ( -0.7500000000000003331, 0.06250000000000005551, -1.573673742208931525 ) ) ;
#1320 = DIRECTION ( 'NONE',  ( 0.000000000000000000, 0.000000000000000000, 1.000000000000000000 ) ) ;
#1321 = ORIENTED_EDGE ( 'NONE', *, *, #1180, .F. ) ;
#1322 =( NAMED_UNIT ( * ) SI_UNIT ( $, .STERADIAN. ) SOLID_ANGLE_UNIT ( ) );
#1323 = FILL_AREA_STYLE_COLOUR ( '', #1187 ) ;
#1324 = DIRECTION ( 'NONE',  ( -0.000000000000000000, -0.000000000000000000, -1.000000000000000000 ) ) ;
#1325 = ORIENTED_EDGE ( 'NONE', *, *, #731, .F. ) ;
#1326 =( NAMED_UNIT ( * ) SI_UNIT ( $, .STERADIAN. ) SOLID_ANGLE_UNIT ( ) );
#1327 = LINE ( 'NONE', #204, #1213 ) ;
#1328 = SURFACE_SIDE_STYLE ('',( #775 ) ) ;
#1329 = COLOUR_RGB ( '',0.7529411764705882248, 0.7529411764705882248, 0.7529411764705882248 ) ;
#1330 = ORIENTED_EDGE ( 'NONE', *, *, #572, .F. ) ;
#1331 = EDGE_CURVE ( 'NONE', #726, #444, #1327, .T. ) ;
#1332 = SURFACE_STYLE_FILL_AREA ( #784 ) ;
#1333 = DIRECTION ( 'NONE',  ( 0.000000000000000000, 0.000000000000000000, 1.000000000000000000 ) ) ;
#1334 = COLOUR_RGB ( '',0.7529411764705882248, 0.7529411764705882248, 0.7529411764705882248 ) ;
#1335 = CARTESIAN_POINT ( 'NONE',  ( 0.6376953125000003331, 1.000000000000000222, 1.000000000000000222 ) ) ;
#1336 = PRESENTATION_LAYER_ASSIGNMENT (  '', '', ( #655 ) ) ;
#1337 = COLOUR_RGB ( '',0.2862745098039215508, 0.2862745098039215508, 0.2862745098039215508 ) ;
#1338 = VECTOR ( 'NONE', #368, 1000.000000000000000 ) ;
#1339 = PRESENTATION_LAYER_ASSIGNMENT (  '', '', ( #1169 ) ) ;
#1340 = ORIENTED_EDGE ( 'NONE', *, *, #555, .T. ) ;
#1341 = CARTESIAN_POINT ( 'NONE',  ( -1.250000000000000222, 0.1447088475983442923, 1.000000000000000222 ) ) ;
#1342 = CARTESIAN_POINT ( 'NONE',  ( -1.285688283982492575, 0.08335629955854605144, -0.9375000000000000000 ) ) ;
#1343 = ORIENTED_EDGE ( 'NONE', *, *, #398, .F. ) ;
#1344 = ADVANCED_FACE ( 'NONE', ( #1199 ), #290, .F. ) ;
#1345 = DIRECTION ( 'NONE',  ( 1.000000000000000000, 0.000000000000000000, 0.000000000000000000 ) ) ;
#1346 = ORIENTED_EDGE ( 'NONE', *, *, #1433, .F. ) ;
#1347 = CARTESIAN_POINT ( 'NONE',  ( 0.7606363955405487376, 0.06383544024819563789, -0.9644535627928725319 ) ) ;
#1348 = EDGE_LOOP ( 'NONE', ( #458, #755, #1343, #8, #97, #780 ) ) ;
#1349 = CARTESIAN_POINT ( 'NONE',  ( -0.6376953125000003331, 1.000000000000000222, -0.9999999999999997780 ) ) ;
#1350 =( NAMED_UNIT ( * ) SI_UNIT ( $, .STERADIAN. ) SOLID_ANGLE_UNIT ( ) );
#1351 = FILL_AREA_STYLE_COLOUR ( '', #532 ) ;
#1352 = ORIENTED_EDGE ( 'NONE', *, *, #182, .F. ) ;
#1353 = CARTESIAN_POINT ( 'NONE',  ( -1.250000000000000222, 0.1595371038549044940, -0.9999999999999997780 ) ) ;
#1354 =( LENGTH_UNIT ( ) NAMED_UNIT ( * ) SI_UNIT ( .MILLI., .METRE. ) );
#1355 = ORIENTED_EDGE ( 'NONE', *, *, #589, .T. ) ;
#1356 =( LENGTH_UNIT ( ) NAMED_UNIT ( * ) SI_UNIT ( .MILLI., .METRE. ) );
#1357 = CARTESIAN_POINT ( 'NONE',  ( 1.248650452905608832, 0.1231633656124376530, -1.000000000000000222 ) ) ;
#1358 = AXIS2_PLACEMENT_3D ( 'NONE', #1349, #325, #791 ) ;
#1359 =( GEOMETRIC_REPRESENTATION_CONTEXT ( 3 ) GLOBAL_UNCERTAINTY_ASSIGNED_CONTEXT ( ( #841 ) ) GLOBAL_UNIT_ASSIGNED_CONTEXT ( ( #740, #1284, #829 ) ) REPRESENTATION_CONTEXT ( 'NONE', 'WORKASPACE' ) );
#1360 = MECHANICAL_DESIGN_GEOMETRIC_PRESENTATION_REPRESENTATION (  '', ( #773 ), #890 ) ;
#1361 = ORIENTED_EDGE ( 'NONE', *, *, #544, .F. ) ;
#1362 = VECTOR ( 'NONE', #1037, 1000.000000000000000 ) ;
#1363 = AXIS2_PLACEMENT_3D ( 'NONE', #269, #834, #1281 ) ;
#1364 = FACE_OUTER_BOUND ( 'NONE', #141, .T. ) ;
#1365 = APPLICATION_CONTEXT ( 'automotive_design' ) ;
#1366 = ORIENTED_EDGE ( 'NONE', *, *, #833, .T. ) ;
#1367 = CARTESIAN_POINT ( 'NONE',  ( -0.7500000000000001110, 0.06250000000000005551, -0.9375000000000003331 ) ) ;
#1368 = SURFACE_STYLE_USAGE ( .BOTH. , #1034 ) ;
#1369 = SURFACE_STYLE_FILL_AREA ( #486 ) ;
#1370 = DIRECTION ( 'NONE',  ( 1.000000000000000000, 0.000000000000000000, 0.000000000000000000 ) ) ;
#1371 =( NAMED_UNIT ( * ) PLANE_ANGLE_UNIT ( ) SI_UNIT ( $, .RADIAN. ) );
#1372 = CARTESIAN_POINT ( 'NONE',  ( -1.250000000000000222, 0.2812500000000001110, -1.573673742208931525 ) ) ;
#1373 = EDGE_CURVE ( 'NONE', #163, #1238, #95, .T. ) ;
#1374 =( NAMED_UNIT ( * ) PLANE_ANGLE_UNIT ( ) SI_UNIT ( $, .RADIAN. ) );
#1375 = VECTOR ( 'NONE', #720, 1000.000000000000000 ) ;
#1376 = PRESENTATION_LAYER_ASSIGNMENT (  '', '', ( #529 ) ) ;
#1377 = DIRECTION ( 'NONE',  ( 0.000000000000000000, 0.000000000000000000, 1.000000000000000000 ) ) ;
#1378 = CARTESIAN_POINT ( 'NONE',  ( 0.7500000000000000000, 0.06250000000000005551, 0.9374999999999993339 ) ) ;
#1379 = VERTEX_POINT ( 'NONE', #321 ) ;
#1380 =( NAMED_UNIT ( * ) SI_UNIT ( $, .STERADIAN. ) SOLID_ANGLE_UNIT ( ) );
#1381 = CARTESIAN_POINT ( 'NONE',  ( -1.250000000000000222, 1.000000000000000222, -1.000000000000000000 ) ) ;
#1382 = UNCERTAINTY_MEASURE_WITH_UNIT (LENGTH_MEASURE( 1.000000000000000082E-05 ), #868, 'distance_accuracy_value', 'NONE');
#1383 =( NAMED_UNIT ( * ) PLANE_ANGLE_UNIT ( ) SI_UNIT ( $, .RADIAN. ) );
#1384 = EDGE_CURVE ( 'NONE', #1385, #710, #634, .T. ) ;
#1385 = VERTEX_POINT ( 'NONE', #183 ) ;
#1386 = CARTESIAN_POINT ( 'NONE',  ( -0.8628092057446986596, 0.08302544860683999661, 1.000000000000000222 ) ) ;
#1387 = CYLINDRICAL_SURFACE ( 'NONE', #1363, 0.5312499999999997780 ) ;
#1388 =( LENGTH_UNIT ( ) NAMED_UNIT ( * ) SI_UNIT ( .MILLI., .METRE. ) );
#1389 =( LENGTH_UNIT ( ) NAMED_UNIT ( * ) SI_UNIT ( .MILLI., .METRE. ) );
#1390 = FILL_AREA_STYLE_COLOUR ( '', #1019 ) ;
#1391 = SURFACE_SIDE_STYLE ('',( #1262 ) ) ;
#1392 =( NAMED_UNIT ( * ) SI_UNIT ( $, .STERADIAN. ) SOLID_ANGLE_UNIT ( ) );
#1393 = CIRCLE ( 'NONE', #475, 0.1250000000000001110 ) ;
#1394 = CARTESIAN_POINT ( 'NONE',  ( -1.250000000000000222, 1.000000000000000222, -1.000000000000000000 ) ) ;
#1395 = CIRCLE ( 'NONE', #630, 0.9442026227640299973 ) ;
#1396 = MECHANICAL_DESIGN_GEOMETRIC_PRESENTATION_REPRESENTATION (  '', ( #128 ), #684 ) ;
#1397 = UNCERTAINTY_MEASURE_WITH_UNIT (LENGTH_MEASURE( 1.000000000000000082E-05 ), #20, 'distance_accuracy_value', 'NONE');
#1398 = STYLED_ITEM ( 'NONE', ( #774 ), #1411 ) ;
#1399 = CARTESIAN_POINT ( 'NONE',  ( -1.163461538461538547, 0.02577310839783474722, -1.573673742208931525 ) ) ;
#1400 = STYLED_ITEM ( 'NONE', ( #1235 ), #280 ) ;
#1401 = PLANE ( 'NONE',  #1074 ) ;
#1402 = VERTEX_POINT ( 'NONE', #1341 ) ;
#1403 = CARTESIAN_POINT ( 'NONE',  ( -1.250000000000000222, 1.000000000000000000, 1.000000000000000222 ) ) ;
#1404 = DIRECTION ( 'NONE',  ( 0.000000000000000000, -1.000000000000000000, -0.000000000000000000 ) ) ;
#1405 = CARTESIAN_POINT ( 'NONE',  ( -0.6376953125000003331, 1.000000000000000222, 1.000000000000000222 ) ) ;
#1406 = CARTESIAN_POINT ( 'NONE',  ( 1.113051142017387418, 0.003946332156843879342, 1.000000000000000444 ) ) ;
#1407 = FILL_AREA_STYLE_COLOUR ( '', #410 ) ;
#1408 = EDGE_LOOP ( 'NONE', ( #1204, #100, #988, #738 ) ) ;
#1409 = FILL_AREA_STYLE ('',( #736 ) ) ;
#1410 = CARTESIAN_POINT ( 'NONE',  ( -0.9210719111965847139, -0.03014127708822040425, 0.9375000000000003331 ) ) ;
#1411 = ADVANCED_FACE ( 'NONE', ( #296 ), #1417, .F. ) ;
#1412 = CARTESIAN_POINT ( 'NONE',  ( 1.118842454541727482, -0.02306604720718668719, -0.9375000000000000000 ) ) ;
#1413 = ORIENTED_EDGE ( 'NONE', *, *, #820, .T. ) ;
#1414 = PRESENTATION_LAYER_ASSIGNMENT (  '', '', ( #1234 ) ) ;
#1415 =( NAMED_UNIT ( * ) SI_UNIT ( $, .STERADIAN. ) SOLID_ANGLE_UNIT ( ) );
#1416 = MECHANICAL_DESIGN_GEOMETRIC_PRESENTATION_REPRESENTATION (  '', ( #303 ), #628 ) ;
#1417 = PLANE ( 'NONE',  #1242 ) ;
#1418 = FILL_AREA_STYLE ('',( #1069 ) ) ;
#1419 =( GEOMETRIC_REPRESENTATION_CONTEXT ( 3 ) GLOBAL_UNCERTAINTY_ASSIGNED_CONTEXT ( ( #60 ) ) GLOBAL_UNIT_ASSIGNED_CONTEXT ( ( #299, #894, #1095 ) ) REPRESENTATION_CONTEXT ( 'NONE', 'WORKASPACE' ) );
#1420 = AXIS2_PLACEMENT_3D ( 'NONE', #1441, #756, #289 ) ;
#1421 = SURFACE_SIDE_STYLE ('',( #638 ) ) ;
#1422 = PRESENTATION_LAYER_ASSIGNMENT (  '', '', ( #108 ) ) ;
#1423 =( NAMED_UNIT ( * ) SI_UNIT ( $, .STERADIAN. ) SOLID_ANGLE_UNIT ( ) );
#1424 = ORIENTED_EDGE ( 'NONE', *, *, #298, .F. ) ;
#1425 = LINE ( 'NONE', #865, #1046 ) ;
#1426 = DIRECTION ( 'NONE',  ( 1.000000000000000000, 0.000000000000000000, 0.000000000000000000 ) ) ;
#1427 = CARTESIAN_POINT ( 'NONE',  ( -0.6376953125000003331, 1.000000000000000222, -1.573673742208931525 ) ) ;
#1428 = ORIENTED_EDGE ( 'NONE', *, *, #1116, .T. ) ;
#1429 = DIRECTION ( 'NONE',  ( 0.000000000000000000, 0.000000000000000000, 1.000000000000000000 ) ) ;
#1430 = SURFACE_SIDE_STYLE ('',( #961 ) ) ;
#1431 = DIRECTION ( 'NONE',  ( 1.000000000000000000, 0.000000000000000000, 0.000000000000000000 ) ) ;
#1432 = ORIENTED_EDGE ( 'NONE', *, *, #522, .F. ) ;
#1433 = EDGE_CURVE ( 'NONE', #370, #947, #326, .T. ) ;
#1434 = SURFACE_STYLE_FILL_AREA ( #642 ) ;
#1435 = CARTESIAN_POINT ( 'NONE',  ( -1.118842454541727927, -0.02306604720718698903, -0.9375000000000000000 ) ) ;
#1436 = FACE_OUTER_BOUND ( 'NONE', #75, .T. ) ;
#1437 = PLANE ( 'NONE',  #554 ) ;
#1438 =( NAMED_UNIT ( * ) SI_UNIT ( $, .STERADIAN. ) SOLID_ANGLE_UNIT ( ) );
#1439 = ADVANCED_BREP_SHAPE_REPRESENTATION ( 'MAKK2520H1R0M', ( #986, #17, #44, #32, #1101 ), #340 ) ;
#1440 = VERTEX_POINT ( 'NONE', #490 ) ;
#1441 = CARTESIAN_POINT ( 'NONE',  ( 1.125000000000000444, 0.1447088475983442923, -1.573673742208931525 ) ) ;
#1442 = CARTESIAN_POINT ( 'NONE',  ( -1.113051142017387418, 0.003946332156843811688, -1.000000000000000000 ) ) ;
#1443 = CIRCLE ( 'NONE', #1094, 0.1250000000000001110 ) ;
#1444 = ORIENTED_EDGE ( 'NONE', *, *, #169, .T. ) ;
#1445 =( NAMED_UNIT ( * ) PLANE_ANGLE_UNIT ( ) SI_UNIT ( $, .RADIAN. ) );
#1446 = SURFACE_STYLE_FILL_AREA ( #549 ) ;
#1447 = COLOUR_RGB ( '',0.000000000000000000, 0.000000000000000000, 0.000000000000000000 ) ;
#1448 = CARTESIAN_POINT ( 'NONE',  ( 1.239449630744725583, 0.09435537356026142686, -0.9926790401988744295 ) ) ;
#1449 = AXIS2_PLACEMENT_3D ( 'NONE', #1405, #184, #624 ) ;
#1450 = CIRCLE ( 'NONE', #107, 0.9442026227640298863 ) ;
#1451 =( GEOMETRIC_REPRESENTATION_CONTEXT ( 3 ) GLOBAL_UNCERTAINTY_ASSIGNED_CONTEXT ( ( #160 ) ) GLOBAL_UNIT_ASSIGNED_CONTEXT ( ( #615, #1050, #1058 ) ) REPRESENTATION_CONTEXT ( 'NONE', 'WORKASPACE' ) );
#1452 = MECHANICAL_DESIGN_GEOMETRIC_PRESENTATION_REPRESENTATION (  '', ( #582 ), #1192 ) ;
#1453 = ORIENTED_EDGE ( 'NONE', *, *, #449, .F. ) ;
#1454 = CYLINDRICAL_SURFACE ( 'NONE', #1126, 0.9442026227640299973 ) ;
#1455 = CARTESIAN_POINT ( 'NONE',  ( -0.9249181564712383175, -0.002784114644938961037, -1.000000000000000000 ) ) ;
#1456 = EDGE_LOOP ( 'NONE', ( #1174, #245, #282, #1366 ) ) ;
#1457 = DIRECTION ( 'NONE',  ( 1.000000000000000000, 0.000000000000000000, 0.000000000000000000 ) ) ;
#1458 = FILL_AREA_STYLE_COLOUR ( '', #725 ) ;
ENDSEC;
END-ISO-10303-21;
