ISO-10303-21;
HEADER;
FILE_DESCRIPTION (( 'STEP AP214' ),
    '1' );
FILE_NAME ('BQ25630YBGR.STEP',
    '2026-04-23T08:00:45',
    ( '' ),
    ( '' ),
    'SwSTEP 2.0',
    'SolidWorks 2021',
    '' );
FILE_SCHEMA (( 'AUTOMOTIVE_DESIGN' ));
ENDSEC;

DATA;
#1 =( NAMED_UNIT ( * ) SI_UNIT ( $, .STERADIAN. ) SOLID_ANGLE_UNIT ( ) );
#2 = CARTESIAN_POINT ( 'NONE',  ( 8.348356728138384142E-15, -0.04500000000000001221, 0.1999999999999999833 ) ) ;
#3 = ADVANCED_FACE ( 'NONE', ( #2637 ), #189, .F. ) ;
#4 = DIRECTION ( 'NONE',  ( 0.000000000000000000, 0.000000000000000000, -1.000000000000000000 ) ) ;
#5 = DIRECTION ( 'NONE',  ( 1.000000000000000000, 0.000000000000000000, -1.224646799147353207E-16 ) ) ;
#6 = ORIENTED_EDGE ( 'NONE', *, *, #2797, .F. ) ;
#7 = CARTESIAN_POINT ( 'NONE',  ( -0.3999999999999874767, -0.04500000000000001221, -0.2000000000000000944 ) ) ;
#8 = EDGE_CURVE ( 'NONE', #2856, #2343, #3056, .T. ) ;
#9 = LINE ( 'NONE', #2212, #673 ) ;
#10 = ORIENTED_EDGE ( 'NONE', *, *, #2237, .F. ) ;
#11 = LINE ( 'NONE', #1424, #1585 ) ;
#12 = EDGE_CURVE ( 'NONE', #1064, #1375, #501, .T. ) ;
#13 = DIRECTION ( 'NONE',  ( 1.000000000000000000, 0.000000000000000000, 0.000000000000000000 ) ) ;
#14 = EDGE_CURVE ( 'NONE', #2825, #633, #1566, .T. ) ;
#15 = FACE_OUTER_BOUND ( 'NONE', #741, .T. ) ;
#16 = CIRCLE ( 'NONE', #2581, 0.1250000000000001110 ) ;
#17 = EDGE_CURVE ( 'NONE', #882, #2773, #1722, .T. ) ;
#18 = CIRCLE ( 'NONE', #473, 0.1250000000000000000 ) ;
#19 = SURFACE_STYLE_USAGE ( .BOTH. , #38 ) ;
#20 = CARTESIAN_POINT ( 'NONE',  ( 0.8000000000000082601, 0.000000000000000000, 0.07499999999999998335 ) ) ;
#21 = CIRCLE ( 'NONE', #2012, 0.1250000000000000000 ) ;
#22 = CARTESIAN_POINT ( 'NONE',  ( 0.4000000000000082934, -0.04500000000000001221, 0.07499999999999998335 ) ) ;
#23 = ADVANCED_FACE ( 'NONE', ( #2943 ), #2717, .T. ) ;
#24 = SPHERICAL_SURFACE ( 'NONE', #818, 0.1250000000000000000 ) ;
#25 = ORIENTED_EDGE ( 'NONE', *, *, #2176, .T. ) ;
#26 = EDGE_LOOP ( 'NONE', ( #246, #3408, #2817 ) ) ;
#27 = AXIS2_PLACEMENT_3D ( 'NONE', #3232, #2145, #248 ) ;
#28 = CARTESIAN_POINT ( 'NONE',  ( -0.3999999999999916955, -0.1700000000000000122, 0.1999999999999999833 ) ) ;
#29 = CIRCLE ( 'NONE', #2776, 0.1250000000000000000 ) ;
#30 = ORIENTED_EDGE ( 'NONE', *, *, #3497, .T. ) ;
#31 = DIRECTION ( 'NONE',  ( 0.000000000000000000, 0.000000000000000000, 1.000000000000000000 ) ) ;
#32 = AXIS2_PLACEMENT_3D ( 'NONE', #3226, #1531, #191 ) ;
#33 = DIRECTION ( 'NONE',  ( -0.000000000000000000, 1.000000000000000000, -0.000000000000000000 ) ) ;
#34 = LINE ( 'NONE', #686, #1529 ) ;
#35 = CIRCLE ( 'NONE', #207, 0.1250000000000000000 ) ;
#36 = ORIENTED_EDGE ( 'NONE', *, *, #70, .F. ) ;
#37 = CARTESIAN_POINT ( 'NONE',  ( 0.4000000000000167866, -0.1700000000000000122, -0.6000000000000000888 ) ) ;
#38 = SURFACE_SIDE_STYLE ('',( #737 ) ) ;
#39 = VECTOR ( 'NONE', #399, 1000.000000000000000 ) ;
#40 = FACE_OUTER_BOUND ( 'NONE', #401, .T. ) ;
#41 = AXIS2_PLACEMENT_3D ( 'NONE', #457, #519, #2391 ) ;
#42 = ORIENTED_EDGE ( 'NONE', *, *, #2454, .T. ) ;
#43 = ORIENTED_EDGE ( 'NONE', *, *, #856, .T. ) ;
#44 = AXIS2_PLACEMENT_3D ( 'NONE', #3027, #2412, #1053 ) ;
#45 = CYLINDRICAL_SURFACE ( 'NONE', #2697, 0.1250000000000000000 ) ;
#46 = ORIENTED_EDGE ( 'NONE', *, *, #1642, .F. ) ;
#47 = LINE ( 'NONE', #3346, #2609 ) ;
#48 = CARTESIAN_POINT ( 'NONE',  ( 0.8000000000000041522, -0.1700000000000000122, 0.6000000000000000888 ) ) ;
#49 = DIRECTION ( 'NONE',  ( 1.000000000000000000, 0.000000000000000000, 0.000000000000000000 ) ) ;
#50 = ORIENTED_EDGE ( 'NONE', *, *, #398, .F. ) ;
#51 = CARTESIAN_POINT ( 'NONE',  ( 0.8000000000000125899, -0.1700000000000000122, -0.2000000000000000944 ) ) ;
#52 = ORIENTED_EDGE ( 'NONE', *, *, #1770, .T. ) ;
#53 = DIRECTION ( 'NONE',  ( -1.000000000000000000, 0.000000000000000000, 0.000000000000000000 ) ) ;
#54 = FACE_OUTER_BOUND ( 'NONE', #1584, .T. ) ;
#55 = CYLINDRICAL_SURFACE ( 'NONE', #2714, 0.1250000000000001110 ) ;
#56 = DIRECTION ( 'NONE',  ( 0.000000000000000000, 0.000000000000000000, 1.000000000000000000 ) ) ;
#57 = EDGE_CURVE ( 'NONE', #1300, #2553, #77, .T. ) ;
#58 = ORIENTED_EDGE ( 'NONE', *, *, #649, .T. ) ;
#59 = ORIENTED_EDGE ( 'NONE', *, *, #1247, .F. ) ;
#60 = CARTESIAN_POINT ( 'NONE',  ( -0.3999999999999958589, 0.000000000000000000, 0.7250000000000000888 ) ) ;
#61 = ORIENTED_EDGE ( 'NONE', *, *, #2522, .F. ) ;
#62 = CARTESIAN_POINT ( 'NONE',  ( 0.8000000000000041522, -0.04500000000000001221, 0.4750000000000000333 ) ) ;
#63 = CYLINDRICAL_SURFACE ( 'NONE', #3533, 0.1250000000000001110 ) ;
#64 = AXIS2_PLACEMENT_3D ( 'NONE', #3342, #1714, #126 ) ;
#65 = CARTESIAN_POINT ( 'NONE',  ( -0.7999999999999791722, -0.04500000000000001221, -0.8750000000000000000 ) ) ;
#66 = ORIENTED_EDGE ( 'NONE', *, *, #2474, .F. ) ;
#67 = DIRECTION ( 'NONE',  ( 0.000000000000000000, -1.000000000000000000, 0.000000000000000000 ) ) ;
#68 = VERTEX_POINT ( 'NONE', #194 ) ;
#69 = STYLED_ITEM ( 'NONE', ( #3162 ), #2280 ) ;
#70 = EDGE_CURVE ( 'NONE', #436, #1825, #540, .T. ) ;
#71 = AXIS2_PLACEMENT_3D ( 'NONE', #1905, #521, #2700 ) ;
#72 = AXIS2_PLACEMENT_3D ( 'NONE', #914, #1449, #3089 ) ;
#73 = CARTESIAN_POINT ( 'NONE',  ( -0.3999999999999916955, -0.1700000000000000122, 0.1999999999999999833 ) ) ;
#74 = CARTESIAN_POINT ( 'NONE',  ( 1.669671345627676828E-14, -0.04500000000000001221, -0.4750000000000000333 ) ) ;
#75 = VERTEX_POINT ( 'NONE', #2164 ) ;
#76 = EDGE_LOOP ( 'NONE', ( #3077, #1422, #1288, #3066 ) ) ;
#77 = CIRCLE ( 'NONE', #2073, 0.1250000000000000000 ) ;
#78 = DIRECTION ( 'NONE',  ( 0.000000000000000000, 0.000000000000000000, 1.000000000000000000 ) ) ;
#79 = AXIS2_PLACEMENT_3D ( 'NONE', #2798, #1928, #574 ) ;
#80 = DIRECTION ( 'NONE',  ( 1.000000000000000000, 0.000000000000000000, -1.224646799147353207E-16 ) ) ;
#81 = CARTESIAN_POINT ( 'NONE',  ( 4.119968255444916849E-15, 0.000000000000000000, 0.6000000000000000888 ) ) ;
#82 = AXIS2_PLACEMENT_3D ( 'NONE', #161, #219, #3442 ) ;
#83 = EDGE_LOOP ( 'NONE', ( #2001, #1977, #2387, #390 ) ) ;
#84 = FACE_OUTER_BOUND ( 'NONE', #1764, .T. ) ;
#85 = ORIENTED_EDGE ( 'NONE', *, *, #1098, .T. ) ;
#86 = AXIS2_PLACEMENT_3D ( 'NONE', #456, #2369, #786 ) ;
#87 = LINE ( 'NONE', #1800, #3399 ) ;
#88 = DIRECTION ( 'NONE',  ( 0.000000000000000000, 0.000000000000000000, -1.000000000000000000 ) ) ;
#89 = DIRECTION ( 'NONE',  ( 0.000000000000000000, 0.000000000000000000, 1.000000000000000000 ) ) ;
#90 = EDGE_CURVE ( 'NONE', #68, #356, #21, .T. ) ;
#91 = EDGE_LOOP ( 'NONE', ( #1501, #1218, #3549, #2954 ) ) ;
#92 = ORIENTED_EDGE ( 'NONE', *, *, #1803, .F. ) ;
#93 = EDGE_LOOP ( 'NONE', ( #2167, #1478, #976 ) ) ;
#94 = DIRECTION ( 'NONE',  ( -0.000000000000000000, 1.000000000000000000, -0.000000000000000000 ) ) ;
#95 = ADVANCED_FACE ( 'NONE', ( #2685 ), #1033, .T. ) ;
#96 = CIRCLE ( 'NONE', #214, 0.1250000000000000000 ) ;
#97 = CARTESIAN_POINT ( 'NONE',  ( -0.7999999999999876099, -0.04500000000000001221, -0.2000000000000000944 ) ) ;
#98 = ORIENTED_EDGE ( 'NONE', *, *, #3310, .T. ) ;
#99 = DIRECTION ( 'NONE',  ( 0.000000000000000000, 0.000000000000000000, 1.000000000000000000 ) ) ;
#100 = ORIENTED_EDGE ( 'NONE', *, *, #230, .T. ) ;
#101 = FACE_OUTER_BOUND ( 'NONE', #854, .T. ) ;
#102 = DIRECTION ( 'NONE',  ( 0.000000000000000000, 0.000000000000000000, -1.000000000000000000 ) ) ;
#103 = DIRECTION ( 'NONE',  ( 0.000000000000000000, 0.000000000000000000, -1.000000000000000000 ) ) ;
#104 = LINE ( 'NONE', #1165, #1211 ) ;
#105 = ORIENTED_EDGE ( 'NONE', *, *, #811, .T. ) ;
#106 = ORIENTED_EDGE ( 'NONE', *, *, #1554, .F. ) ;
#107 = FACE_OUTER_BOUND ( 'NONE', #2267, .T. ) ;
#108 = DIRECTION ( 'NONE',  ( -0.000000000000000000, 1.000000000000000000, -0.000000000000000000 ) ) ;
#109 = EDGE_CURVE ( 'NONE', #132, #2809, #1613, .T. ) ;
#110 = EDGE_LOOP ( 'NONE', ( #2075, #3380 ) ) ;
#111 = DIRECTION ( 'NONE',  ( -1.000000000000000000, -0.000000000000000000, -0.000000000000000000 ) ) ;
#112 = VERTEX_POINT ( 'NONE', #1876 ) ;
#113 = EDGE_CURVE ( 'NONE', #1885, #2841, #229, .T. ) ;
#114 = AXIS2_PLACEMENT_3D ( 'NONE', #1682, #803, #2989 ) ;
#115 = CARTESIAN_POINT ( 'NONE',  ( -0.8000000000000000444, 0.000000000000000000, 1.000000000000000000 ) ) ;
#116 = AXIS2_PLACEMENT_3D ( 'NONE', #578, #2986, #2423 ) ;
#117 = ORIENTED_EDGE ( 'NONE', *, *, #649, .F. ) ;
#118 = DIRECTION ( 'NONE',  ( 0.000000000000000000, 0.000000000000000000, -1.000000000000000000 ) ) ;
#119 = DIRECTION ( 'NONE',  ( 0.000000000000000000, -1.000000000000000000, 0.000000000000000000 ) ) ;
#120 = AXIS2_PLACEMENT_3D ( 'NONE', #2409, #3513, #1051 ) ;
#121 = AXIS2_PLACEMENT_3D ( 'NONE', #2655, #3450, #782 ) ;
#122 = ORIENTED_EDGE ( 'NONE', *, *, #886, .F. ) ;
#123 = ORIENTED_EDGE ( 'NONE', *, *, #2454, .F. ) ;
#124 = ADVANCED_FACE ( 'NONE', ( #1312 ), #2394, .T. ) ;
#125 = VECTOR ( 'NONE', #2631, 1000.000000000000000 ) ;
#126 = DIRECTION ( 'NONE',  ( 0.000000000000000000, 0.000000000000000000, -1.000000000000000000 ) ) ;
#127 = LINE ( 'NONE', #703, #1874 ) ;
#128 = DIRECTION ( 'NONE',  ( 0.000000000000000000, 0.000000000000000000, 1.000000000000000000 ) ) ;
#129 = EDGE_LOOP ( 'NONE', ( #830, #658, #1443, #1028 ) ) ;
#130 = CIRCLE ( 'NONE', #1623, 0.1000000000000001582 ) ;
#131 = CARTESIAN_POINT ( 'NONE',  ( 0.8000000000000125899, 0.000000000000000000, -0.2000000000000000944 ) ) ;
#132 = VERTEX_POINT ( 'NONE', #3230 ) ;
#133 = ADVANCED_FACE ( 'NONE', ( #2121 ), #3550, .T. ) ;
#134 = CIRCLE ( 'NONE', #1673, 0.1250000000000000000 ) ;
#135 = DIRECTION ( 'NONE',  ( 1.000000000000000000, 0.000000000000000000, 0.000000000000000000 ) ) ;
#136 = EDGE_CURVE ( 'NONE', #1385, #2316, #2580, .T. ) ;
#137 = CIRCLE ( 'NONE', #3468, 0.1250000000000000000 ) ;
#138 = EDGE_LOOP ( 'NONE', ( #1785, #3327, #3397 ) ) ;
#139 = CARTESIAN_POINT ( 'NONE',  ( -0.7999999999999917177, -0.1700000000000000122, 0.1999999999999999833 ) ) ;
#140 = DIRECTION ( 'NONE',  ( 0.000000000000000000, 0.000000000000000000, -1.000000000000000000 ) ) ;
#141 = CIRCLE ( 'NONE', #1965, 0.1250000000000000000 ) ;
#142 = DIRECTION ( 'NONE',  ( 0.000000000000000000, 0.000000000000000000, 1.000000000000000000 ) ) ;
#143 = AXIS2_PLACEMENT_3D ( 'NONE', #3042, #587, #1140 ) ;
#144 = EDGE_LOOP ( 'NONE', ( #1321, #1521, #3220 ) ) ;
#145 = ORIENTED_EDGE ( 'NONE', *, *, #3345, .F. ) ;
#146 = DIRECTION ( 'NONE',  ( 1.000000000000000000, 0.000000000000000000, 0.000000000000000000 ) ) ;
#147 = DIRECTION ( 'NONE',  ( 0.000000000000000000, 0.000000000000000000, 1.000000000000000000 ) ) ;
#148 = DIRECTION ( 'NONE',  ( 0.000000000000000000, 0.000000000000000000, -1.000000000000000000 ) ) ;
#149 = CARTESIAN_POINT ( 'NONE',  ( -0.3999999999999916955, -0.04500000000000001221, 0.1999999999999999833 ) ) ;
#150 = AXIS2_PLACEMENT_3D ( 'NONE', #2819, #3129, #437 ) ;
#151 = ORIENTED_EDGE ( 'NONE', *, *, #1127, .F. ) ;
#152 = DIRECTION ( 'NONE',  ( 0.000000000000000000, 0.000000000000000000, -1.000000000000000000 ) ) ;
#153 = AXIS2_PLACEMENT_3D ( 'NONE', #3298, #1927, #872 ) ;
#154 = ORIENTED_EDGE ( 'NONE', *, *, #2263, .T. ) ;
#155 = EDGE_CURVE ( 'NONE', #394, #2773, #247, .T. ) ;
#156 = CIRCLE ( 'NONE', #1131, 0.1250000000000000000 ) ;
#157 = DIRECTION ( 'NONE',  ( 0.000000000000000000, 0.000000000000000000, 1.000000000000000000 ) ) ;
#158 = CIRCLE ( 'NONE', #734, 0.1250000000000000000 ) ;
#159 = ORIENTED_EDGE ( 'NONE', *, *, #1065, .T. ) ;
#160 = FACE_OUTER_BOUND ( 'NONE', #679, .T. ) ;
#161 = CARTESIAN_POINT ( 'NONE',  ( -1.116500000000000270, 0.3299999999999999600, -1.159999999999999920 ) ) ;
#162 = FACE_OUTER_BOUND ( 'NONE', #129, .T. ) ;
#163 = ORIENTED_EDGE ( 'NONE', *, *, #919, .T. ) ;
#164 = VERTEX_POINT ( 'NONE', #1069 ) ;
#165 = FACE_OUTER_BOUND ( 'NONE', #321, .T. ) ;
#166 = EDGE_CURVE ( 'NONE', #3374, #2344, #2935, .T. ) ;
#167 = DIRECTION ( 'NONE',  ( -0.000000000000000000, 1.000000000000000000, -0.000000000000000000 ) ) ;
#168 = ADVANCED_FACE ( 'NONE', ( #1936 ), #2478, .T. ) ;
#169 = DIRECTION ( 'NONE',  ( 0.000000000000000000, 0.000000000000000000, 1.000000000000000000 ) ) ;
#170 = ORIENTED_EDGE ( 'NONE', *, *, #577, .F. ) ;
#171 = LINE ( 'NONE', #1754, #2840 ) ;
#172 = CARTESIAN_POINT ( 'NONE',  ( 8.348356728138384142E-15, -0.04500000000000001221, 0.1999999999999999833 ) ) ;
#173 = ORIENTED_EDGE ( 'NONE', *, *, #735, .T. ) ;
#174 = CARTESIAN_POINT ( 'NONE',  ( -0.7999999999999959366, -0.1700000000000000122, 0.7250000000000000888 ) ) ;
#175 = VERTEX_POINT ( 'NONE', #867 ) ;
#176 = EDGE_CURVE ( 'NONE', #2528, #2931, #3101, .T. ) ;
#177 = CARTESIAN_POINT ( 'NONE',  ( 1.246832498358330099E-14, -0.1700000000000000122, -0.2000000000000000944 ) ) ;
#178 = ORIENTED_EDGE ( 'NONE', *, *, #70, .T. ) ;
#179 = EDGE_CURVE ( 'NONE', #2825, #1850, #2531, .T. ) ;
#180 = FACE_BOUND ( 'NONE', #3055, .T. ) ;
#181 =( LENGTH_UNIT ( ) NAMED_UNIT ( * ) SI_UNIT ( .MILLI., .METRE. ) );
#182 = CARTESIAN_POINT ( 'NONE',  ( 2.081668171172168513E-14, -0.1700000000000000122, -1.000000000000000000 ) ) ;
#183 = AXIS2_PLACEMENT_3D ( 'NONE', #1352, #2439, #575 ) ;
#184 = ORIENTED_EDGE ( 'NONE', *, *, #377, .T. ) ;
#185 = VERTEX_POINT ( 'NONE', #3061 ) ;
#186 = SURFACE_SIDE_STYLE ('',( #971 ) ) ;
#187 = CARTESIAN_POINT ( 'NONE',  ( -0.8665000000000002700, 0.3199999999999998956, -0.8099999999999998312 ) ) ;
#188 = CIRCLE ( 'NONE', #2941, 0.1250000000000000000 ) ;
#189 = CYLINDRICAL_SURFACE ( 'NONE', #1163, 0.1000000000000001582 ) ;
#190 = CARTESIAN_POINT ( 'NONE',  ( 1.246832498358330099E-14, -0.04500000000000001221, -0.2000000000000000944 ) ) ;
#191 = DIRECTION ( 'NONE',  ( 0.000000000000000000, 0.000000000000000000, 1.000000000000000000 ) ) ;
#192 = CARTESIAN_POINT ( 'NONE',  ( 0.8000000000000082601, -0.1700000000000000122, 0.07499999999999998335 ) ) ;
#193 = ORIENTED_EDGE ( 'NONE', *, *, #3535, .T. ) ;
#194 = CARTESIAN_POINT ( 'NONE',  ( 0.8000000000000082601, -0.04500000000000001221, 0.3250000000000000111 ) ) ;
#195 = ORIENTED_EDGE ( 'NONE', *, *, #2453, .T. ) ;
#196 = AXIS2_PLACEMENT_3D ( 'NONE', #177, #3460, #2411 ) ;
#197 = CARTESIAN_POINT ( 'NONE',  ( 0.4000000000000000777, -0.1700000000000000122, 0.8750000000000000000 ) ) ;
#198 = CARTESIAN_POINT ( 'NONE',  ( -0.3999999999999958589, -0.1700000000000000122, 0.6000000000000000888 ) ) ;
#199 = CARTESIAN_POINT ( 'NONE',  ( -0.8000000000000000444, 0.000000000000000000, 0.8750000000000000000 ) ) ;
#200 = COLOUR_RGB ( '',0.2509803921568627416, 0.2509803921568627416, 0.2509803921568627416 ) ;
#201 = ORIENTED_EDGE ( 'NONE', *, *, #2522, .T. ) ;
#202 = VECTOR ( 'NONE', #1827, 1000.000000000000000 ) ;
#203 = FACE_OUTER_BOUND ( 'NONE', #1777, .T. ) ;
#204 = EDGE_CURVE ( 'NONE', #3238, #3144, #11, .T. ) ;
#205 = CARTESIAN_POINT ( 'NONE',  ( 4.119968255444916849E-15, -0.1700000000000000122, 0.7250000000000000888 ) ) ;
#206 = FACE_OUTER_BOUND ( 'NONE', #1018, .T. ) ;
#207 = AXIS2_PLACEMENT_3D ( 'NONE', #685, #1767, #1301 ) ;
#208 = ADVANCED_FACE ( 'NONE', ( #2804 ), #570, .T. ) ;
#209 = ORIENTED_EDGE ( 'NONE', *, *, #14, .T. ) ;
#210 = CARTESIAN_POINT ( 'NONE',  ( 0.8000000000000000444, -0.04500000000000001221, 1.000000000000000000 ) ) ;
#211 = DIRECTION ( 'NONE',  ( 0.000000000000000000, -1.000000000000000000, 0.000000000000000000 ) ) ;
#212 = EDGE_LOOP ( 'NONE', ( #2695, #641, #513, #2596 ) ) ;
#213 = CARTESIAN_POINT ( 'NONE',  ( 8.348356728138384142E-15, -0.1700000000000000122, 0.1999999999999999833 ) ) ;
#214 = AXIS2_PLACEMENT_3D ( 'NONE', #2514, #3025, #3041 ) ;
#215 = FACE_OUTER_BOUND ( 'NONE', #2745, .T. ) ;
#216 = STYLED_ITEM ( 'NONE', ( #3548 ), #714 ) ;
#217 = ORIENTED_EDGE ( 'NONE', *, *, #2284, .F. ) ;
#218 = AXIS2_PLACEMENT_3D ( 'NONE', #303, #3083, #908 ) ;
#219 = DIRECTION ( 'NONE',  ( 0.000000000000000000, 0.000000000000000000, 1.000000000000000000 ) ) ;
#220 = CARTESIAN_POINT ( 'NONE',  ( 0.4000000000000208944, -0.1700000000000000122, -1.000000000000000000 ) ) ;
#221 = EDGE_LOOP ( 'NONE', ( #2031, #2429, #412, #1217 ) ) ;
#222 = DIRECTION ( 'NONE',  ( 0.000000000000000000, 0.000000000000000000, 1.000000000000000000 ) ) ;
#223 = CARTESIAN_POINT ( 'NONE',  ( -0.3999999999999916955, 0.000000000000000000, 0.1999999999999999833 ) ) ;
#224 = ORIENTED_EDGE ( 'NONE', *, *, #1098, .F. ) ;
#225 = CARTESIAN_POINT ( 'NONE',  ( -0.3999999999999916955, -0.04500000000000001221, 0.1999999999999999833 ) ) ;
#226 = EDGE_CURVE ( 'NONE', #3547, #2000, #1870, .T. ) ;
#227 = FILL_AREA_STYLE ('',( #262 ) ) ;
#228 = ORIENTED_EDGE ( 'NONE', *, *, #2011, .T. ) ;
#229 = LINE ( 'NONE', #1289, #2414 ) ;
#230 = EDGE_CURVE ( 'NONE', #633, #2825, #839, .T. ) ;
#231 = CARTESIAN_POINT ( 'NONE',  ( -0.3999999999999916955, -0.04500000000000001221, 0.1999999999999999833 ) ) ;
#232 = DIRECTION ( 'NONE',  ( -0.000000000000000000, 1.000000000000000000, -0.000000000000000000 ) ) ;
#233 = EDGE_LOOP ( 'NONE', ( #1213, #403, #3305 ) ) ;
#234 = DIRECTION ( 'NONE',  ( 0.000000000000000000, 0.000000000000000000, -1.000000000000000000 ) ) ;
#235 = CARTESIAN_POINT ( 'NONE',  ( 8.348356728138384142E-15, -0.04500000000000001221, 0.1999999999999999833 ) ) ;
#236 = ORIENTED_EDGE ( 'NONE', *, *, #278, .T. ) ;
#237 = DIRECTION ( 'NONE',  ( 1.000000000000000000, 0.000000000000000000, 0.000000000000000000 ) ) ;
#238 = AXIS2_PLACEMENT_3D ( 'NONE', #3075, #1219, #1701 ) ;
#239 = DIRECTION ( 'NONE',  ( -1.000000000000000000, -0.000000000000000000, -0.000000000000000000 ) ) ;
#240 = EDGE_CURVE ( 'NONE', #895, #1760, #1739, .T. ) ;
#241 = AXIS2_PLACEMENT_3D ( 'NONE', #469, #2402, #2869 ) ;
#242 = VERTEX_POINT ( 'NONE', #3313 ) ;
#243 = CARTESIAN_POINT ( 'NONE',  ( 8.363664813127726035E-15, -0.1700000000000000122, 0.07499999999999998335 ) ) ;
#244 = AXIS2_PLACEMENT_3D ( 'NONE', #1630, #3272, #2727 ) ;
#245 = FACE_BOUND ( 'NONE', #507, .T. ) ;
#246 = ORIENTED_EDGE ( 'NONE', *, *, #559, .F. ) ;
#247 = LINE ( 'NONE', #3278, #1999 ) ;
#248 = DIRECTION ( 'NONE',  ( 0.000000000000000000, 0.000000000000000000, -1.000000000000000000 ) ) ;
#249 = CARTESIAN_POINT ( 'NONE',  ( -0.7999999999999791722, -0.04500000000000001221, -1.000000000000000000 ) ) ;
#250 = VERTEX_POINT ( 'NONE', #1685 ) ;
#251 = EDGE_CURVE ( 'NONE', #2704, #2783, #2157, .T. ) ;
#252 = FILL_AREA_STYLE_COLOUR ( '', #3530 ) ;
#253 = EDGE_CURVE ( 'NONE', #619, #2675, #3195, .T. ) ;
#254 = CARTESIAN_POINT ( 'NONE',  ( 0.8000000000000041522, -0.04500000000000001221, 0.7250000000000000888 ) ) ;
#255 = PRESENTATION_LAYER_ASSIGNMENT (  '', '', ( #3356 ) ) ;
#256 = DIRECTION ( 'NONE',  ( 0.000000000000000000, 0.000000000000000000, -1.000000000000000000 ) ) ;
#257 = CIRCLE ( 'NONE', #884, 0.1250000000000000000 ) ;
#258 = FACE_OUTER_BOUND ( 'NONE', #3331, .T. ) ;
#259 = ORIENTED_EDGE ( 'NONE', *, *, #1433, .T. ) ;
#260 = AXIS2_PLACEMENT_3D ( 'NONE', #139, #3405, #2884 ) ;
#261 = CARTESIAN_POINT ( 'NONE',  ( 0.4000000000000082934, -0.04500000000000001221, 0.1999999999999999833 ) ) ;
#262 = FILL_AREA_STYLE_COLOUR ( '', #3307 ) ;
#263 = ORIENTED_EDGE ( 'NONE', *, *, #1583, .T. ) ;
#264 = CIRCLE ( 'NONE', #2547, 0.1250000000000000000 ) ;
#265 = DIRECTION ( 'NONE',  ( 0.000000000000000000, 0.000000000000000000, 1.000000000000000000 ) ) ;
#266 = SPHERICAL_SURFACE ( 'NONE', #1980, 0.1250000000000000000 ) ;
#267 = EDGE_CURVE ( 'NONE', #1563, #1861, #96, .T. ) ;
#268 = DIRECTION ( 'NONE',  ( 0.000000000000000000, 0.000000000000000000, -1.000000000000000000 ) ) ;
#269 = FACE_OUTER_BOUND ( 'NONE', #688, .T. ) ;
#270 = CIRCLE ( 'NONE', #2443, 0.1250000000000001110 ) ;
#271 = AXIS2_PLACEMENT_3D ( 'NONE', #1429, #1672, #3332 ) ;
#272 = CARTESIAN_POINT ( 'NONE',  ( 0.4000000000000000777, -0.04500000000000001221, 1.000000000000000000 ) ) ;
#273 = CIRCLE ( 'NONE', #44, 0.1250000000000000000 ) ;
#274 = CARTESIAN_POINT ( 'NONE',  ( 0.4000000000000041855, -0.1700000000000000122, 0.6000000000000000888 ) ) ;
#275 = PRODUCT_RELATED_PRODUCT_CATEGORY ( 'part', '', ( #2152 ) ) ;
#276 = ORIENTED_EDGE ( 'NONE', *, *, #2476, .F. ) ;
#277 = EDGE_CURVE ( 'NONE', #2336, #1453, #47, .T. ) ;
#278 = EDGE_CURVE ( 'NONE', #1318, #3174, #2033, .T. ) ;
#279 = CARTESIAN_POINT ( 'NONE',  ( -0.7999999999999876099, -0.1700000000000000122, -0.2000000000000000944 ) ) ;
#280 = PRESENTATION_STYLE_ASSIGNMENT (( #3311 ) ) ;
#281 = ORIENTED_EDGE ( 'NONE', *, *, #3321, .F. ) ;
#282 = CARTESIAN_POINT ( 'NONE',  ( -0.7999999999999959366, 0.000000000000000000, 0.4750000000000000333 ) ) ;
#283 = CARTESIAN_POINT ( 'NONE',  ( -0.3999999999999792055, -0.1700000000000000122, -1.000000000000000000 ) ) ;
#284 = DIRECTION ( 'NONE',  ( 0.000000000000000000, 0.000000000000000000, -1.000000000000000000 ) ) ;
#285 = CARTESIAN_POINT ( 'NONE',  ( 0.4000000000000126232, -0.04500000000000001221, -0.3250000000000000666 ) ) ;
#286 = EDGE_CURVE ( 'NONE', #531, #2220, #299, .T. ) ;
#287 = EDGE_CURVE ( 'NONE', #1208, #1933, #617, .T. ) ;
#288 = FACE_OUTER_BOUND ( 'NONE', #1651, .T. ) ;
#289 = CARTESIAN_POINT ( 'NONE',  ( -0.8000000000000000444, -0.1700000000000000122, 1.000000000000000000 ) ) ;
#290 = EDGE_CURVE ( 'NONE', #3532, #1059, #1070, .T. ) ;
#291 = CARTESIAN_POINT ( 'NONE',  ( 0.8000000000000208056, -0.04500000000000001221, -1.000000000000000000 ) ) ;
#292 = DIRECTION ( 'NONE',  ( -0.000000000000000000, 1.000000000000000000, -0.000000000000000000 ) ) ;
#293 = ORIENTED_EDGE ( 'NONE', *, *, #278, .F. ) ;
#294 = ORIENTED_EDGE ( 'NONE', *, *, #1027, .T. ) ;
#295 = DIRECTION ( 'NONE',  ( 0.000000000000000000, 0.000000000000000000, 1.000000000000000000 ) ) ;
#296 = CIRCLE ( 'NONE', #114, 0.1250000000000000000 ) ;
#297 = DIRECTION ( 'NONE',  ( 0.000000000000000000, -0.000000000000000000, -1.000000000000000000 ) ) ;
#298 = VERTEX_POINT ( 'NONE', #62 ) ;
#299 = LINE ( 'NONE', #851, #1238 ) ;
#300 = DIRECTION ( 'NONE',  ( -0.000000000000000000, 1.000000000000000000, -0.000000000000000000 ) ) ;
#301 = AXIS2_PLACEMENT_3D ( 'NONE', #2306, #2273, #410 ) ;
#302 = VERTEX_POINT ( 'NONE', #586 ) ;
#303 = CARTESIAN_POINT ( 'NONE',  ( 0.8000000000000125899, -0.1700000000000000122, -0.2000000000000000944 ) ) ;
#304 = VECTOR ( 'NONE', #984, 1000.000000000000000 ) ;
#305 = LINE ( 'NONE', #3048, #1961 ) ;
#306 = CARTESIAN_POINT ( 'NONE',  ( 0.4000000000000000777, -0.04500000000000001221, 0.8750000000000000000 ) ) ;
#307 = FACE_OUTER_BOUND ( 'NONE', #902, .T. ) ;
#308 = DIRECTION ( 'NONE',  ( 1.000000000000000000, 0.000000000000000000, 0.000000000000000000 ) ) ;
#309 = ORIENTED_EDGE ( 'NONE', *, *, #2101, .T. ) ;
#310 = EDGE_LOOP ( 'NONE', ( #3306, #1406 ) ) ;
#311 = CIRCLE ( 'NONE', #937, 0.1250000000000000000 ) ;
#312 = FACE_OUTER_BOUND ( 'NONE', #1135, .T. ) ;
#313 = EDGE_CURVE ( 'NONE', #531, #2361, #790, .T. ) ;
#314 = AXIS2_PLACEMENT_3D ( 'NONE', #2017, #3322, #1431 ) ;
#315 = CARTESIAN_POINT ( 'NONE',  ( 0.4000000000000000777, 0.000000000000000000, 1.000000000000000000 ) ) ;
#316 = VERTEX_POINT ( 'NONE', #282 ) ;
#317 = CARTESIAN_POINT ( 'NONE',  ( -0.8665000000000002700, 0.3299999999999999600, -0.9100000000000000311 ) ) ;
#318 = AXIS2_PLACEMENT_3D ( 'NONE', #426, #3176, #102 ) ;
#319 = CARTESIAN_POINT ( 'NONE',  ( 4.119968255444916849E-15, -0.1700000000000000122, 0.6000000000000000888 ) ) ;
#320 = CARTESIAN_POINT ( 'NONE',  ( 0.4000000000000126232, -0.04500000000000001221, -0.2000000000000000944 ) ) ;
#321 = EDGE_LOOP ( 'NONE', ( #1577, #3113, #940 ) ) ;
#322 = CARTESIAN_POINT ( 'NONE',  ( -0.3999999999999874767, -0.1700000000000000122, -0.3250000000000000666 ) ) ;
#323 = VERTEX_POINT ( 'NONE', #833 ) ;
#324 = ADVANCED_FACE ( 'NONE', ( #350 ), #2603, .T. ) ;
#325 = FACE_OUTER_BOUND ( 'NONE', #221, .T. ) ;
#326 = DIRECTION ( 'NONE',  ( 0.000000000000000000, -1.000000000000000000, 0.000000000000000000 ) ) ;
#327 = AXIS2_PLACEMENT_3D ( 'NONE', #625, #2789, #2734 ) ;
#328 = CARTESIAN_POINT ( 'NONE',  ( 0.8000000000000000444, 0.000000000000000000, 1.125000000000000222 ) ) ;
#329 = AXIS2_PLACEMENT_3D ( 'NONE', #1921, #3023, #568 ) ;
#330 = ORIENTED_EDGE ( 'NONE', *, *, #1543, .T. ) ;
#331 = ORIENTED_EDGE ( 'NONE', *, *, #3197, .T. ) ;
#332 = CIRCLE ( 'NONE', #1694, 0.1250000000000000000 ) ;
#333 = AXIS2_PLACEMENT_3D ( 'NONE', #2232, #49, #3063 ) ;
#334 = CARTESIAN_POINT ( 'NONE',  ( 1.669671345627676828E-14, -0.04500000000000001221, -0.6000000000000000888 ) ) ;
#335 = ORIENTED_EDGE ( 'NONE', *, *, #1603, .T. ) ;
#336 = DIRECTION ( 'NONE',  ( -0.000000000000000000, 1.000000000000000000, -0.000000000000000000 ) ) ;
#337 = ADVANCED_FACE ( 'NONE', ( #1473 ), #1457, .T. ) ;
#338 = DIRECTION ( 'NONE',  ( 0.000000000000000000, 0.000000000000000000, 1.000000000000000000 ) ) ;
#339 = SPHERICAL_SURFACE ( 'NONE', #333, 0.1250000000000000000 ) ;
#340 = ORIENTED_EDGE ( 'NONE', *, *, #2583, .T. ) ;
#341 = DIRECTION ( 'NONE',  ( 0.000000000000000000, 0.000000000000000000, 1.000000000000000000 ) ) ;
#342 = ORIENTED_EDGE ( 'NONE', *, *, #1753, .T. ) ;
#343 = SURFACE_SIDE_STYLE ('',( #3354 ) ) ;
#344 = FACE_OUTER_BOUND ( 'NONE', #918, .T. ) ;
#345 = CYLINDRICAL_SURFACE ( 'NONE', #301, 0.1250000000000000000 ) ;
#346 = ORIENTED_EDGE ( 'NONE', *, *, #3457, .T. ) ;
#347 = VERTEX_POINT ( 'NONE', #2334 ) ;
#348 = CARTESIAN_POINT ( 'NONE',  ( -0.3999999999999833689, -0.1700000000000000122, -0.6000000000000000888 ) ) ;
#349 = ORIENTED_EDGE ( 'NONE', *, *, #2820, .T. ) ;
#350 = FACE_OUTER_BOUND ( 'NONE', #3403, .T. ) ;
#351 = CARTESIAN_POINT ( 'NONE',  ( 1.246832498358330099E-14, -0.04500000000000001221, -0.07500000000000009437 ) ) ;
#352 = AXIS2_PLACEMENT_3D ( 'NONE', #2739, #1627, #1079 ) ;
#353 = ORIENTED_EDGE ( 'NONE', *, *, #2418, .F. ) ;
#354 = UNCERTAINTY_MEASURE_WITH_UNIT (LENGTH_MEASURE( 1.000000000000000082E-05 ), #1692, 'distance_accuracy_value', 'NONE');
#355 = CARTESIAN_POINT ( 'NONE',  ( 0.8000000000000125899, 0.000000000000000000, -0.3250000000000000666 ) ) ;
#356 = VERTEX_POINT ( 'NONE', #3433 ) ;
#357 =( GEOMETRIC_REPRESENTATION_CONTEXT ( 3 ) GLOBAL_UNCERTAINTY_ASSIGNED_CONTEXT ( ( #2901 ) ) GLOBAL_UNIT_ASSIGNED_CONTEXT ( ( #1564, #2383, #2113 ) ) REPRESENTATION_CONTEXT ( 'NONE', 'WORKASPACE' ) );
#358 = CIRCLE ( 'NONE', #1442, 0.1250000000000000000 ) ;
#359 = ADVANCED_FACE ( 'NONE', ( #1264 ), #1222, .T. ) ;
#360 = DIRECTION ( 'NONE',  ( 0.000000000000000000, 0.000000000000000000, 1.000000000000000000 ) ) ;
#361 = DIRECTION ( 'NONE',  ( -0.000000000000000000, 1.000000000000000000, -0.000000000000000000 ) ) ;
#362 = ORIENTED_EDGE ( 'NONE', *, *, #1272, .F. ) ;
#363 = ORIENTED_EDGE ( 'NONE', *, *, #816, .F. ) ;
#364 = DIRECTION ( 'NONE',  ( -0.000000000000000000, 1.000000000000000000, -0.000000000000000000 ) ) ;
#365 = AXIS2_PLACEMENT_3D ( 'NONE', #1824, #1592, #1313 ) ;
#366 = SPHERICAL_SURFACE ( 'NONE', #3303, 0.1250000000000000000 ) ;
#367 = AXIS2_PLACEMENT_3D ( 'NONE', #3122, #3371, #3051 ) ;
#368 = ORIENTED_EDGE ( 'NONE', *, *, #2822, .T. ) ;
#369 = DIRECTION ( 'NONE',  ( 0.000000000000000000, -1.000000000000000000, 0.000000000000000000 ) ) ;
#370 = VERTEX_POINT ( 'NONE', #2314 ) ;
#371 = CIRCLE ( 'NONE', #32, 0.1250000000000000000 ) ;
#372 = DIRECTION ( 'NONE',  ( 0.000000000000000000, 0.000000000000000000, 1.000000000000000000 ) ) ;
#373 = CIRCLE ( 'NONE', #3476, 0.1250000000000000000 ) ;
#374 = FACE_BOUND ( 'NONE', #1511, .T. ) ;
#375 = FILL_AREA_STYLE_COLOUR ( '', #200 ) ;
#376 = DIRECTION ( 'NONE',  ( 1.000000000000000000, 0.000000000000000000, 0.000000000000000000 ) ) ;
#377 = EDGE_CURVE ( 'NONE', #298, #2775, #1508, .T. ) ;
#378 = ORIENTED_EDGE ( 'NONE', *, *, #1280, .F. ) ;
#379 = ORIENTED_EDGE ( 'NONE', *, *, #1284, .F. ) ;
#380 = CARTESIAN_POINT ( 'NONE',  ( -0.4000000000000000222, -0.1700000000000000122, 1.000000000000000000 ) ) ;
#381 = EDGE_CURVE ( 'NONE', #1300, #970, #3255, .T. ) ;
#382 = AXIS2_PLACEMENT_3D ( 'NONE', #1851, #2082, #1548 ) ;
#383 = EDGE_CURVE ( 'NONE', #2775, #2841, #3414, .T. ) ;
#384 = CIRCLE ( 'NONE', #1871, 0.1250000000000000000 ) ;
#385 = ORIENTED_EDGE ( 'NONE', *, *, #781, .F. ) ;
#386 = CARTESIAN_POINT ( 'NONE',  ( -0.7999999999999876099, -0.04500000000000001221, -0.07500000000000009437 ) ) ;
#387 = EDGE_LOOP ( 'NONE', ( #3470, #2063, #3435, #52 ) ) ;
#388 = DIRECTION ( 'NONE',  ( -0.000000000000000000, 1.000000000000000000, -0.000000000000000000 ) ) ;
#389 = ADVANCED_FACE ( 'NONE', ( #2045 ), #2897, .T. ) ;
#390 = ORIENTED_EDGE ( 'NONE', *, *, #522, .T. ) ;
#391 = FACE_BOUND ( 'NONE', #1258, .T. ) ;
#392 = CARTESIAN_POINT ( 'NONE',  ( 0.8000000000000041522, 0.000000000000000000, 0.6000000000000000888 ) ) ;
#393 = DIRECTION ( 'NONE',  ( 0.000000000000000000, 0.000000000000000000, 1.000000000000000000 ) ) ;
#394 = VERTEX_POINT ( 'NONE', #991 ) ;
#395 = ORIENTED_EDGE ( 'NONE', *, *, #1803, .T. ) ;
#396 = DIRECTION ( 'NONE',  ( -0.000000000000000000, 1.000000000000000000, -0.000000000000000000 ) ) ;
#397 = DIRECTION ( 'NONE',  ( -0.000000000000000000, 1.000000000000000000, -0.000000000000000000 ) ) ;
#398 = EDGE_CURVE ( 'NONE', #1385, #242, #171, .T. ) ;
#399 = DIRECTION ( 'NONE',  ( -0.000000000000000000, 1.000000000000000000, -0.000000000000000000 ) ) ;
#400 = EDGE_CURVE ( 'NONE', #964, #132, #270, .T. ) ;
#401 = EDGE_LOOP ( 'NONE', ( #1161, #2020, #2563 ) ) ;
#402 = FACE_OUTER_BOUND ( 'NONE', #2880, .T. ) ;
#403 = ORIENTED_EDGE ( 'NONE', *, *, #3413, .T. ) ;
#404 = AXIS2_PLACEMENT_3D ( 'NONE', #1664, #551, #1136 ) ;
#405 = CARTESIAN_POINT ( 'NONE',  ( -0.7999999999999917177, -0.1700000000000000122, 0.3250000000000000111 ) ) ;
#406 = AXIS2_PLACEMENT_3D ( 'NONE', #3488, #988, #2932 ) ;
#407 = EDGE_LOOP ( 'NONE', ( #1972, #3125, #445, #3151 ) ) ;
#408 = FACE_BOUND ( 'NONE', #1168, .T. ) ;
#409 = DIRECTION ( 'NONE',  ( 0.000000000000000000, -1.000000000000000000, 0.000000000000000000 ) ) ;
#410 = DIRECTION ( 'NONE',  ( 0.000000000000000000, 0.000000000000000000, 1.000000000000000000 ) ) ;
#411 = ORIENTED_EDGE ( 'NONE', *, *, #883, .F. ) ;
#412 = ORIENTED_EDGE ( 'NONE', *, *, #1037, .T. ) ;
#413 = CARTESIAN_POINT ( 'NONE',  ( -0.3999999999999792055, -0.04500000000000001221, -1.000000000000000000 ) ) ;
#414 = CARTESIAN_POINT ( 'NONE',  ( 8.348356728138384142E-15, -0.04500000000000001221, 0.3250000000000000111 ) ) ;
#415 = DIRECTION ( 'NONE',  ( 0.000000000000000000, 0.000000000000000000, 1.000000000000000000 ) ) ;
#416 = CARTESIAN_POINT ( 'NONE',  ( -0.3999999999999874767, -0.1700000000000000122, -0.2000000000000000944 ) ) ;
#417 = ORIENTED_EDGE ( 'NONE', *, *, #2925, .F. ) ;
#418 = UNCERTAINTY_MEASURE_WITH_UNIT (LENGTH_MEASURE( 1.000000000000000082E-05 ), #2102, 'distance_accuracy_value', 'NONE');
#419 = DIRECTION ( 'NONE',  ( 0.000000000000000000, 0.000000000000000000, -1.000000000000000000 ) ) ;
#420 = VERTEX_POINT ( 'NONE', #2565 ) ;
#421 = AXIS2_PLACEMENT_3D ( 'NONE', #595, #2572, #932 ) ;
#422 = CARTESIAN_POINT ( 'NONE',  ( -0.3999999999999874767, -0.1700000000000000122, -0.2000000000000000944 ) ) ;
#423 = CIRCLE ( 'NONE', #2602, 0.1250000000000000000 ) ;
#424 = ORIENTED_EDGE ( 'NONE', *, *, #2474, .T. ) ;
#425 = EDGE_CURVE ( 'NONE', #2605, #2878, #897, .T. ) ;
#426 = CARTESIAN_POINT ( 'NONE',  ( 4.119968255444916849E-15, 0.000000000000000000, 0.6000000000000000888 ) ) ;
#427 = LINE ( 'NONE', #2379, #202 ) ;
#428 =( GEOMETRIC_REPRESENTATION_CONTEXT ( 3 ) GLOBAL_UNCERTAINTY_ASSIGNED_CONTEXT ( ( #354 ) ) GLOBAL_UNIT_ASSIGNED_CONTEXT ( ( #1692, #2520, #2236 ) ) REPRESENTATION_CONTEXT ( 'NONE', 'WORKASPACE' ) );
#429 = DIRECTION ( 'NONE',  ( -0.000000000000000000, 1.000000000000000000, -0.000000000000000000 ) ) ;
#430 = CIRCLE ( 'NONE', #2315, 0.1250000000000001110 ) ;
#431 = VERTEX_POINT ( 'NONE', #2060 ) ;
#432 = ORIENTED_EDGE ( 'NONE', *, *, #253, .T. ) ;
#433 = CARTESIAN_POINT ( 'NONE',  ( 0.4000000000000082934, 0.000000000000000000, 0.3250000000000000111 ) ) ;
#434 = LINE ( 'NONE', #205, #3296 ) ;
#435 = ADVANCED_FACE ( 'NONE', ( #687 ), #366, .T. ) ;
#436 = VERTEX_POINT ( 'NONE', #2279 ) ;
#437 = DIRECTION ( 'NONE',  ( 0.000000000000000000, 0.000000000000000000, -1.000000000000000000 ) ) ;
#438 = LINE ( 'NONE', #3454, #2147 ) ;
#439 = ORIENTED_EDGE ( 'NONE', *, *, #1887, .F. ) ;
#440 = CARTESIAN_POINT ( 'NONE',  ( -0.3999999999999874767, 0.000000000000000000, -0.2000000000000000944 ) ) ;
#441 = ORIENTED_EDGE ( 'NONE', *, *, #17, .T. ) ;
#442 = AXIS2_PLACEMENT_3D ( 'NONE', #1718, #2625, #3416 ) ;
#443 = CARTESIAN_POINT ( 'NONE',  ( -0.4000000000000000222, -0.04500000000000001221, 1.000000000000000000 ) ) ;
#444 = AXIS2_PLACEMENT_3D ( 'NONE', #320, #1409, #3330 ) ;
#445 = ORIENTED_EDGE ( 'NONE', *, *, #3145, .T. ) ;
#446 = FACE_BOUND ( 'NONE', #3479, .T. ) ;
#447 = CARTESIAN_POINT ( 'NONE',  ( -0.7999999999999833911, -0.1700000000000000122, -0.7250000000000000888 ) ) ;
#448 = CARTESIAN_POINT ( 'NONE',  ( 0.8000000000000208056, -0.1700000000000000122, -1.125000000000000222 ) ) ;
#449 = EDGE_LOOP ( 'NONE', ( #2921, #59, #2722 ) ) ;
#450 = ORIENTED_EDGE ( 'NONE', *, *, #1146, .F. ) ;
#451 = DIRECTION ( 'NONE',  ( 0.000000000000000000, 0.000000000000000000, -1.000000000000000000 ) ) ;
#452 = DIRECTION ( 'NONE',  ( -0.000000000000000000, 1.000000000000000000, -0.000000000000000000 ) ) ;
#453 = CARTESIAN_POINT ( 'NONE',  ( 0.8000000000000041522, -0.04500000000000001221, 0.6000000000000000888 ) ) ;
#454 = ORIENTED_EDGE ( 'NONE', *, *, #1103, .T. ) ;
#455 = CARTESIAN_POINT ( 'NONE',  ( 0.4000000000000082934, -0.04500000000000001221, 0.3250000000000000111 ) ) ;
#456 = CARTESIAN_POINT ( 'NONE',  ( -0.7999999999999833911, -0.04500000000000001221, -0.6000000000000000888 ) ) ;
#457 = CARTESIAN_POINT ( 'NONE',  ( 0.4000000000000082934, -0.1700000000000000122, 0.1999999999999999833 ) ) ;
#458 = ORIENTED_EDGE ( 'NONE', *, *, #2332, .F. ) ;
#459 = CARTESIAN_POINT ( 'NONE',  ( 0.8000000000000166978, 0.000000000000000000, -0.4750000000000000333 ) ) ;
#460 = ORIENTED_EDGE ( 'NONE', *, *, #553, .F. ) ;
#461 = EDGE_CURVE ( 'NONE', #1395, #2336, #2095, .T. ) ;
#462 = EDGE_CURVE ( 'NONE', #1604, #3439, #2349, .T. ) ;
#463 = SURFACE_SIDE_STYLE ('',( #2168 ) ) ;
#464 = DIRECTION ( 'NONE',  ( -0.000000000000000000, 1.000000000000000000, -0.000000000000000000 ) ) ;
#465 = DIRECTION ( 'NONE',  ( 1.000000000000000000, 0.000000000000000000, -1.224646799147353207E-16 ) ) ;
#466 = VERTEX_POINT ( 'NONE', #2005 ) ;
#468 = EDGE_CURVE ( 'NONE', #431, #323, #1128, .T. ) ;
#467 = ORIENTED_EDGE ( 'NONE', *, *, #2286, .F. ) ;
#469 = CARTESIAN_POINT ( 'NONE',  ( -0.7999999999999876099, 0.000000000000000000, -0.2000000000000000944 ) ) ;
#470 = AXIS2_PLACEMENT_3D ( 'NONE', #3185, #515, #2694 ) ;
#471 = CYLINDRICAL_SURFACE ( 'NONE', #2087, 0.1250000000000000000 ) ;
#472 = CARTESIAN_POINT ( 'NONE',  ( 0.8000000000000208056, -0.1700000000000000122, -1.000000000000000000 ) ) ;
#473 = AXIS2_PLACEMENT_3D ( 'NONE', #1003, #1317, #2691 ) ;
#474 = EDGE_LOOP ( 'NONE', ( #3508, #888, #2066, #1413 ) ) ;
#475 = DIRECTION ( 'NONE',  ( 0.000000000000000000, 0.000000000000000000, -1.000000000000000000 ) ) ;
#476 = DIRECTION ( 'NONE',  ( -1.000000000000000000, -0.000000000000000000, -0.000000000000000000 ) ) ;
#477 = CARTESIAN_POINT ( 'NONE',  ( 0.8000000000000000444, -0.04500000000000001221, 1.125000000000000222 ) ) ;
#478 = EDGE_LOOP ( 'NONE', ( #2163, #1557 ) ) ;
#479 = DIRECTION ( 'NONE',  ( 1.000000000000000000, 0.000000000000000000, 0.000000000000000000 ) ) ;
#480 = DIRECTION ( 'NONE',  ( -1.000000000000000000, -0.000000000000000000, -0.000000000000000000 ) ) ;
#481 = ORIENTED_EDGE ( 'NONE', *, *, #511, .F. ) ;
#482 = VECTOR ( 'NONE', #3013, 1000.000000000000000 ) ;
#483 = CARTESIAN_POINT ( 'NONE',  ( -0.3999999999999833689, -0.04500000000000001221, -0.6000000000000000888 ) ) ;
#484 = DIRECTION ( 'NONE',  ( -0.000000000000000000, 1.000000000000000000, -0.000000000000000000 ) ) ;
#485 = AXIS2_PLACEMENT_3D ( 'NONE', #1599, #1061, #2708 ) ;
#486 = DIRECTION ( 'NONE',  ( 1.000000000000000000, 0.000000000000000000, 0.000000000000000000 ) ) ;
#487 = ORIENTED_EDGE ( 'NONE', *, *, #1891, .T. ) ;
#488 = ADVANCED_FACE ( 'NONE', ( #3394 ), #2582, .T. ) ;
#489 = AXIS2_PLACEMENT_3D ( 'NONE', #1596, #754, #1038 ) ;
#490 = FACE_OUTER_BOUND ( 'NONE', #3252, .T. ) ;
#491 = CARTESIAN_POINT ( 'NONE',  ( -0.3999999999999874767, -0.04500000000000001221, -0.2000000000000000944 ) ) ;
#492 = AXIS2_PLACEMENT_3D ( 'NONE', #2250, #1653, #538 ) ;
#493 = EDGE_CURVE ( 'NONE', #1343, #431, #1488, .T. ) ;
#494 = EDGE_CURVE ( 'NONE', #695, #3501, #1029, .T. ) ;
#495 = EDGE_LOOP ( 'NONE', ( #1451, #1357, #1435, #2177 ) ) ;
#496 = DIRECTION ( 'NONE',  ( 1.000000000000000000, 0.000000000000000000, -1.224646799147353207E-16 ) ) ;
#497 = EDGE_CURVE ( 'NONE', #2815, #716, #1637, .T. ) ;
#498 = DIRECTION ( 'NONE',  ( -0.000000000000000000, 1.000000000000000000, -0.000000000000000000 ) ) ;
#499 = CARTESIAN_POINT ( 'NONE',  ( 1.671202154126611018E-14, 0.000000000000000000, -0.7250000000000000888 ) ) ;
#500 = ORIENTED_EDGE ( 'NONE', *, *, #3429, .T. ) ;
#501 = LINE ( 'NONE', #2666, #2821 ) ;
#502 = AXIS2_PLACEMENT_3D ( 'NONE', #2939, #745, #1282 ) ;
#503 = CARTESIAN_POINT ( 'NONE',  ( 0.8000000000000082601, -0.04500000000000001221, 0.1999999999999999833 ) ) ;
#504 = DIRECTION ( 'NONE',  ( 0.000000000000000000, 0.000000000000000000, -1.000000000000000000 ) ) ;
#505 = VECTOR ( 'NONE', #1374, 1000.000000000000000 ) ;
#506 = CIRCLE ( 'NONE', #3135, 0.1250000000000000000 ) ;
#507 = EDGE_LOOP ( 'NONE', ( #862, #1266 ) ) ;
#508 = VECTOR ( 'NONE', #2480, 1000.000000000000000 ) ;
#509 = CARTESIAN_POINT ( 'NONE',  ( -0.7999999999999917177, -0.04500000000000001221, 0.1999999999999999833 ) ) ;
#510 = DIRECTION ( 'NONE',  ( 0.000000000000000000, 0.000000000000000000, 1.000000000000000000 ) ) ;
#511 = EDGE_CURVE ( 'NONE', #1064, #2878, #1464, .T. ) ;
#512 = APPLICATION_PROTOCOL_DEFINITION ( 'draft international standard', 'automotive_design', 1998, #1190 ) ;
#513 = ORIENTED_EDGE ( 'NONE', *, *, #1129, .F. ) ;
#514 = CARTESIAN_POINT ( 'NONE',  ( -0.3999999999999916955, 0.000000000000000000, 0.07499999999999998335 ) ) ;
#515 = DIRECTION ( 'NONE',  ( -0.000000000000000000, 1.000000000000000000, -0.000000000000000000 ) ) ;
#516 = ORIENTED_EDGE ( 'NONE', *, *, #2591, .F. ) ;
#517 = CARTESIAN_POINT ( 'NONE',  ( 2.083198979671102703E-14, 0.000000000000000000, -1.125000000000000222 ) ) ;
#518 = ADVANCED_FACE ( 'NONE', ( #2116 ), #1568, .T. ) ;
#519 = DIRECTION ( 'NONE',  ( -0.000000000000000000, 1.000000000000000000, -0.000000000000000000 ) ) ;
#520 = EDGE_LOOP ( 'NONE', ( #785, #935 ) ) ;
#521 = DIRECTION ( 'NONE',  ( 1.000000000000000000, 0.000000000000000000, -1.224646799147353207E-16 ) ) ;
#522 = EDGE_CURVE ( 'NONE', #3159, #2710, #1305, .T. ) ;
#523 = DIRECTION ( 'NONE',  ( 0.000000000000000000, 0.000000000000000000, -1.000000000000000000 ) ) ;
#524 = DIRECTION ( 'NONE',  ( 0.000000000000000000, -1.000000000000000000, 0.000000000000000000 ) ) ;
#525 = ORIENTED_EDGE ( 'NONE', *, *, #689, .F. ) ;
#526 =( NAMED_UNIT ( * ) SI_UNIT ( $, .STERADIAN. ) SOLID_ANGLE_UNIT ( ) );
#527 = FACE_OUTER_BOUND ( 'NONE', #950, .T. ) ;
#528 = DIRECTION ( 'NONE',  ( 0.000000000000000000, 0.000000000000000000, -1.000000000000000000 ) ) ;
#529 = CIRCLE ( 'NONE', #979, 0.1250000000000000000 ) ;
#530 = AXIS2_PLACEMENT_3D ( 'NONE', #1080, #3524, #2224 ) ;
#531 = VERTEX_POINT ( 'NONE', #455 ) ;
#532 = SPHERICAL_SURFACE ( 'NONE', #1036, 0.1250000000000000000 ) ;
#533 = EDGE_CURVE ( 'NONE', #3456, #3352, #2382, .T. ) ;
#534 = AXIS2_PLACEMENT_3D ( 'NONE', #1600, #3490, #169 ) ;
#535 = SURFACE_STYLE_FILL_AREA ( #804 ) ;
#536 = EDGE_LOOP ( 'NONE', ( #3120, #1421, #2076, #2607 ) ) ;
#537 = DIRECTION ( 'NONE',  ( 0.000000000000000000, 0.000000000000000000, -1.000000000000000000 ) ) ;
#538 = DIRECTION ( 'NONE',  ( 0.000000000000000000, 0.000000000000000000, -1.000000000000000000 ) ) ;
#539 = DIRECTION ( 'NONE',  ( 1.000000000000000000, 0.000000000000000000, 0.000000000000000000 ) ) ;
#540 = CIRCLE ( 'NONE', #2532, 0.1250000000000000000 ) ;
#541 = ORIENTED_EDGE ( 'NONE', *, *, #2061, .T. ) ;
#542 = CARTESIAN_POINT ( 'NONE',  ( 0.8000000000000208056, -0.04500000000000001221, -1.000000000000000000 ) ) ;
#543 = EDGE_CURVE ( 'NONE', #2710, #3159, #2211, .T. ) ;
#544 = AXIS2_PLACEMENT_3D ( 'NONE', #1327, #807, #750 ) ;
#545 = EDGE_CURVE ( 'NONE', #112, #1604, #332, .T. ) ;
#546 = DIRECTION ( 'NONE',  ( 1.000000000000000000, 0.000000000000000000, -1.224646799147353207E-16 ) ) ;
#547 = CIRCLE ( 'NONE', #2540, 0.1250000000000000000 ) ;
#548 = SPHERICAL_SURFACE ( 'NONE', #985, 0.1250000000000000000 ) ;
#549 = ORIENTED_EDGE ( 'NONE', *, *, #1172, .F. ) ;
#550 = STYLED_ITEM ( 'NONE', ( #1826 ), #2877 ) ;
#551 = DIRECTION ( 'NONE',  ( -0.000000000000000000, 1.000000000000000000, -0.000000000000000000 ) ) ;
#552 = EDGE_CURVE ( 'NONE', #3532, #2021, #2036, .T. ) ;
#553 = EDGE_CURVE ( 'NONE', #2773, #882, #1075, .T. ) ;
#554 = CARTESIAN_POINT ( 'NONE',  ( -0.3999999999999833689, -0.1700000000000000122, -0.6000000000000000888 ) ) ;
#555 = ORIENTED_EDGE ( 'NONE', *, *, #2395, .T. ) ;
#556 = CARTESIAN_POINT ( 'NONE',  ( -0.3999999999999792055, -0.04500000000000001221, -1.000000000000000000 ) ) ;
#557 = CARTESIAN_POINT ( 'NONE',  ( 8.348356728138384142E-15, -0.04500000000000001221, 0.1999999999999999833 ) ) ;
#558 = LINE ( 'NONE', #835, #2326 ) ;
#559 = EDGE_CURVE ( 'NONE', #3238, #1760, #2324, .T. ) ;
#560 = DIRECTION ( 'NONE',  ( 0.000000000000000000, 0.000000000000000000, -1.000000000000000000 ) ) ;
#561 = AXIS2_PLACEMENT_3D ( 'NONE', #1102, #3292, #1668 ) ;
#562 = AXIS2_PLACEMENT_3D ( 'NONE', #1100, #2747, #297 ) ;
#563 = DIRECTION ( 'NONE',  ( -1.000000000000000000, -0.000000000000000000, -0.000000000000000000 ) ) ;
#564 = CYLINDRICAL_SURFACE ( 'NONE', #2296, 0.1250000000000000000 ) ;
#565 = ORIENTED_EDGE ( 'NONE', *, *, #3034, .T. ) ;
#566 = ORIENTED_EDGE ( 'NONE', *, *, #1750, .T. ) ;
#567 = CARTESIAN_POINT ( 'NONE',  ( 1.248363306857264288E-14, 0.000000000000000000, -0.3250000000000000666 ) ) ;
#568 = DIRECTION ( 'NONE',  ( 0.000000000000000000, 0.000000000000000000, 1.000000000000000000 ) ) ;
#569 = ORIENTED_EDGE ( 'NONE', *, *, #3517, .T. ) ;
#570 = CYLINDRICAL_SURFACE ( 'NONE', #2554, 0.1250000000000000000 ) ;
#571 = CARTESIAN_POINT ( 'NONE',  ( -0.4000000000000000222, -0.04500000000000001221, 1.000000000000000000 ) ) ;
#572 = CARTESIAN_POINT ( 'NONE',  ( 0.4000000000000208944, -0.04500000000000001221, -1.000000000000000000 ) ) ;
#573 = CARTESIAN_POINT ( 'NONE',  ( -0.7999999999999833911, 0.000000000000000000, -0.7250000000000000888 ) ) ;
#574 = DIRECTION ( 'NONE',  ( 0.000000000000000000, 0.000000000000000000, 1.000000000000000000 ) ) ;
#575 = DIRECTION ( 'NONE',  ( 0.000000000000000000, 0.000000000000000000, 1.000000000000000000 ) ) ;
#576 = ADVANCED_FACE ( 'NONE', ( #3150 ), #2552, .T. ) ;
#577 = EDGE_CURVE ( 'NONE', #1563, #3316, #3419, .T. ) ;
#578 = CARTESIAN_POINT ( 'NONE',  ( -1.116500000000000270, 0.3299999999999999600, 1.159999999999999920 ) ) ;
#579 = CARTESIAN_POINT ( 'NONE',  ( -0.3999999999999874767, 0.000000000000000000, -0.07500000000000009437 ) ) ;
#580 = ORIENTED_EDGE ( 'NONE', *, *, #1162, .T. ) ;
#581 = VERTEX_POINT ( 'NONE', #2008 ) ;
#582 = AXIS2_PLACEMENT_3D ( 'NONE', #2169, #2484, #2506 ) ;
#583 = FACE_OUTER_BOUND ( 'NONE', #2689, .T. ) ;
#584 =( NAMED_UNIT ( * ) SI_UNIT ( $, .STERADIAN. ) SOLID_ANGLE_UNIT ( ) );
#585 = ORIENTED_EDGE ( 'NONE', *, *, #543, .F. ) ;
#586 = CARTESIAN_POINT ( 'NONE',  ( -0.7999999999999917177, 0.000000000000000000, 0.07499999999999998335 ) ) ;
#587 = DIRECTION ( 'NONE',  ( -0.000000000000000000, 1.000000000000000000, -0.000000000000000000 ) ) ;
#588 = CARTESIAN_POINT ( 'NONE',  ( -0.3999999999999874767, 0.000000000000000000, -0.2000000000000000944 ) ) ;
#589 = AXIS2_PLACEMENT_3D ( 'NONE', #1235, #1500, #2290 ) ;
#590 = VERTEX_POINT ( 'NONE', #3132 ) ;
#591 = CARTESIAN_POINT ( 'NONE',  ( 0.8000000000000208056, 0.000000000000000000, -1.000000000000000000 ) ) ;
#592 = AXIS2_PLACEMENT_3D ( 'NONE', #3218, #1784, #756 ) ;
#593 = DIRECTION ( 'NONE',  ( -0.000000000000000000, 1.000000000000000000, -0.000000000000000000 ) ) ;
#594 = DIRECTION ( 'NONE',  ( 1.000000000000000000, 0.000000000000000000, 0.000000000000000000 ) ) ;
#595 = CARTESIAN_POINT ( 'NONE',  ( -0.7999999999999833911, 0.000000000000000000, -0.6000000000000000888 ) ) ;
#596 = CARTESIAN_POINT ( 'NONE',  ( -0.7999999999999791722, -0.04500000000000001221, -1.000000000000000000 ) ) ;
#597 = AXIS2_PLACEMENT_3D ( 'NONE', #2505, #53, #1941 ) ;
#598 = ADVANCED_FACE ( 'NONE', ( #2084 ), #676, .T. ) ;
#599 = ORIENTED_EDGE ( 'NONE', *, *, #1103, .F. ) ;
#600 = EDGE_LOOP ( 'NONE', ( #2425, #2918, #2408, #178 ) ) ;
#601 = AXIS2_PLACEMENT_3D ( 'NONE', #1743, #3337, #1198 ) ;
#602 = DIRECTION ( 'NONE',  ( -0.000000000000000000, 1.000000000000000000, -0.000000000000000000 ) ) ;
#603 = ADVANCED_FACE ( 'NONE', ( #2858 ), #2353, .T. ) ;
#604 = CIRCLE ( 'NONE', #2310, 0.1250000000000001110 ) ;
#605 = VERTEX_POINT ( 'NONE', #3171 ) ;
#606 = DIRECTION ( 'NONE',  ( 0.000000000000000000, 0.000000000000000000, -1.000000000000000000 ) ) ;
#607 = CIRCLE ( 'NONE', #1681, 0.1250000000000000000 ) ;
#608 = CARTESIAN_POINT ( 'NONE',  ( -0.7999999999999833911, -0.04500000000000001221, -0.7250000000000000888 ) ) ;
#609 = DIRECTION ( 'NONE',  ( 0.000000000000000000, -1.000000000000000000, 0.000000000000000000 ) ) ;
#610 = CIRCLE ( 'NONE', #3124, 0.1250000000000001110 ) ;
#611 = ORIENTED_EDGE ( 'NONE', *, *, #2444, .T. ) ;
#612 = CARTESIAN_POINT ( 'NONE',  ( -0.7999999999999876099, -0.04500000000000001221, -0.2000000000000000944 ) ) ;
#613 = EDGE_LOOP ( 'NONE', ( #2651, #25, #3037, #2534 ) ) ;
#614 = PLANE ( 'NONE',  #597 ) ;
#615 = FACE_OUTER_BOUND ( 'NONE', #3131, .T. ) ;
#616 = EDGE_CURVE ( 'NONE', #970, #1482, #2030, .T. ) ;
#617 = CIRCLE ( 'NONE', #3130, 0.1250000000000001110 ) ;
#618 = CARTESIAN_POINT ( 'NONE',  ( 0.8000000000000041522, -0.04500000000000001221, 0.6000000000000000888 ) ) ;
#619 = VERTEX_POINT ( 'NONE', #1195 ) ;
#620 = VERTEX_POINT ( 'NONE', #3381 ) ;
#621 = VECTOR ( 'NONE', #3478, 1000.000000000000000 ) ;
#622 = CIRCLE ( 'NONE', #3544, 0.1250000000000000000 ) ;
#623 = CARTESIAN_POINT ( 'NONE',  ( -0.3999999999999874767, -0.04500000000000001221, -0.2000000000000000944 ) ) ;
#624 = VERTEX_POINT ( 'NONE', #925 ) ;
#625 = CARTESIAN_POINT ( 'NONE',  ( -0.3999999999999833689, -0.04500000000000001221, -0.6000000000000000888 ) ) ;
#626 = DIRECTION ( 'NONE',  ( 1.000000000000000000, 0.000000000000000000, 0.000000000000000000 ) ) ;
#627 = ORIENTED_EDGE ( 'NONE', *, *, #3497, .F. ) ;
#628 = DIRECTION ( 'NONE',  ( -1.000000000000000000, -0.000000000000000000, -0.000000000000000000 ) ) ;
#629 = VERTEX_POINT ( 'NONE', #1267 ) ;
#630 = ADVANCED_FACE ( 'NONE', ( #402 ), #2586, .T. ) ;
#631 = FACE_OUTER_BOUND ( 'NONE', #1179, .T. ) ;
#632 = CARTESIAN_POINT ( 'NONE',  ( 0.8000000000000000444, -0.1700000000000000122, 1.000000000000000000 ) ) ;
#633 = VERTEX_POINT ( 'NONE', #386 ) ;
#634 = ORIENTED_EDGE ( 'NONE', *, *, #1750, .F. ) ;
#635 = CARTESIAN_POINT ( 'NONE',  ( -0.7999999999999833911, -0.04500000000000001221, -0.6000000000000000888 ) ) ;
#636 = AXIS2_PLACEMENT_3D ( 'NONE', #821, #2643, #31 ) ;
#637 = DIRECTION ( 'NONE',  ( -0.000000000000000000, 1.000000000000000000, -0.000000000000000000 ) ) ;
#638 = EDGE_CURVE ( 'NONE', #323, #431, #156, .T. ) ;
#639 = ORIENTED_EDGE ( 'NONE', *, *, #2397, .T. ) ;
#640 = DIRECTION ( 'NONE',  ( 0.000000000000000000, 0.000000000000000000, -1.000000000000000000 ) ) ;
#641 = ORIENTED_EDGE ( 'NONE', *, *, #2456, .F. ) ;
#642 = CYLINDRICAL_SURFACE ( 'NONE', #2952, 0.1000000000000001582 ) ;
#643 = ADVANCED_FACE ( 'NONE', ( #1510 ), #1796, .T. ) ;
#644 = CIRCLE ( 'NONE', #2705, 0.1250000000000001110 ) ;
#645 = FACE_OUTER_BOUND ( 'NONE', #1281, .T. ) ;
#646 = DIRECTION ( 'NONE',  ( -0.000000000000000000, 1.000000000000000000, -0.000000000000000000 ) ) ;
#647 = CYLINDRICAL_SURFACE ( 'NONE', #3514, 0.1250000000000000000 ) ;
#648 = ADVANCED_FACE ( 'NONE', ( #1250 ), #2824, .T. ) ;
#649 = EDGE_CURVE ( 'NONE', #185, #1434, #506, .T. ) ;
#650 = ORIENTED_EDGE ( 'NONE', *, *, #1414, .T. ) ;
#651 = EDGE_LOOP ( 'NONE', ( #3247, #2112, #349 ) ) ;
#652 = DIRECTION ( 'NONE',  ( 0.000000000000000000, 1.000000000000000000, 0.000000000000000000 ) ) ;
#653 = CIRCLE ( 'NONE', #3116, 0.1250000000000000000 ) ;
#654 = DIRECTION ( 'NONE',  ( 0.000000000000000000, -1.000000000000000000, 0.000000000000000000 ) ) ;
#655 = EDGE_CURVE ( 'NONE', #2318, #765, #1533, .T. ) ;
#656 = ORIENTED_EDGE ( 'NONE', *, *, #965, .F. ) ;
#657 = DIRECTION ( 'NONE',  ( 0.000000000000000000, 0.000000000000000000, -1.000000000000000000 ) ) ;
#658 = ORIENTED_EDGE ( 'NONE', *, *, #2634, .T. ) ;
#659 =( GEOMETRIC_REPRESENTATION_CONTEXT ( 3 ) GLOBAL_UNCERTAINTY_ASSIGNED_CONTEXT ( ( #1820 ) ) GLOBAL_UNIT_ASSIGNED_CONTEXT ( ( #2926, #2438, #526 ) ) REPRESENTATION_CONTEXT ( 'NONE', 'WORKASPACE' ) );
#660 = ADVANCED_FACE ( 'NONE', ( #2976 ), #1287, .T. ) ;
#661 = CARTESIAN_POINT ( 'NONE',  ( 4.119968255444916849E-15, -0.1700000000000000122, 0.6000000000000000888 ) ) ;
#662 = VECTOR ( 'NONE', #2346, 1000.000000000000000 ) ;
#663 = ORIENTED_EDGE ( 'NONE', *, *, #277, .F. ) ;
#664 = FACE_BOUND ( 'NONE', #982, .T. ) ;
#665 = DIRECTION ( 'NONE',  ( 0.000000000000000000, 0.000000000000000000, -1.000000000000000000 ) ) ;
#666 = FACE_OUTER_BOUND ( 'NONE', #1968, .T. ) ;
#667 = ORIENTED_EDGE ( 'NONE', *, *, #3034, .F. ) ;
#668 = VERTEX_POINT ( 'NONE', #747 ) ;
#669 = AXIS2_PLACEMENT_3D ( 'NONE', #2638, #1818, #2368 ) ;
#670 = CARTESIAN_POINT ( 'NONE',  ( -0.7999999999999876099, -0.1700000000000000122, -0.07500000000000009437 ) ) ;
#671 = LINE ( 'NONE', #1220, #3081 ) ;
#672 = MECHANICAL_DESIGN_GEOMETRIC_PRESENTATION_REPRESENTATION (  '', ( #216 ), #2970 ) ;
#673 = VECTOR ( 'NONE', #1389, 1000.000000000000000 ) ;
#674 = DIRECTION ( 'NONE',  ( 0.000000000000000000, 0.000000000000000000, 1.000000000000000000 ) ) ;
#675 = ORIENTED_EDGE ( 'NONE', *, *, #2015, .T. ) ;
#676 = SPHERICAL_SURFACE ( 'NONE', #3542, 0.1250000000000000000 ) ;
#677 = ORIENTED_EDGE ( 'NONE', *, *, #2170, .F. ) ;
#678 = CYLINDRICAL_SURFACE ( 'NONE', #2826, 0.1250000000000000000 ) ;
#679 = EDGE_LOOP ( 'NONE', ( #3538, #2034, #2951 ) ) ;
#680 = DIRECTION ( 'NONE',  ( -0.000000000000000000, 1.000000000000000000, -0.000000000000000000 ) ) ;
#681 = SURFACE_STYLE_USAGE ( .BOTH. , #697 ) ;
#682 = ORIENTED_EDGE ( 'NONE', *, *, #313, .F. ) ;
#683 = ORIENTED_EDGE ( 'NONE', *, *, #468, .T. ) ;
#684 = DIRECTION ( 'NONE',  ( 0.000000000000000000, 0.000000000000000000, 1.000000000000000000 ) ) ;
#685 = CARTESIAN_POINT ( 'NONE',  ( -0.3999999999999958589, 0.000000000000000000, 0.6000000000000000888 ) ) ;
#686 = CARTESIAN_POINT ( 'NONE',  ( -1.116500000000000270, 0.000000000000000000, -1.159999999999999920 ) ) ;
#687 = FACE_OUTER_BOUND ( 'NONE', #1054, .T. ) ;
#688 = EDGE_LOOP ( 'NONE', ( #2960, #3447, #3098 ) ) ;
#689 = EDGE_CURVE ( 'NONE', #2570, #1470, #3246, .T. ) ;
#690 = DIRECTION ( 'NONE',  ( 0.000000000000000000, 0.000000000000000000, -1.000000000000000000 ) ) ;
#691 = ORIENTED_EDGE ( 'NONE', *, *, #1699, .T. ) ;
#692 = AXIS2_PLACEMENT_3D ( 'NONE', #2785, #396, #78 ) ;
#693 = DIRECTION ( 'NONE',  ( -0.000000000000000000, 1.000000000000000000, -0.000000000000000000 ) ) ;
#694 = CIRCLE ( 'NONE', #1489, 0.1250000000000000000 ) ;
#695 = VERTEX_POINT ( 'NONE', #3511 ) ;
#696 = DIRECTION ( 'NONE',  ( 1.000000000000000000, 0.000000000000000000, 0.000000000000000000 ) ) ;
#697 = SURFACE_SIDE_STYLE ('',( #2863 ) ) ;
#698 = DIRECTION ( 'NONE',  ( 1.000000000000000000, 0.000000000000000000, -1.224646799147353207E-16 ) ) ;
#699 = VECTOR ( 'NONE', #814, 1000.000000000000000 ) ;
#700 = ORIENTED_EDGE ( 'NONE', *, *, #2769, .F. ) ;
#701 = EDGE_LOOP ( 'NONE', ( #2733, #650, #1635 ) ) ;
#702 = DIRECTION ( 'NONE',  ( 0.000000000000000000, -1.000000000000000000, 0.000000000000000000 ) ) ;
#703 = CARTESIAN_POINT ( 'NONE',  ( -0.4000000000000000222, -0.1700000000000000122, 0.8750000000000000000 ) ) ;
#704 = EDGE_CURVE ( 'NONE', #356, #1840, #1359, .T. ) ;
#705 = AXIS2_PLACEMENT_3D ( 'NONE', #3534, #479, #1591 ) ;
#706 = CARTESIAN_POINT ( 'NONE',  ( 0.000000000000000000, -0.04500000000000001221, 1.000000000000000000 ) ) ;
#707 = CARTESIAN_POINT ( 'NONE',  ( 0.8000000000000041522, 0.000000000000000000, 0.4750000000000000333 ) ) ;
#708 = EDGE_LOOP ( 'NONE', ( #1325, #774, #1210, #1271 ) ) ;
#709 = CIRCLE ( 'NONE', #880, 0.1250000000000000000 ) ;
#710 = UNCERTAINTY_MEASURE_WITH_UNIT (LENGTH_MEASURE( 1.000000000000000082E-05 ), #3335, 'distance_accuracy_value', 'NONE');
#711 = DIRECTION ( 'NONE',  ( 1.000000000000000000, 0.000000000000000000, 0.000000000000000000 ) ) ;
#712 = ORIENTED_EDGE ( 'NONE', *, *, #2591, .T. ) ;
#713 = DIRECTION ( 'NONE',  ( -0.000000000000000000, 1.000000000000000000, -0.000000000000000000 ) ) ;
#714 = MANIFOLD_SOLID_BREP ( 'Cut-Extrude1', #3341 ) ;
#715 = CIRCLE ( 'NONE', #2718, 0.1250000000000000000 ) ;
#716 = VERTEX_POINT ( 'NONE', #477 ) ;
#717 = CARTESIAN_POINT ( 'NONE',  ( 2.081668171172168513E-14, -0.1700000000000000122, -1.000000000000000000 ) ) ;
#718 = DIRECTION ( 'NONE',  ( 1.000000000000000000, 0.000000000000000000, -1.224646799147353207E-16 ) ) ;
#719 = LINE ( 'NONE', #1560, #125 ) ;
#720 =( GEOMETRIC_REPRESENTATION_CONTEXT ( 3 ) GLOBAL_UNCERTAINTY_ASSIGNED_CONTEXT ( ( #1323 ) ) GLOBAL_UNIT_ASSIGNED_CONTEXT ( ( #972, #1278, #1544 ) ) REPRESENTATION_CONTEXT ( 'NONE', 'WORKASPACE' ) );
#721 = ORIENTED_EDGE ( 'NONE', *, *, #3032, .T. ) ;
#722 = ORIENTED_EDGE ( 'NONE', *, *, #3115, .T. ) ;
#723 = AXIS2_PLACEMENT_3D ( 'NONE', #1923, #3328, #1376 ) ;
#724 = CARTESIAN_POINT ( 'NONE',  ( -0.7999999999999917177, -0.1700000000000000122, 0.1999999999999999833 ) ) ;
#725 = DIRECTION ( 'NONE',  ( 0.000000000000000000, 0.000000000000000000, -1.000000000000000000 ) ) ;
#726 = DIRECTION ( 'NONE',  ( 0.000000000000000000, 0.000000000000000000, -1.000000000000000000 ) ) ;
#727 = VERTEX_POINT ( 'NONE', #499 ) ;
#728 = DIRECTION ( 'NONE',  ( -0.000000000000000000, 1.000000000000000000, -0.000000000000000000 ) ) ;
#729 = CARTESIAN_POINT ( 'NONE',  ( 1.669671345627676828E-14, -0.04500000000000001221, -0.6000000000000000888 ) ) ;
#730 = AXIS2_PLACEMENT_3D ( 'NONE', #3112, #654, #1733 ) ;
#731 = EDGE_CURVE ( 'NONE', #970, #2553, #1418, .T. ) ;
#732 =( GEOMETRIC_REPRESENTATION_CONTEXT ( 3 ) GLOBAL_UNCERTAINTY_ASSIGNED_CONTEXT ( ( #1775 ) ) GLOBAL_UNIT_ASSIGNED_CONTEXT ( ( #3290, #1650, #584 ) ) REPRESENTATION_CONTEXT ( 'NONE', 'WORKASPACE' ) );
#733 = ORIENTED_EDGE ( 'NONE', *, *, #2434, .F. ) ;
#734 = AXIS2_PLACEMENT_3D ( 'NONE', #2980, #524, #1607 ) ;
#735 = EDGE_CURVE ( 'NONE', #978, #302, #1084, .T. ) ;
#736 = EDGE_LOOP ( 'NONE', ( #3277, #1632, #1360, #2352 ) ) ;
#737 = SURFACE_STYLE_FILL_AREA ( #2089 ) ;
#738 = DIRECTION ( 'NONE',  ( 0.000000000000000000, -1.000000000000000000, 0.000000000000000000 ) ) ;
#739 = DIRECTION ( 'NONE',  ( -0.000000000000000000, 1.000000000000000000, -0.000000000000000000 ) ) ;
#740 = ORIENTED_EDGE ( 'NONE', *, *, #1741, .T. ) ;
#741 = EDGE_LOOP ( 'NONE', ( #3261, #3390, #2914 ) ) ;
#742 = LINE ( 'NONE', #2600, #2898 ) ;
#743 = DIRECTION ( 'NONE',  ( 0.000000000000000000, 0.000000000000000000, -1.000000000000000000 ) ) ;
#744 = EDGE_LOOP ( 'NONE', ( #98, #2088, #1667, #2235 ) ) ;
#745 = DIRECTION ( 'NONE',  ( -1.000000000000000000, -0.000000000000000000, -0.000000000000000000 ) ) ;
#746 = CARTESIAN_POINT ( 'NONE',  ( -0.3999999999999916955, -0.04500000000000001221, 0.1999999999999999833 ) ) ;
#747 = CARTESIAN_POINT ( 'NONE',  ( 0.8000000000000125899, -0.1700000000000000122, -0.2000000000000000944 ) ) ;
#748 = ORIENTED_EDGE ( 'NONE', *, *, #493, .T. ) ;
#749 = DIRECTION ( 'NONE',  ( -1.000000000000000000, -0.000000000000000000, -0.000000000000000000 ) ) ;
#750 = DIRECTION ( 'NONE',  ( 0.000000000000000000, 0.000000000000000000, 1.000000000000000000 ) ) ;
#751 = ORIENTED_EDGE ( 'NONE', *, *, #3321, .T. ) ;
#752 = VECTOR ( 'NONE', #3393, 1000.000000000000000 ) ;
#753 = EDGE_CURVE ( 'NONE', #2266, #3291, #2119, .T. ) ;
#754 = DIRECTION ( 'NONE',  ( 1.000000000000000000, 0.000000000000000000, 0.000000000000000000 ) ) ;
#755 = CARTESIAN_POINT ( 'NONE',  ( 0.4000000000000041855, 0.000000000000000000, 0.4750000000000000333 ) ) ;
#756 = DIRECTION ( 'NONE',  ( 0.000000000000000000, 0.000000000000000000, -1.000000000000000000 ) ) ;
#757 = AXIS2_PLACEMENT_3D ( 'NONE', #7, #2192, #295 ) ;
#758 = SURFACE_SIDE_STYLE ('',( #3201 ) ) ;
#759 = ADVANCED_FACE ( 'NONE', ( #2407 ), #1873, .T. ) ;
#760 = ORIENTED_EDGE ( 'NONE', *, *, #3426, .T. ) ;
#761 = PLANE ( 'NONE',  #116 ) ;
#762 = AXIS2_PLACEMENT_3D ( 'NONE', #453, #1008, #1338 ) ;
#763 = FILL_AREA_STYLE ('',( #3222 ) ) ;
#764 = CARTESIAN_POINT ( 'NONE',  ( 0.8000000000000166978, 0.000000000000000000, -0.7250000000000000888 ) ) ;
#765 = VERTEX_POINT ( 'NONE', #3495 ) ;
#766 = CARTESIAN_POINT ( 'NONE',  ( -0.8000000000000000444, -0.04500000000000001221, 1.000000000000000000 ) ) ;
#767 = LINE ( 'NONE', #2639, #3528 ) ;
#768 =( NAMED_UNIT ( * ) PLANE_ANGLE_UNIT ( ) SI_UNIT ( $, .RADIAN. ) );
#769 = ORIENTED_EDGE ( 'NONE', *, *, #2762, .T. ) ;
#770 = DIRECTION ( 'NONE',  ( -0.000000000000000000, 1.000000000000000000, -0.000000000000000000 ) ) ;
#771 = EDGE_CURVE ( 'NONE', #164, #1958, #1241, .T. ) ;
#772 = DIRECTION ( 'NONE',  ( 0.000000000000000000, 0.000000000000000000, -1.000000000000000000 ) ) ;
#773 = CARTESIAN_POINT ( 'NONE',  ( 0.8000000000000166978, -0.04500000000000001221, -0.6000000000000000888 ) ) ;
#774 = ORIENTED_EDGE ( 'NONE', *, *, #2293, .T. ) ;
#775 = CARTESIAN_POINT ( 'NONE',  ( -0.7999999999999959366, 0.000000000000000000, 0.6000000000000000888 ) ) ;
#776 = DIRECTION ( 'NONE',  ( -0.000000000000000000, 1.000000000000000000, -0.000000000000000000 ) ) ;
#777 = CIRCLE ( 'NONE', #2483, 0.1250000000000000000 ) ;
#778 = ORIENTED_EDGE ( 'NONE', *, *, #1553, .T. ) ;
#779 = CIRCLE ( 'NONE', #3182, 0.1250000000000000000 ) ;
#780 = SPHERICAL_SURFACE ( 'NONE', #2658, 0.1250000000000000000 ) ;
#781 = EDGE_CURVE ( 'NONE', #1985, #175, #2270, .T. ) ;
#782 = DIRECTION ( 'NONE',  ( 0.000000000000000000, 0.000000000000000000, -1.000000000000000000 ) ) ;
#783 = CIRCLE ( 'NONE', #1294, 0.1250000000000000000 ) ;
#784 = EDGE_CURVE ( 'NONE', #716, #1452, #3263, .T. ) ;
#785 = ORIENTED_EDGE ( 'NONE', *, *, #874, .F. ) ;
#786 = DIRECTION ( 'NONE',  ( 0.000000000000000000, 0.000000000000000000, -1.000000000000000000 ) ) ;
#787 = SURFACE_STYLE_USAGE ( .BOTH. , #2141 ) ;
#788 = ORIENTED_EDGE ( 'NONE', *, *, #945, .T. ) ;
#789 = DIRECTION ( 'NONE',  ( -0.000000000000000000, 1.000000000000000000, -0.000000000000000000 ) ) ;
#790 = CIRCLE ( 'NONE', #561, 0.1250000000000000000 ) ;
#791 = DIRECTION ( 'NONE',  ( 0.000000000000000000, 0.000000000000000000, -1.000000000000000000 ) ) ;
#792 = FACE_OUTER_BOUND ( 'NONE', #2568, .T. ) ;
#793 = CIRCLE ( 'NONE', #2908, 0.1250000000000000000 ) ;
#794 = AXIS2_PLACEMENT_3D ( 'NONE', #2300, #2879, #1756 ) ;
#795 = EDGE_LOOP ( 'NONE', ( #2362, #1474, #3452 ) ) ;
#796 = CIRCLE ( 'NONE', #2793, 0.1250000000000000000 ) ;
#797 = DIRECTION ( 'NONE',  ( 0.000000000000000000, 0.000000000000000000, -1.000000000000000000 ) ) ;
#798 = LINE ( 'NONE', #2984, #1713 ) ;
#799 = ADVANCED_FACE ( 'NONE', ( #245, #1342 ), #2428, .F. ) ;
#800 = DIRECTION ( 'NONE',  ( -0.000000000000000000, 1.000000000000000000, -0.000000000000000000 ) ) ;
#801 = CARTESIAN_POINT ( 'NONE',  ( 0.000000000000000000, 0.000000000000000000, 1.125000000000000222 ) ) ;
#802 = EDGE_LOOP ( 'NONE', ( #1830, #580, #722, #2120 ) ) ;
#803 = DIRECTION ( 'NONE',  ( 1.000000000000000000, 0.000000000000000000, -1.224646799147353207E-16 ) ) ;
#804 = FILL_AREA_STYLE ('',( #2161 ) ) ;
#805 = VERTEX_POINT ( 'NONE', #554 ) ;
#806 = DIRECTION ( 'NONE',  ( 0.000000000000000000, 0.000000000000000000, -1.000000000000000000 ) ) ;
#807 = DIRECTION ( 'NONE',  ( -1.000000000000000000, -0.000000000000000000, -0.000000000000000000 ) ) ;
#808 = EDGE_CURVE ( 'NONE', #242, #2728, #384, .T. ) ;
#809 = ORIENTED_EDGE ( 'NONE', *, *, #398, .T. ) ;
#810 = DIRECTION ( 'NONE',  ( 0.000000000000000000, -1.000000000000000000, 0.000000000000000000 ) ) ;
#811 = EDGE_CURVE ( 'NONE', #619, #1257, #793, .T. ) ;
#812 = CARTESIAN_POINT ( 'NONE',  ( 8.363664813127726035E-15, 0.000000000000000000, 0.07499999999999998335 ) ) ;
#813 = AXIS2_PLACEMENT_3D ( 'NONE', #279, #1373, #1934 ) ;
#814 = DIRECTION ( 'NONE',  ( -0.000000000000000000, 1.000000000000000000, -0.000000000000000000 ) ) ;
#815 = EDGE_LOOP ( 'NONE', ( #960, #1661, #1458, #2503 ) ) ;
#816 = EDGE_CURVE ( 'NONE', #1728, #882, #9, .T. ) ;
#817 = DIRECTION ( 'NONE',  ( -0.000000000000000000, 1.000000000000000000, -0.000000000000000000 ) ) ;
#818 = AXIS2_PLACEMENT_3D ( 'NONE', #1900, #1615, #2743 ) ;
#819 = LINE ( 'NONE', #3006, #505 ) ;
#820 = ORIENTED_EDGE ( 'NONE', *, *, #2672, .F. ) ;
#821 = CARTESIAN_POINT ( 'NONE',  ( -0.7999999999999833911, -0.04500000000000001221, -0.6000000000000000888 ) ) ;
#822 = CARTESIAN_POINT ( 'NONE',  ( -0.7999999999999917177, 0.000000000000000000, 0.1999999999999999833 ) ) ;
#823 = DIRECTION ( 'NONE',  ( 0.000000000000000000, 0.000000000000000000, 1.000000000000000000 ) ) ;
#824 = CARTESIAN_POINT ( 'NONE',  ( -1.116500000000000270, 0.3299999999999999600, 1.159999999999999920 ) ) ;
#825 = FACE_OUTER_BOUND ( 'NONE', #387, .T. ) ;
#826 = CIRCLE ( 'NONE', #1908, 0.1250000000000000000 ) ;
#827 = FACE_OUTER_BOUND ( 'NONE', #3212, .T. ) ;
#828 = VECTOR ( 'NONE', #3406, 1000.000000000000000 ) ;
#829 = CARTESIAN_POINT ( 'NONE',  ( 0.8000000000000125899, -0.04500000000000001221, -0.2000000000000000944 ) ) ;
#830 = ORIENTED_EDGE ( 'NONE', *, *, #3455, .T. ) ;
#831 = CIRCLE ( 'NONE', #1115, 0.1250000000000000000 ) ;
#832 = ORIENTED_EDGE ( 'NONE', *, *, #1791, .F. ) ;
#833 = CARTESIAN_POINT ( 'NONE',  ( -0.4000000000000000222, 0.000000000000000000, 0.8750000000000000000 ) ) ;
#834 = DIRECTION ( 'NONE',  ( 0.000000000000000000, -1.000000000000000000, 0.000000000000000000 ) ) ;
#835 = CARTESIAN_POINT ( 'NONE',  ( -0.8000000000000000444, -0.1700000000000000122, 1.125000000000000222 ) ) ;
#836 = EDGE_CURVE ( 'NONE', #993, #727, #819, .T. ) ;
#837 = EDGE_CURVE ( 'NONE', #926, #3074, #2385, .T. ) ;
#838 = CARTESIAN_POINT ( 'NONE',  ( 0.8000000000000125899, -0.04500000000000001221, -0.2000000000000000944 ) ) ;
#839 = CIRCLE ( 'NONE', #1522, 0.1250000000000000000 ) ;
#840 = PRESENTATION_STYLE_ASSIGNMENT (( #19 ) ) ;
#841 = ADVANCED_FACE ( 'NONE', ( #2221 ), #2253, .T. ) ;
#842 = SPHERICAL_SURFACE ( 'NONE', #352, 0.1250000000000000000 ) ;
#843 = AXIS2_PLACEMENT_3D ( 'NONE', #190, #496, #2680 ) ;
#844 = AXIS2_PLACEMENT_3D ( 'NONE', #2964, #2181, #1878 ) ;
#845 = CARTESIAN_POINT ( 'NONE',  ( -0.7999999999999876099, -0.04500000000000001221, -0.2000000000000000944 ) ) ;
#846 = DIRECTION ( 'NONE',  ( -1.000000000000000000, -0.000000000000000000, -0.000000000000000000 ) ) ;
#847 = ORIENTED_EDGE ( 'NONE', *, *, #17, .F. ) ;
#848 = ORIENTED_EDGE ( 'NONE', *, *, #3207, .F. ) ;
#849 = DIRECTION ( 'NONE',  ( 0.000000000000000000, 0.000000000000000000, 1.000000000000000000 ) ) ;
#850 = EDGE_LOOP ( 'NONE', ( #1993, #3059, #2040 ) ) ;
#851 = CARTESIAN_POINT ( 'NONE',  ( 0.4000000000000082934, -0.1700000000000000122, 0.3250000000000000111 ) ) ;
#852 = DIRECTION ( 'NONE',  ( 0.000000000000000000, -1.000000000000000000, 0.000000000000000000 ) ) ;
#853 = SPHERICAL_SURFACE ( 'NONE', #958, 0.1250000000000000000 ) ;
#854 = EDGE_LOOP ( 'NONE', ( #2209, #611, #1795 ) ) ;
#855 = FACE_OUTER_BOUND ( 'NONE', #2126, .T. ) ;
#856 = EDGE_CURVE ( 'NONE', #347, #1035, #3256, .T. ) ;
#857 = SPHERICAL_SURFACE ( 'NONE', #1092, 0.1250000000000000000 ) ;
#858 = CARTESIAN_POINT ( 'NONE',  ( -0.8665000000000002700, 0.3199999999999998956, -0.9100000000000000311 ) ) ;
#859 = EDGE_CURVE ( 'NONE', #420, #302, #2845, .T. ) ;
#860 = SPHERICAL_SURFACE ( 'NONE', #1337, 0.1250000000000000000 ) ;
#861 = ADVANCED_FACE ( 'NONE', ( #2774 ), #1178, .T. ) ;
#862 = ORIENTED_EDGE ( 'NONE', *, *, #3186, .F. ) ;
#863 = VERTEX_POINT ( 'NONE', #573 ) ;
#864 = DIRECTION ( 'NONE',  ( 0.000000000000000000, 0.000000000000000000, 1.000000000000000000 ) ) ;
#865 = CIRCLE ( 'NONE', #2701, 0.1250000000000000000 ) ;
#866 = ORIENTED_EDGE ( 'NONE', *, *, #3429, .F. ) ;
#867 = CARTESIAN_POINT ( 'NONE',  ( -0.3999999999999874767, -0.1700000000000000122, -0.2000000000000000944 ) ) ;
#868 = DIRECTION ( 'NONE',  ( 0.000000000000000000, 0.000000000000000000, 1.000000000000000000 ) ) ;
#869 = CARTESIAN_POINT ( 'NONE',  ( 0.000000000000000000, 0.000000000000000000, 1.000000000000000000 ) ) ;
#870 = CIRCLE ( 'NONE', #2067, 0.1250000000000001110 ) ;
#871 = ORIENTED_EDGE ( 'NONE', *, *, #1286, .T. ) ;
#872 = DIRECTION ( 'NONE',  ( 0.000000000000000000, 0.000000000000000000, 1.000000000000000000 ) ) ;
#873 = ORIENTED_EDGE ( 'NONE', *, *, #2390, .T. ) ;
#874 = EDGE_CURVE ( 'NONE', #3439, #1188, #2730, .T. ) ;
#875 = AXIS2_PLACEMENT_3D ( 'NONE', #1332, #698, #1274 ) ;
#876 = CARTESIAN_POINT ( 'NONE',  ( -1.116500000000000270, 0.3299999999999999600, 1.159999999999999920 ) ) ;
#877 = SPHERICAL_SURFACE ( 'NONE', #1943, 0.1250000000000000000 ) ;
#878 = CYLINDRICAL_SURFACE ( 'NONE', #1350, 0.1250000000000000000 ) ;
#879 = FACE_OUTER_BOUND ( 'NONE', #2054, .T. ) ;
#880 = AXIS2_PLACEMENT_3D ( 'NONE', #3102, #1513, #1738 ) ;
#881 = ORIENTED_EDGE ( 'NONE', *, *, #2404, .T. ) ;
#882 = VERTEX_POINT ( 'NONE', #355 ) ;
#883 = EDGE_CURVE ( 'NONE', #1861, #1563, #2968, .T. ) ;
#884 = AXIS2_PLACEMENT_3D ( 'NONE', #392, #326, #1419 ) ;
#885 = LINE ( 'NONE', #3111, #2751 ) ;
#886 = EDGE_CURVE ( 'NONE', #3437, #185, #3028, .T. ) ;
#887 = VECTOR ( 'NONE', #2661, 1000.000000000000000 ) ;
#888 = ORIENTED_EDGE ( 'NONE', *, *, #1642, .T. ) ;
#889 = DIRECTION ( 'NONE',  ( 0.000000000000000000, 0.000000000000000000, 1.000000000000000000 ) ) ;
#890 = MECHANICAL_DESIGN_GEOMETRIC_PRESENTATION_REPRESENTATION (  '', ( #1798 ), #428 ) ;
#891 = DIRECTION ( 'NONE',  ( -0.000000000000000000, 1.000000000000000000, -0.000000000000000000 ) ) ;
#892 = CARTESIAN_POINT ( 'NONE',  ( -0.7999999999999917177, -0.1700000000000000122, 0.1999999999999999833 ) ) ;
#893 = ORIENTED_EDGE ( 'NONE', *, *, #1127, .T. ) ;
#894 = CYLINDRICAL_SURFACE ( 'NONE', #218, 0.1250000000000000000 ) ;
#895 = VERTEX_POINT ( 'NONE', #3351 ) ;
#896 = DIRECTION ( 'NONE',  ( 1.000000000000000000, 0.000000000000000000, -1.224646799147353207E-16 ) ) ;
#897 = CIRCLE ( 'NONE', #1809, 0.1250000000000000000 ) ;
#898 = CYLINDRICAL_SURFACE ( 'NONE', #72, 0.1250000000000000000 ) ;
#899 = AXIS2_PLACEMENT_3D ( 'NONE', #773, #539, #1105 ) ;
#900 = EDGE_CURVE ( 'NONE', #298, #1515, #955, .T. ) ;
#901 = ORIENTED_EDGE ( 'NONE', *, *, #230, .F. ) ;
#902 = EDGE_LOOP ( 'NONE', ( #2616, #1536, #331, #2501 ) ) ;
#903 = CIRCLE ( 'NONE', #2972, 0.1250000000000000000 ) ;
#904 = SPHERICAL_SURFACE ( 'NONE', #64, 0.1250000000000000000 ) ;
#905 = DIRECTION ( 'NONE',  ( -0.000000000000000000, 1.000000000000000000, -0.000000000000000000 ) ) ;
#906 = DIRECTION ( 'NONE',  ( 0.000000000000000000, 0.000000000000000000, -1.000000000000000000 ) ) ;
#907 = ORIENTED_EDGE ( 'NONE', *, *, #1124, .T. ) ;
#908 = DIRECTION ( 'NONE',  ( 0.000000000000000000, 0.000000000000000000, 1.000000000000000000 ) ) ;
#909 = ORIENTED_EDGE ( 'NONE', *, *, #1173, .F. ) ;
#910 = ADVANCED_FACE ( 'NONE', ( #84 ), #1992, .T. ) ;
#911 = ADVANCED_FACE ( 'NONE', ( #1160 ), #894, .T. ) ;
#912 = CYLINDRICAL_SURFACE ( 'NONE', #1166, 0.1250000000000001110 ) ;
#913 = DIRECTION ( 'NONE',  ( -0.000000000000000000, 1.000000000000000000, -0.000000000000000000 ) ) ;
#914 = CARTESIAN_POINT ( 'NONE',  ( 0.4000000000000041855, -0.1700000000000000122, 0.6000000000000000888 ) ) ;
#915 = VERTEX_POINT ( 'NONE', #2502 ) ;
#916 = ADVANCED_FACE ( 'NONE', ( #1396 ), #1959, .T. ) ;
#917 = ORIENTED_EDGE ( 'NONE', *, *, #1186, .F. ) ;
#918 = EDGE_LOOP ( 'NONE', ( #2938, #43 ) ) ;
#919 = EDGE_CURVE ( 'NONE', #2825, #2930, #2218, .T. ) ;
#920 = SPHERICAL_SURFACE ( 'NONE', #2755, 0.1250000000000000000 ) ;
#921 = ADVANCED_FACE ( 'NONE', ( #855 ), #2482, .T. ) ;
#922 = DIRECTION ( 'NONE',  ( 0.000000000000000000, 0.000000000000000000, 1.000000000000000000 ) ) ;
#923 = VECTOR ( 'NONE', #2426, 1000.000000000000000 ) ;
#924 = ORIENTED_EDGE ( 'NONE', *, *, #179, .F. ) ;
#925 = CARTESIAN_POINT ( 'NONE',  ( -0.7999999999999791722, 0.000000000000000000, -0.8750000000000000000 ) ) ;
#926 = VERTEX_POINT ( 'NONE', #285 ) ;
#927 = AXIS2_PLACEMENT_3D ( 'NONE', #491, #1526, #2973 ) ;
#928 = FACE_OUTER_BOUND ( 'NONE', #2575, .T. ) ;
#929 = CIRCLE ( 'NONE', #3052, 0.1250000000000001110 ) ;
#930 = EDGE_LOOP ( 'NONE', ( #3108, #909 ) ) ;
#931 = FACE_BOUND ( 'NONE', #1601, .T. ) ;
#932 = DIRECTION ( 'NONE',  ( 0.000000000000000000, 0.000000000000000000, -1.000000000000000000 ) ) ;
#933 = CARTESIAN_POINT ( 'NONE',  ( -0.7999999999999791722, -0.04500000000000001221, -1.000000000000000000 ) ) ;
#934 = ORIENTED_EDGE ( 'NONE', *, *, #2805, .T. ) ;
#935 = ORIENTED_EDGE ( 'NONE', *, *, #3465, .F. ) ;
#936 = DIRECTION ( 'NONE',  ( 0.000000000000000000, 0.000000000000000000, 1.000000000000000000 ) ) ;
#937 = AXIS2_PLACEMENT_3D ( 'NONE', #2466, #2738, #3318 ) ;
#938 = DIRECTION ( 'NONE',  ( -0.000000000000000000, 1.000000000000000000, -0.000000000000000000 ) ) ;
#939 = CIRCLE ( 'NONE', #1454, 0.1250000000000000000 ) ;
#940 = ORIENTED_EDGE ( 'NONE', *, *, #253, .F. ) ;
#941 = ORIENTED_EDGE ( 'NONE', *, *, #886, .T. ) ;
#942 = AXIS2_PLACEMENT_3D ( 'NONE', #509, #2690, #234 ) ;
#943 = SPHERICAL_SURFACE ( 'NONE', #2653, 0.1250000000000000000 ) ;
#944 = PRODUCT_DEFINITION_FORMATION_WITH_SPECIFIED_SOURCE ( 'ANY', '', #2152, .NOT_KNOWN. ) ;
#945 = EDGE_CURVE ( 'NONE', #1300, #2046, #3046, .T. ) ;
#946 = EDGE_LOOP ( 'NONE', ( #1430, #565, #1142, #2156 ) ) ;
#947 = DIRECTION ( 'NONE',  ( 0.000000000000000000, 0.000000000000000000, -1.000000000000000000 ) ) ;
#948 = CARTESIAN_POINT ( 'NONE',  ( 0.8000000000000082601, 0.000000000000000000, 0.3250000000000000111 ) ) ;
#949 = DIRECTION ( 'NONE',  ( -0.000000000000000000, 1.000000000000000000, -0.000000000000000000 ) ) ;
#950 = EDGE_LOOP ( 'NONE', ( #3073, #1068, #2942, #3045 ) ) ;
#951 = ORIENTED_EDGE ( 'NONE', *, *, #381, .F. ) ;
#952 = AXIS2_PLACEMENT_3D ( 'NONE', #556, #1391, #1652 ) ;
#953 = CARTESIAN_POINT ( 'NONE',  ( 2.083198979671102703E-14, -0.1700000000000000122, -1.125000000000000222 ) ) ;
#954 = EDGE_CURVE ( 'NONE', #1624, #3287, #1587, .T. ) ;
#955 = CIRCLE ( 'NONE', #3133, 0.1250000000000000000 ) ;
#956 = CARTESIAN_POINT ( 'NONE',  ( -0.4000000000000000222, -0.1700000000000000122, 1.000000000000000000 ) ) ;
#957 = AXIS2_PLACEMENT_3D ( 'NONE', #2641, #2372, #2715 ) ;
#958 = AXIS2_PLACEMENT_3D ( 'NONE', #973, #1485, #148 ) ;
#959 = CARTESIAN_POINT ( 'NONE',  ( 0.8000000000000041522, -0.1700000000000000122, 0.4750000000000000333 ) ) ;
#960 = ORIENTED_EDGE ( 'NONE', *, *, #3517, .F. ) ;
#961 = DIRECTION ( 'NONE',  ( -1.224646799147350495E-16, 0.000000000000000000, -1.000000000000000000 ) ) ;
#962 = ORIENTED_EDGE ( 'NONE', *, *, #3257, .F. ) ;
#963 = FACE_OUTER_BOUND ( 'NONE', #1671, .T. ) ;
#964 = VERTEX_POINT ( 'NONE', #2124 ) ;
#965 = EDGE_CURVE ( 'NONE', #2336, #1395, #2445, .T. ) ;
#966 = FACE_BOUND ( 'NONE', #3461, .T. ) ;
#967 = PRESENTATION_STYLE_ASSIGNMENT (( #681 ) ) ;
#968 = DIRECTION ( 'NONE',  ( -0.000000000000000000, 1.000000000000000000, -0.000000000000000000 ) ) ;
#969 = ORIENTED_EDGE ( 'NONE', *, *, #1647, .T. ) ;
#970 = VERTEX_POINT ( 'NONE', #2146 ) ;
#971 = SURFACE_STYLE_FILL_AREA ( #2635 ) ;
#972 =( LENGTH_UNIT ( ) NAMED_UNIT ( * ) SI_UNIT ( .MILLI., .METRE. ) );
#973 = CARTESIAN_POINT ( 'NONE',  ( -0.7999999999999833911, -0.04500000000000001221, -0.6000000000000000888 ) ) ;
#974 = CARTESIAN_POINT ( 'NONE',  ( 0.4000000000000167866, -0.04500000000000001221, -0.6000000000000000888 ) ) ;
#975 = DIRECTION ( 'NONE',  ( -1.000000000000000000, -0.000000000000000000, -0.000000000000000000 ) ) ;
#976 = ORIENTED_EDGE ( 'NONE', *, *, #3193, .T. ) ;
#977 = DIRECTION ( 'NONE',  ( -0.000000000000000000, 1.000000000000000000, -0.000000000000000000 ) ) ;
#978 = VERTEX_POINT ( 'NONE', #2464 ) ;
#979 = AXIS2_PLACEMENT_3D ( 'NONE', #635, #364, #3410 ) ;
#980 = DIRECTION ( 'NONE',  ( 0.000000000000000000, 0.000000000000000000, 1.000000000000000000 ) ) ;
#981 = VECTOR ( 'NONE', #2295, 1000.000000000000000 ) ;
#982 = EDGE_LOOP ( 'NONE', ( #1138, #3505 ) ) ;
#983 = FACE_BOUND ( 'NONE', #1167, .T. ) ;
#984 = DIRECTION ( 'NONE',  ( 0.000000000000000000, 0.000000000000000000, -1.000000000000000000 ) ) ;
#985 = AXIS2_PLACEMENT_3D ( 'NONE', #596, #2471, #2709 ) ;
#986 = EDGE_LOOP ( 'NONE', ( #1201, #675, #2377, #1949 ) ) ;
#987 = EDGE_LOOP ( 'NONE', ( #3459, #2585 ) ) ;
#988 = DIRECTION ( 'NONE',  ( 1.000000000000000000, 0.000000000000000000, 0.000000000000000000 ) ) ;
#989 = CARTESIAN_POINT ( 'NONE',  ( -0.4000000000000000222, -0.04500000000000001221, 1.125000000000000222 ) ) ;
#990 = EDGE_LOOP ( 'NONE', ( #1411, #1547, #217 ) ) ;
#991 = CARTESIAN_POINT ( 'NONE',  ( 0.8000000000000125899, -0.04500000000000001221, -0.07500000000000009437 ) ) ;
#992 = ADVANCED_FACE ( 'NONE', ( #15 ), #266, .T. ) ;
#993 = VERTEX_POINT ( 'NONE', #1593 ) ;
#994 = CIRCLE ( 'NONE', #1570, 0.1250000000000000000 ) ;
#995 = DIRECTION ( 'NONE',  ( -0.000000000000000000, 1.000000000000000000, -0.000000000000000000 ) ) ;
#996 = EDGE_LOOP ( 'NONE', ( #450, #2275, #2657 ) ) ;
#997 = CIRCLE ( 'NONE', #2022, 0.1250000000000000000 ) ;
#998 = CARTESIAN_POINT ( 'NONE',  ( -0.3999999999999958589, -0.04500000000000001221, 0.6000000000000000888 ) ) ;
#999 = CIRCLE ( 'NONE', #1060, 0.1250000000000001110 ) ;
#1000 = ORIENTED_EDGE ( 'NONE', *, *, #1019, .T. ) ;
#1001 = DIRECTION ( 'NONE',  ( -0.000000000000000000, 1.000000000000000000, -0.000000000000000000 ) ) ;
#1002 = FILL_AREA_STYLE ('',( #375 ) ) ;
#1003 = CARTESIAN_POINT ( 'NONE',  ( 0.8000000000000082601, 0.000000000000000000, 0.1999999999999999833 ) ) ;
#1004 = ORIENTED_EDGE ( 'NONE', *, *, #287, .F. ) ;
#1005 = EDGE_LOOP ( 'NONE', ( #2684, #1032 ) ) ;
#1006 = DIRECTION ( 'NONE',  ( -0.000000000000000000, 1.000000000000000000, -0.000000000000000000 ) ) ;
#1007 = LINE ( 'NONE', #1240, #662 ) ;
#1008 = DIRECTION ( 'NONE',  ( 1.000000000000000000, 0.000000000000000000, -1.224646799147353207E-16 ) ) ;
#1009 = ORIENTED_EDGE ( 'NONE', *, *, #2404, .F. ) ;
#1010 = CARTESIAN_POINT ( 'NONE',  ( 0.8000000000000208056, -0.04500000000000001221, -1.000000000000000000 ) ) ;
#1011 = DIRECTION ( 'NONE',  ( 0.000000000000000000, 0.000000000000000000, -1.000000000000000000 ) ) ;
#1012 = SURFACE_STYLE_FILL_AREA ( #227 ) ;
#1013 = AXIS2_PLACEMENT_3D ( 'NONE', #1622, #1088, #2720 ) ;
#1014 = ORIENTED_EDGE ( 'NONE', *, *, #1868, .F. ) ;
#1015 = ADVANCED_FACE ( 'NONE', ( #2433 ), #1859, .T. ) ;
#1016 = CARTESIAN_POINT ( 'NONE',  ( 0.4000000000000041855, 0.000000000000000000, 0.7250000000000000888 ) ) ;
#1017 = EDGE_CURVE ( 'NONE', #716, #2815, #1365, .T. ) ;
#1018 = EDGE_LOOP ( 'NONE', ( #3395, #342, #1619 ) ) ;
#1019 = EDGE_CURVE ( 'NONE', #466, #926, #1467, .T. ) ;
#1020 = ADVANCED_FACE ( 'NONE', ( #792 ), #3552, .T. ) ;
#1021 = FACE_OUTER_BOUND ( 'NONE', #2142, .T. ) ;
#1022 = CARTESIAN_POINT ( 'NONE',  ( -0.7999999999999791722, -0.1700000000000000122, -1.125000000000000222 ) ) ;
#1023 = SPHERICAL_SURFACE ( 'NONE', #3338, 0.1250000000000000000 ) ;
#1024 = ORIENTED_EDGE ( 'NONE', *, *, #1173, .T. ) ;
#1025 = DIRECTION ( 'NONE',  ( -0.000000000000000000, 1.000000000000000000, -0.000000000000000000 ) ) ;
#1026 = DIRECTION ( 'NONE',  ( 1.000000000000000000, 0.000000000000000000, 0.000000000000000000 ) ) ;
#1027 = EDGE_CURVE ( 'NONE', #2266, #2566, #1926, .T. ) ;
#1028 = ORIENTED_EDGE ( 'NONE', *, *, #494, .F. ) ;
#1029 = LINE ( 'NONE', #3475, #1184 ) ;
#1030 = SPHERICAL_SURFACE ( 'NONE', #2313, 0.1250000000000000000 ) ;
#1031 = CARTESIAN_POINT ( 'NONE',  ( 1.246832498358330099E-14, 0.000000000000000000, -0.2000000000000000944 ) ) ;
#1032 = ORIENTED_EDGE ( 'NONE', *, *, #1494, .F. ) ;
#1033 = CYLINDRICAL_SURFACE ( 'NONE', #3165, 0.1250000000000000000 ) ;
#1034 = DIRECTION ( 'NONE',  ( 1.000000000000000000, 0.000000000000000000, 0.000000000000000000 ) ) ;
#1035 = VERTEX_POINT ( 'NONE', #3516 ) ;
#1036 = AXIS2_PLACEMENT_3D ( 'NONE', #2746, #1341, #1617 ) ;
#1037 = EDGE_CURVE ( 'NONE', #1482, #2046, #1191, .T. ) ;
#1038 = DIRECTION ( 'NONE',  ( 0.000000000000000000, 0.000000000000000000, -1.000000000000000000 ) ) ;
#1039 = DIRECTION ( 'NONE',  ( -0.000000000000000000, 1.000000000000000000, -0.000000000000000000 ) ) ;
#1040 = EDGE_CURVE ( 'NONE', #3238, #895, #1244, .T. ) ;
#1041 = FACE_OUTER_BOUND ( 'NONE', #2392, .T. ) ;
#1042 = AXIS2_PLACEMENT_3D ( 'NONE', #2363, #1810, #2618 ) ;
#1043 = EDGE_LOOP ( 'NONE', ( #2597, #2261, #599 ) ) ;
#1044 = FACE_OUTER_BOUND ( 'NONE', #2510, .T. ) ;
#1045 = CIRCLE ( 'NONE', #3510, 0.1250000000000000000 ) ;
#1046 = FACE_OUTER_BOUND ( 'NONE', #996, .T. ) ;
#1047 = CIRCLE ( 'NONE', #592, 0.1250000000000001110 ) ;
#1048 = ORIENTED_EDGE ( 'NONE', *, *, #1280, .T. ) ;
#1049 = DIRECTION ( 'NONE',  ( 0.000000000000000000, 0.000000000000000000, 1.000000000000000000 ) ) ;
#1050 = EDGE_LOOP ( 'NONE', ( #2668, #2436, #2373 ) ) ;
#1051 = DIRECTION ( 'NONE',  ( 0.000000000000000000, 0.000000000000000000, 1.000000000000000000 ) ) ;
#1052 = SPHERICAL_SURFACE ( 'NONE', #1450, 0.1250000000000000000 ) ;
#1053 = DIRECTION ( 'NONE',  ( 0.000000000000000000, 0.000000000000000000, 1.000000000000000000 ) ) ;
#1054 = EDGE_LOOP ( 'NONE', ( #2988, #2195, #163 ) ) ;
#1055 = MECHANICAL_DESIGN_GEOMETRIC_PRESENTATION_REPRESENTATION (  '', ( #2257 ), #3179 ) ;
#1056 = DIRECTION ( 'NONE',  ( 0.000000000000000000, 0.000000000000000000, -1.000000000000000000 ) ) ;
#1057 = FACE_OUTER_BOUND ( 'NONE', #1050, .T. ) ;
#1058 = AXIS2_PLACEMENT_3D ( 'NONE', #2341, #680, #1516 ) ;
#1059 = VERTEX_POINT ( 'NONE', #3295 ) ;
#1060 = AXIS2_PLACEMENT_3D ( 'NONE', #2335, #3190, #1872 ) ;
#1061 = DIRECTION ( 'NONE',  ( -0.000000000000000000, 1.000000000000000000, -0.000000000000000000 ) ) ;
#1062 = CARTESIAN_POINT ( 'NONE',  ( 0.4000000000000208944, 0.000000000000000000, -1.000000000000000000 ) ) ;
#1063 = CIRCLE ( 'NONE', #2838, 0.1250000000000000000 ) ;
#1064 = VERTEX_POINT ( 'NONE', #3251 ) ;
#1065 = EDGE_CURVE ( 'NONE', #3547, #2716, #1077, .T. ) ;
#1066 = CYLINDRICAL_SURFACE ( 'NONE', #404, 0.1250000000000000000 ) ;
#1067 = CARTESIAN_POINT ( 'NONE',  ( 1.116499999999999826, 0.3299999999999999600, -1.159999999999999920 ) ) ;
#1068 = ORIENTED_EDGE ( 'NONE', *, *, #1514, .T. ) ;
#1069 = CARTESIAN_POINT ( 'NONE',  ( 1.246832498358330099E-14, 0.000000000000000000, -0.07500000000000009437 ) ) ;
#1070 = CIRCLE ( 'NONE', #3540, 0.1250000000000000000 ) ;
#1071 = CARTESIAN_POINT ( 'NONE',  ( 0.8000000000000208056, -0.04500000000000001221, -1.000000000000000000 ) ) ;
#1072 = DIRECTION ( 'NONE',  ( 0.000000000000000000, 0.000000000000000000, 1.000000000000000000 ) ) ;
#1073 = AXIS2_PLACEMENT_3D ( 'NONE', #1589, #2959, #2992 ) ;
#1074 = EDGE_CURVE ( 'NONE', #3547, #2699, #558, .T. ) ;
#1075 = CIRCLE ( 'NONE', #2497, 0.1250000000000000000 ) ;
#1076 = VERTEX_POINT ( 'NONE', #2736 ) ;
#1077 = CIRCLE ( 'NONE', #1817, 0.1250000000000001110 ) ;
#1078 = CARTESIAN_POINT ( 'NONE',  ( 0.000000000000000000, 0.000000000000000000, 0.000000000000000000 ) ) ;
#1079 = DIRECTION ( 'NONE',  ( 0.000000000000000000, 0.000000000000000000, -1.000000000000000000 ) ) ;
#1080 = CARTESIAN_POINT ( 'NONE',  ( -0.3999999999999833689, -0.1700000000000000122, -0.6000000000000000888 ) ) ;
#1081 = CARTESIAN_POINT ( 'NONE',  ( -0.3999999999999958589, 0.000000000000000000, 0.4750000000000000333 ) ) ;
#1082 = ORIENTED_EDGE ( 'NONE', *, *, #2191, .T. ) ;
#1083 = LINE ( 'NONE', #243, #923 ) ;
#1084 = LINE ( 'NONE', #1854, #3137 ) ;
#1085 = VERTEX_POINT ( 'NONE', #1346 ) ;
#1086 = CARTESIAN_POINT ( 'NONE',  ( 2.081668171172168513E-14, -0.1700000000000000122, -1.000000000000000000 ) ) ;
#1087 = FACE_OUTER_BOUND ( 'NONE', #1469, .T. ) ;
#1088 = DIRECTION ( 'NONE',  ( -0.000000000000000000, 1.000000000000000000, -0.000000000000000000 ) ) ;
#1089 = CARTESIAN_POINT ( 'NONE',  ( 1.530808498934191509E-17, -0.1700000000000000122, 0.8750000000000000000 ) ) ;
#1090 = DIRECTION ( 'NONE',  ( 0.000000000000000000, 0.000000000000000000, -1.000000000000000000 ) ) ;
#1091 = CARTESIAN_POINT ( 'NONE',  ( -0.3999999999999833689, -0.04500000000000001221, -0.6000000000000000888 ) ) ;
#1092 = AXIS2_PLACEMENT_3D ( 'NONE', #3319, #3284, #3049 ) ;
#1093 = CARTESIAN_POINT ( 'NONE',  ( 0.4000000000000208944, 0.000000000000000000, -1.000000000000000000 ) ) ;
#1094 = ORIENTED_EDGE ( 'NONE', *, *, #1186, .T. ) ;
#1095 = CIRCLE ( 'NONE', #589, 0.1250000000000000000 ) ;
#1096 = EDGE_CURVE ( 'NONE', #1885, #298, #273, .T. ) ;
#1097 = DIRECTION ( 'NONE',  ( 1.000000000000000000, 0.000000000000000000, 0.000000000000000000 ) ) ;
#1098 = EDGE_CURVE ( 'NONE', #2134, #2220, #158, .T. ) ;
#1099 = VECTOR ( 'NONE', #2110, 1000.000000000000000 ) ;
#1100 = CARTESIAN_POINT ( 'NONE',  ( 0.000000000000000000, 0.3299999999999999600, 0.000000000000000000 ) ) ;
#1101 = VERTEX_POINT ( 'NONE', #2703 ) ;
#1102 = CARTESIAN_POINT ( 'NONE',  ( 0.4000000000000082934, -0.04500000000000001221, 0.1999999999999999833 ) ) ;
#1103 = EDGE_CURVE ( 'NONE', #3148, #1933, #3259, .T. ) ;
#1104 = SPHERICAL_SURFACE ( 'NONE', #2604, 0.1250000000000000000 ) ;
#1105 = DIRECTION ( 'NONE',  ( 0.000000000000000000, 0.000000000000000000, -1.000000000000000000 ) ) ;
#1106 = DIRECTION ( 'NONE',  ( 0.000000000000000000, 1.000000000000000000, 0.000000000000000000 ) ) ;
#1107 = AXIS2_PLACEMENT_3D ( 'NONE', #1361, #3249, #2962 ) ;
#1108 = FILL_AREA_STYLE_COLOUR ( '', #1354 ) ;
#1109 = DIRECTION ( 'NONE',  ( -1.000000000000000000, -0.000000000000000000, -0.000000000000000000 ) ) ;
#1110 = CIRCLE ( 'NONE', #2199, 0.1250000000000000000 ) ;
#1111 = LINE ( 'NONE', #2971, #2868 ) ;
#1112 = CIRCLE ( 'NONE', #3119, 0.1250000000000000000 ) ;
#1113 = ORIENTED_EDGE ( 'NONE', *, *, #2557, .F. ) ;
#1114 = ORIENTED_EDGE ( 'NONE', *, *, #731, .F. ) ;
#1115 = AXIS2_PLACEMENT_3D ( 'NONE', #3502, #1862, #268 ) ;
#1116 = CARTESIAN_POINT ( 'NONE',  ( -0.8000000000000000444, -0.1700000000000000122, 1.000000000000000000 ) ) ;
#1117 = CIRCLE ( 'NONE', #3069, 0.1250000000000000000 ) ;
#1118 = DIRECTION ( 'NONE',  ( -0.000000000000000000, 1.000000000000000000, -0.000000000000000000 ) ) ;
#1119 = ORIENTED_EDGE ( 'NONE', *, *, #2608, .T. ) ;
#1120 = DIRECTION ( 'NONE',  ( -0.000000000000000000, 1.000000000000000000, -0.000000000000000000 ) ) ;
#1121 = ADVANCED_FACE ( 'NONE', ( #2166 ), #2996, .T. ) ;
#1122 = SPHERICAL_SURFACE ( 'NONE', #3248, 0.1250000000000000000 ) ;
#1123 = DIRECTION ( 'NONE',  ( -0.000000000000000000, 1.000000000000000000, -0.000000000000000000 ) ) ;
#1124 = EDGE_CURVE ( 'NONE', #1343, #1829, #2162, .T. ) ;
#1125 = EDGE_LOOP ( 'NONE', ( #634, #3036, #2094, #1740 ) ) ;
#1126 = CARTESIAN_POINT ( 'NONE',  ( 1.669671345627676828E-14, -0.04500000000000001221, -0.6000000000000000888 ) ) ;
#1127 = EDGE_CURVE ( 'NONE', #1434, #185, #3421, .T. ) ;
#1128 = CIRCLE ( 'NONE', #730, 0.1250000000000000000 ) ;
#1129 = EDGE_CURVE ( 'NONE', #3007, #1833, #1768, .T. ) ;
#1130 = SPHERICAL_SURFACE ( 'NONE', #1838, 0.1250000000000000000 ) ;
#1131 = AXIS2_PLACEMENT_3D ( 'NONE', #1492, #1475, #419 ) ;
#1132 = STYLED_ITEM ( 'NONE', ( #280 ), #799 ) ;
#1133 = CARTESIAN_POINT ( 'NONE',  ( -0.7999999999999833911, -0.1700000000000000122, -0.6000000000000000888 ) ) ;
#1134 = DIRECTION ( 'NONE',  ( -0.000000000000000000, 1.000000000000000000, -0.000000000000000000 ) ) ;
#1135 = EDGE_LOOP ( 'NONE', ( #3361, #2357, #259 ) ) ;
#1136 = DIRECTION ( 'NONE',  ( 0.000000000000000000, 0.000000000000000000, 1.000000000000000000 ) ) ;
#1137 = ADVANCED_FACE ( 'NONE', ( #1670 ), #853, .T. ) ;
#1138 = ORIENTED_EDGE ( 'NONE', *, *, #8, .F. ) ;
#1139 = CARTESIAN_POINT ( 'NONE',  ( -0.7999999999999791722, -0.04500000000000001221, -1.000000000000000000 ) ) ;
#1140 = DIRECTION ( 'NONE',  ( 0.000000000000000000, 0.000000000000000000, 1.000000000000000000 ) ) ;
#1141 = LINE ( 'NONE', #2771, #2500 ) ;
#1142 = ORIENTED_EDGE ( 'NONE', *, *, #3494, .T. ) ;
#1143 = DIRECTION ( 'NONE',  ( 0.000000000000000000, 0.000000000000000000, 1.000000000000000000 ) ) ;
#1144 = ORIENTED_EDGE ( 'NONE', *, *, #109, .T. ) ;
#1145 = DIRECTION ( 'NONE',  ( -0.000000000000000000, -1.000000000000000000, -0.000000000000000000 ) ) ;
#1146 = EDGE_CURVE ( 'NONE', #2318, #1986, #622, .T. ) ;
#1147 = ADVANCED_FACE ( 'NONE', ( #2579 ), #2333, .T. ) ;
#1148 = CARTESIAN_POINT ( 'NONE',  ( -0.8000000000000000444, -0.1700000000000000122, 1.000000000000000000 ) ) ;
#1149 = DIRECTION ( 'NONE',  ( 0.000000000000000000, 0.000000000000000000, -1.000000000000000000 ) ) ;
#1150 = ORIENTED_EDGE ( 'NONE', *, *, #1868, .T. ) ;
#1151 = CIRCLE ( 'NONE', #2059, 0.1250000000000000000 ) ;
#1152 = DIRECTION ( 'NONE',  ( 0.000000000000000000, 0.000000000000000000, -1.000000000000000000 ) ) ;
#1153 = AXIS2_PLACEMENT_3D ( 'NONE', #845, #546, #3033 ) ;
#1154 = VERTEX_POINT ( 'NONE', #956 ) ;
#1155 = CARTESIAN_POINT ( 'NONE',  ( 0.000000000000000000, 0.000000000000000000, 1.000000000000000000 ) ) ;
#1156 = DIRECTION ( 'NONE',  ( -0.000000000000000000, 1.000000000000000000, -0.000000000000000000 ) ) ;
#1157 = CARTESIAN_POINT ( 'NONE',  ( 0.8000000000000125899, -0.04500000000000001221, -0.2000000000000000944 ) ) ;
#1158 = AXIS2_PLACEMENT_3D ( 'NONE', #1931, #1356, #2441 ) ;
#1159 = EDGE_LOOP ( 'NONE', ( #3491, #3181, #3382 ) ) ;
#1160 = FACE_OUTER_BOUND ( 'NONE', #2519, .T. ) ;
#1161 = ORIENTED_EDGE ( 'NONE', *, *, #2814, .F. ) ;
#1162 = EDGE_CURVE ( 'NONE', #2815, #1797, #671, .T. ) ;
#1163 = AXIS2_PLACEMENT_3D ( 'NONE', #3474, #1573, #1620 ) ;
#1164 = DIRECTION ( 'NONE',  ( 0.000000000000000000, 0.000000000000000000, 1.000000000000000000 ) ) ;
#1165 = CARTESIAN_POINT ( 'NONE',  ( 0.4000000000000126232, -0.1700000000000000122, -0.3250000000000000666 ) ) ;
#1166 = AXIS2_PLACEMENT_3D ( 'NONE', #3152, #1995, #2687 ) ;
#1167 = EDGE_LOOP ( 'NONE', ( #1113, #123 ) ) ;
#1168 = EDGE_LOOP ( 'NONE', ( #1236, #585 ) ) ;
#1169 = CIRCLE ( 'NONE', #1223, 0.1250000000000000000 ) ;
#1170 = CARTESIAN_POINT ( 'NONE',  ( -0.7999999999999833911, 0.000000000000000000, -0.6000000000000000888 ) ) ;
#1171 = VECTOR ( 'NONE', #3216, 1000.000000000000000 ) ;
#1172 = EDGE_CURVE ( 'NONE', #3126, #590, #1141, .T. ) ;
#1173 = EDGE_CURVE ( 'NONE', #1293, #3273, #903, .T. ) ;
#1174 = DIRECTION ( 'NONE',  ( -1.000000000000000000, -0.000000000000000000, -0.000000000000000000 ) ) ;
#1175 = DIRECTION ( 'NONE',  ( 0.000000000000000000, -1.000000000000000000, 0.000000000000000000 ) ) ;
#1176 =( GEOMETRIC_REPRESENTATION_CONTEXT ( 3 ) GLOBAL_UNCERTAINTY_ASSIGNED_CONTEXT ( ( #3149 ) ) GLOBAL_UNIT_ASSIGNED_CONTEXT ( ( #2132, #2674, #3445 ) ) REPRESENTATION_CONTEXT ( 'NONE', 'WORKASPACE' ) );
#1177 = ORIENTED_EDGE ( 'NONE', *, *, #1503, .T. ) ;
#1178 = SPHERICAL_SURFACE ( 'NONE', #2494, 0.1250000000000000000 ) ;
#1179 = EDGE_LOOP ( 'NONE', ( #159, #740, #368, #2628 ) ) ;
#1180 = SPHERICAL_SURFACE ( 'NONE', #3060, 0.1250000000000000000 ) ;
#1181 = EDGE_CURVE ( 'NONE', #1829, #323, #127, .T. ) ;
#1182 = ADVANCED_FACE ( 'NONE', ( #3411 ), #339, .T. ) ;
#1183 = FACE_OUTER_BOUND ( 'NONE', #1590, .T. ) ;
#1184 = VECTOR ( 'NONE', #728, 1000.000000000000000 ) ;
#1185 = FACE_OUTER_BOUND ( 'NONE', #3241, .T. ) ;
#1186 = EDGE_CURVE ( 'NONE', #1470, #3126, #34, .T. ) ;
#1187 = ORIENTED_EDGE ( 'NONE', *, *, #2072, .T. ) ;
#1188 = VERTEX_POINT ( 'NONE', #2044 ) ;
#1189 = ORIENTED_EDGE ( 'NONE', *, *, #2905, .F. ) ;
#1190 = APPLICATION_CONTEXT ( 'automotive_design' ) ;
#1191 = CIRCLE ( 'NONE', #2271, 0.1250000000000000000 ) ;
#1192 = LINE ( 'NONE', #3376, #981 ) ;
#1193 = DIRECTION ( 'NONE',  ( -0.000000000000000000, 1.000000000000000000, -0.000000000000000000 ) ) ;
#1194 = EDGE_LOOP ( 'NONE', ( #1757, #751, #748, #683 ) ) ;
#1195 = CARTESIAN_POINT ( 'NONE',  ( -0.3999999999999792055, -0.04500000000000001221, -1.125000000000000222 ) ) ;
#1196 = ORIENTED_EDGE ( 'NONE', *, *, #784, .T. ) ;
#1197 = DIRECTION ( 'NONE',  ( 0.000000000000000000, -1.000000000000000000, 0.000000000000000000 ) ) ;
#1198 = DIRECTION ( 'NONE',  ( 0.000000000000000000, 0.000000000000000000, -1.000000000000000000 ) ) ;
#1199 = CYLINDRICAL_SURFACE ( 'NONE', #2875, 0.1250000000000001110 ) ;
#1200 = ORIENTED_EDGE ( 'NONE', *, *, #1096, .T. ) ;
#1201 = ORIENTED_EDGE ( 'NONE', *, *, #290, .T. ) ;
#1202 = CYLINDRICAL_SURFACE ( 'NONE', #3043, 0.1250000000000000000 ) ;
#1203 = CIRCLE ( 'NONE', #3221, 0.1000000000000001582 ) ;
#1204 = ADVANCED_FACE ( 'NONE', ( #2894 ), #3044, .T. ) ;
#1205 = CARTESIAN_POINT ( 'NONE',  ( 0.8000000000000208056, -0.1700000000000000122, -0.8750000000000000000 ) ) ;
#1206 = EDGE_CURVE ( 'NONE', #3174, #1318, #2912, .T. ) ;
#1207 = AXIS2_PLACEMENT_3D ( 'NONE', #1382, #800, #3271 ) ;
#1208 = VERTEX_POINT ( 'NONE', #65 ) ;
#1209 = DIRECTION ( 'NONE',  ( 0.000000000000000000, 0.000000000000000000, -1.000000000000000000 ) ) ;
#1210 = ORIENTED_EDGE ( 'NONE', *, *, #1494, .T. ) ;
#1211 = VECTOR ( 'NONE', #361, 1000.000000000000000 ) ;
#1212 = AXIS2_PLACEMENT_3D ( 'NONE', #618, #1465, #2573 ) ;
#1213 = ORIENTED_EDGE ( 'NONE', *, *, #2548, .F. ) ;
#1214 = CARTESIAN_POINT ( 'NONE',  ( 0.8000000000000166978, 0.000000000000000000, -0.6000000000000000888 ) ) ;
#1215 = CARTESIAN_POINT ( 'NONE',  ( -0.7999999999999833911, -0.04500000000000001221, -0.6000000000000000888 ) ) ;
#1216 = DIRECTION ( 'NONE',  ( -0.000000000000000000, 1.000000000000000000, -0.000000000000000000 ) ) ;
#1217 = ORIENTED_EDGE ( 'NONE', *, *, #945, .F. ) ;
#1218 = ORIENTED_EDGE ( 'NONE', *, *, #704, .T. ) ;
#1219 = DIRECTION ( 'NONE',  ( 1.000000000000000000, 0.000000000000000000, -1.224646799147353207E-16 ) ) ;
#1220 = CARTESIAN_POINT ( 'NONE',  ( 0.8000000000000000444, -0.1700000000000000122, 0.8750000000000000000 ) ) ;
#1221 = CIRCLE ( 'NONE', #2711, 0.1250000000000000000 ) ;
#1222 = CYLINDRICAL_SURFACE ( 'NONE', #2906, 0.1250000000000000000 ) ;
#1223 = AXIS2_PLACEMENT_3D ( 'NONE', #2831, #2289, #1463 ) ;
#1224 = ORIENTED_EDGE ( 'NONE', *, *, #811, .F. ) ;
#1225 = DIRECTION ( 'NONE',  ( 1.000000000000000000, 0.000000000000000000, -1.224646799147353207E-16 ) ) ;
#1226 = EDGE_LOOP ( 'NONE', ( #3003, #2048, #3024, #195 ) ) ;
#1227 = EDGE_CURVE ( 'NONE', #1728, #394, #796, .T. ) ;
#1228 = VECTOR ( 'NONE', #3210, 1000.000000000000000 ) ;
#1229 = DIRECTION ( 'NONE',  ( 1.000000000000000000, 0.000000000000000000, 0.000000000000000000 ) ) ;
#1230 = AXIS2_PLACEMENT_3D ( 'NONE', #3097, #3205, #3163 ) ;
#1231 = EDGE_CURVE ( 'NONE', #2728, #242, #1950, .T. ) ;
#1232 = ORIENTED_EDGE ( 'NONE', *, *, #1388, .T. ) ;
#1233 = FACE_BOUND ( 'NONE', #3325, .T. ) ;
#1234 = DIRECTION ( 'NONE',  ( -0.000000000000000000, 1.000000000000000000, -0.000000000000000000 ) ) ;
#1235 = CARTESIAN_POINT ( 'NONE',  ( 0.4000000000000041855, -0.04500000000000001221, 0.6000000000000000888 ) ) ;
#1236 = ORIENTED_EDGE ( 'NONE', *, *, #522, .F. ) ;
#1237 = VERTEX_POINT ( 'NONE', #472 ) ;
#1238 = VECTOR ( 'NONE', #336, 1000.000000000000000 ) ;
#1239 = SPHERICAL_SURFACE ( 'NONE', #406, 0.1250000000000000000 ) ;
#1240 = CARTESIAN_POINT ( 'NONE',  ( -0.8665000000000002700, 0.3199999999999998956, -1.010000000000000009 ) ) ;
#1241 = CIRCLE ( 'NONE', #2677, 0.1250000000000000000 ) ;
#1242 = DIRECTION ( 'NONE',  ( 1.000000000000000000, 0.000000000000000000, -1.224646799147353207E-16 ) ) ;
#1243 = AXIS2_PLACEMENT_3D ( 'NONE', #2606, #995, #3191 ) ;
#1244 = CIRCLE ( 'NONE', #3366, 0.1250000000000000000 ) ;
#1245 = DIRECTION ( 'NONE',  ( 1.000000000000000000, 0.000000000000000000, 0.000000000000000000 ) ) ;
#1246 = CARTESIAN_POINT ( 'NONE',  ( 0.4000000000000000777, 0.000000000000000000, 0.8750000000000000000 ) ) ;
#1247 = EDGE_CURVE ( 'NONE', #356, #68, #358, .T. ) ;
#1248 = VERTEX_POINT ( 'NONE', #1582 ) ;
#1249 = UNCERTAINTY_MEASURE_WITH_UNIT (LENGTH_MEASURE( 1.000000000000000082E-05 ), #181, 'distance_accuracy_value', 'NONE');
#1250 = FACE_OUTER_BOUND ( 'NONE', #3109, .T. ) ;
#1251 = ORIENTED_EDGE ( 'NONE', *, *, #919, .F. ) ;
#1252 = DIRECTION ( 'NONE',  ( 1.000000000000000000, 0.000000000000000000, 0.000000000000000000 ) ) ;
#1253 = EDGE_LOOP ( 'NONE', ( #924, #209, #1187, #3018 ) ) ;
#1254 = DIRECTION ( 'NONE',  ( 0.000000000000000000, 0.000000000000000000, -1.000000000000000000 ) ) ;
#1255 = LINE ( 'NONE', #447, #2955 ) ;
#1256 = LINE ( 'NONE', #1539, #304 ) ;
#1257 = VERTEX_POINT ( 'NONE', #2347 ) ;
#1259 = EDGE_CURVE ( 'NONE', #3144, #581, #16, .T. ) ;
#1258 = EDGE_LOOP ( 'NONE', ( #2338, #3196 ) ) ;
#1260 = DIRECTION ( 'NONE',  ( 0.000000000000000000, 0.000000000000000000, 1.000000000000000000 ) ) ;
#1261 = DIRECTION ( 'NONE',  ( -0.000000000000000000, 1.000000000000000000, -0.000000000000000000 ) ) ;
#1262 = DIRECTION ( 'NONE',  ( 1.000000000000000000, 0.000000000000000000, 0.000000000000000000 ) ) ;
#1263 = ORIENTED_EDGE ( 'NONE', *, *, #753, .T. ) ;
#1264 = FACE_OUTER_BOUND ( 'NONE', #1646, .T. ) ;
#1265 = CARTESIAN_POINT ( 'NONE',  ( -1.116500000000000270, 0.000000000000000000, 1.159999999999999920 ) ) ;
#1266 = ORIENTED_EDGE ( 'NONE', *, *, #176, .F. ) ;
#1267 = CARTESIAN_POINT ( 'NONE',  ( 0.8000000000000166978, -0.1700000000000000122, -0.6000000000000000888 ) ) ;
#1268 = ORIENTED_EDGE ( 'NONE', *, *, #3145, .F. ) ;
#1269 = CIRCLE ( 'NONE', #2810, 0.1250000000000000000 ) ;
#1270 = DIRECTION ( 'NONE',  ( 0.000000000000000000, 0.000000000000000000, -1.000000000000000000 ) ) ;
#1271 = ORIENTED_EDGE ( 'NONE', *, *, #204, .F. ) ;
#1272 = EDGE_CURVE ( 'NONE', #1311, #1986, #1841, .T. ) ;
#1273 = FACE_BOUND ( 'NONE', #1749, .T. ) ;
#1274 = DIRECTION ( 'NONE',  ( 0.000000000000000000, 0.000000000000000000, -1.000000000000000000 ) ) ;
#1275 = AXIS2_PLACEMENT_3D ( 'NONE', #2079, #239, #1813 ) ;
#1276 = ORIENTED_EDGE ( 'NONE', *, *, #3546, .F. ) ;
#1277 = ORIENTED_EDGE ( 'NONE', *, *, #553, .T. ) ;
#1278 =( NAMED_UNIT ( * ) PLANE_ANGLE_UNIT ( ) SI_UNIT ( $, .RADIAN. ) );
#1279 = DIRECTION ( 'NONE',  ( 0.000000000000000000, 0.000000000000000000, -1.000000000000000000 ) ) ;
#1280 = EDGE_CURVE ( 'NONE', #1085, #624, #2529, .T. ) ;
#1281 = EDGE_LOOP ( 'NONE', ( #92, #2784, #549, #917 ) ) ;
#1282 = DIRECTION ( 'NONE',  ( 0.000000000000000000, 0.000000000000000000, 1.000000000000000000 ) ) ;
#1283 = DIRECTION ( 'NONE',  ( -0.000000000000000000, 1.000000000000000000, -0.000000000000000000 ) ) ;
#1284 = EDGE_CURVE ( 'NONE', #1453, #2328, #3107, .T. ) ;
#1285 = AXIS2_PLACEMENT_3D ( 'NONE', #1674, #3117, #2555 ) ;
#1286 = EDGE_CURVE ( 'NONE', #1035, #2931, #1867, .T. ) ;
#1287 = CYLINDRICAL_SURFACE ( 'NONE', #957, 0.1250000000000000000 ) ;
#1288 = ORIENTED_EDGE ( 'NONE', *, *, #2672, .T. ) ;
#1289 = CARTESIAN_POINT ( 'NONE',  ( 0.8000000000000041522, -0.1700000000000000122, 0.7250000000000000888 ) ) ;
#1290 = CIRCLE ( 'NONE', #1963, 0.1250000000000000000 ) ;
#1291 = CARTESIAN_POINT ( 'NONE',  ( 1.669671345627676828E-14, -0.1700000000000000122, -0.6000000000000000888 ) ) ;
#1292 = AXIS2_PLACEMENT_3D ( 'NONE', #172, #1602, #1852 ) ;
#1293 = VERTEX_POINT ( 'NONE', #764 ) ;
#1294 = AXIS2_PLACEMENT_3D ( 'NONE', #1621, #2179, #2750 ) ;
#1295 = CARTESIAN_POINT ( 'NONE',  ( -0.3999999999999833689, 0.000000000000000000, -0.6000000000000000888 ) ) ;
#1296 = CARTESIAN_POINT ( 'NONE',  ( -0.7999999999999917177, -0.04500000000000001221, 0.1999999999999999833 ) ) ;
#1297 = CARTESIAN_POINT ( 'NONE',  ( 0.000000000000000000, -0.1700000000000000122, 1.125000000000000222 ) ) ;
#1298 = EDGE_CURVE ( 'NONE', #3437, #1985, #1663, .T. ) ;
#1299 = CIRCLE ( 'NONE', #492, 0.1250000000000001110 ) ;
#1300 = VERTEX_POINT ( 'NONE', #2114 ) ;
#1301 = DIRECTION ( 'NONE',  ( 0.000000000000000000, 0.000000000000000000, -1.000000000000000000 ) ) ;
#1302 = ADVANCED_FACE ( 'NONE', ( #2678 ), #3526, .T. ) ;
#1303 = SPHERICAL_SURFACE ( 'NONE', #2127, 0.1250000000000000000 ) ;
#1304 = ORIENTED_EDGE ( 'NONE', *, *, #1882, .T. ) ;
#1305 = CIRCLE ( 'NONE', #382, 0.1250000000000001110 ) ;
#1306 = DIRECTION ( 'NONE',  ( 1.000000000000000000, 0.000000000000000000, 0.000000000000000000 ) ) ;
#1307 = CARTESIAN_POINT ( 'NONE',  ( 0.8000000000000082601, -0.1700000000000000122, 0.1999999999999999833 ) ) ;
#1308 = VECTOR ( 'NONE', #3531, 1000.000000000000000 ) ;
#1309 = DIRECTION ( 'NONE',  ( -1.000000000000000000, -0.000000000000000000, -0.000000000000000000 ) ) ;
#1310 = COLOUR_RGB ( '',0.2509803921568627416, 0.2509803921568627416, 0.2509803921568627416 ) ;
#1311 = VERTEX_POINT ( 'NONE', #1320 ) ;
#1312 = FACE_OUTER_BOUND ( 'NONE', #613, .T. ) ;
#1313 = DIRECTION ( 'NONE',  ( 0.000000000000000000, 0.000000000000000000, 1.000000000000000000 ) ) ;
#1314 = AXIS2_PLACEMENT_3D ( 'NONE', #317, #1973, #1955 ) ;
#1315 = ORIENTED_EDGE ( 'NONE', *, *, #577, .T. ) ;
#1316 = DIRECTION ( 'NONE',  ( 0.000000000000000000, 0.000000000000000000, 1.000000000000000000 ) ) ;
#1317 = DIRECTION ( 'NONE',  ( 0.000000000000000000, -1.000000000000000000, 0.000000000000000000 ) ) ;
#1318 = VERTEX_POINT ( 'NONE', #801 ) ;
#1319 = DIRECTION ( 'NONE',  ( 0.000000000000000000, 0.000000000000000000, -1.000000000000000000 ) ) ;
#1320 = CARTESIAN_POINT ( 'NONE',  ( -0.7999999999999959366, -0.04500000000000001221, 0.4750000000000000333 ) ) ;
#1321 = ORIENTED_EDGE ( 'NONE', *, *, #1019, .F. ) ;
#1322 = DIRECTION ( 'NONE',  ( 1.000000000000000000, 0.000000000000000000, 0.000000000000000000 ) ) ;
#1323 = UNCERTAINTY_MEASURE_WITH_UNIT (LENGTH_MEASURE( 1.000000000000000082E-05 ), #972, 'distance_accuracy_value', 'NONE');
#1324 = DIRECTION ( 'NONE',  ( 0.000000000000000000, 0.000000000000000000, -1.000000000000000000 ) ) ;
#1325 = ORIENTED_EDGE ( 'NONE', *, *, #1040, .T. ) ;
#1326 = DIRECTION ( 'NONE',  ( -0.000000000000000000, 1.000000000000000000, -0.000000000000000000 ) ) ;
#1327 = CARTESIAN_POINT ( 'NONE',  ( 1.669671345627676828E-14, -0.04500000000000001221, -0.6000000000000000888 ) ) ;
#1328 = DIRECTION ( 'NONE',  ( 0.000000000000000000, 0.000000000000000000, 1.000000000000000000 ) ) ;
#1329 = VERTEX_POINT ( 'NONE', #3507 ) ;
#1330 = CIRCLE ( 'NONE', #238, 0.1250000000000000000 ) ;
#1331 = DIRECTION ( 'NONE',  ( 0.000000000000000000, 0.000000000000000000, -1.000000000000000000 ) ) ;
#1332 = CARTESIAN_POINT ( 'NONE',  ( -0.4000000000000000222, -0.04500000000000001221, 1.000000000000000000 ) ) ;
#1333 = CIRCLE ( 'NONE', #1153, 0.1250000000000000000 ) ;
#1334 = EDGE_CURVE ( 'NONE', #2343, #2856, #188, .T. ) ;
#1335 = ORIENTED_EDGE ( 'NONE', *, *, #3465, .T. ) ;
#1336 = DIRECTION ( 'NONE',  ( 0.000000000000000000, 0.000000000000000000, -1.000000000000000000 ) ) ;
#1337 = AXIS2_PLACEMENT_3D ( 'NONE', #2782, #308, #1149 ) ;
#1338 = DIRECTION ( 'NONE',  ( 0.000000000000000000, 0.000000000000000000, -1.000000000000000000 ) ) ;
#1339 = AXIS2_PLACEMENT_3D ( 'NONE', #182, #484, #3178 ) ;
#1340 = ORIENTED_EDGE ( 'NONE', *, *, #808, .F. ) ;
#1341 = DIRECTION ( 'NONE',  ( 1.000000000000000000, 0.000000000000000000, 0.000000000000000000 ) ) ;
#1342 = FACE_OUTER_BOUND ( 'NONE', #1581, .T. ) ;
#1343 = VERTEX_POINT ( 'NONE', #989 ) ;
#1344 = DIRECTION ( 'NONE',  ( -0.000000000000000000, 1.000000000000000000, -0.000000000000000000 ) ) ;
#1345 = DIRECTION ( 'NONE',  ( 1.000000000000000000, 0.000000000000000000, 0.000000000000000000 ) ) ;
#1346 = CARTESIAN_POINT ( 'NONE',  ( -0.7999999999999791722, 0.000000000000000000, -1.125000000000000222 ) ) ;
#1347 = AXIS2_PLACEMENT_3D ( 'NONE', #2860, #2068, #2569 ) ;
#1348 = ADVANCED_FACE ( 'NONE', ( #1046 ), #2136, .T. ) ;
#1349 = EDGE_LOOP ( 'NONE', ( #848, #224 ) ) ;
#1350 = AXIS2_PLACEMENT_3D ( 'NONE', #2524, #913, #3070 ) ;
#1351 = FACE_OUTER_BOUND ( 'NONE', #2243, .T. ) ;
#1352 = CARTESIAN_POINT ( 'NONE',  ( -0.4000000000000000222, -0.04500000000000001221, 1.000000000000000000 ) ) ;
#1353 = COLOUR_RGB ( '',0.2509803921568627416, 0.2509803921568627416, 0.2509803921568627416 ) ;
#1354 = COLOUR_RGB ( '',0.2509803921568627416, 0.2509803921568627416, 0.2509803921568627416 ) ;
#1355 = FACE_OUTER_BOUND ( 'NONE', #708, .T. ) ;
#1356 = DIRECTION ( 'NONE',  ( -0.000000000000000000, 1.000000000000000000, -0.000000000000000000 ) ) ;
#1357 = ORIENTED_EDGE ( 'NONE', *, *, #2663, .T. ) ;
#1358 = DIRECTION ( 'NONE',  ( 1.000000000000000000, 0.000000000000000000, 0.000000000000000000 ) ) ;
#1359 = LINE ( 'NONE', #192, #621 ) ;
#1360 = ORIENTED_EDGE ( 'NONE', *, *, #1206, .T. ) ;
#1361 = CARTESIAN_POINT ( 'NONE',  ( 0.8000000000000125899, 0.000000000000000000, -0.2000000000000000944 ) ) ;
#1362 = AXIS2_PLACEMENT_3D ( 'NONE', #416, #938, #922 ) ;
#1363 = DIRECTION ( 'NONE',  ( 0.000000000000000000, 0.000000000000000000, -1.000000000000000000 ) ) ;
#1364 = CARTESIAN_POINT ( 'NONE',  ( 0.8000000000000000444, -0.04500000000000001221, 1.000000000000000000 ) ) ;
#1365 = CIRCLE ( 'NONE', #2556, 0.1250000000000001110 ) ;
#1366 = AXIS2_PLACEMENT_3D ( 'NONE', #869, #609, #1427 ) ;
#1367 = CARTESIAN_POINT ( 'NONE',  ( 0.4000000000000208944, -0.04500000000000001221, -1.000000000000000000 ) ) ;
#1368 = EDGE_CURVE ( 'NONE', #2704, #805, #2640, .T. ) ;
#1369 = CARTESIAN_POINT ( 'NONE',  ( 0.8000000000000208056, -0.04500000000000001221, -1.000000000000000000 ) ) ;
#1370 = CARTESIAN_POINT ( 'NONE',  ( -0.3999999999999792055, -0.1700000000000000122, -1.000000000000000000 ) ) ;
#1371 = ADVANCED_FACE ( 'NONE', ( #1832 ), #2424, .T. ) ;
#1372 = EDGE_LOOP ( 'NONE', ( #2080, #2861 ) ) ;
#1373 = DIRECTION ( 'NONE',  ( -0.000000000000000000, 1.000000000000000000, -0.000000000000000000 ) ) ;
#1374 = DIRECTION ( 'NONE',  ( -0.000000000000000000, 1.000000000000000000, -0.000000000000000000 ) ) ;
#1375 = VERTEX_POINT ( 'NONE', #2987 ) ;
#1376 = DIRECTION ( 'NONE',  ( 0.000000000000000000, 0.000000000000000000, 1.000000000000000000 ) ) ;
#1377 = CYLINDRICAL_SURFACE ( 'NONE', #1971, 0.1250000000000000000 ) ;
#1378 = DIRECTION ( 'NONE',  ( -0.000000000000000000, 1.000000000000000000, -0.000000000000000000 ) ) ;
#1379 = CARTESIAN_POINT ( 'NONE',  ( -0.3999999999999958589, -0.1700000000000000122, 0.7250000000000000888 ) ) ;
#1380 = CYLINDRICAL_SURFACE ( 'NONE', #79, 0.1250000000000000000 ) ;
#1381 = FACE_OUTER_BOUND ( 'NONE', #2969, .T. ) ;
#1382 = CARTESIAN_POINT ( 'NONE',  ( 0.4000000000000126232, -0.04500000000000001221, -0.2000000000000000944 ) ) ;
#1383 = CIRCLE ( 'NONE', #582, 0.1250000000000001110 ) ;
#1384 = EDGE_LOOP ( 'NONE', ( #1705, #193, #3343, #1889 ) ) ;
#1385 = VERTEX_POINT ( 'NONE', #2620 ) ;
#1386 = AXIS2_PLACEMENT_3D ( 'NONE', #2917, #2936, #1279 ) ;
#1387 = DIRECTION ( 'NONE',  ( 0.000000000000000000, 0.000000000000000000, -1.000000000000000000 ) ) ;
#1388 = EDGE_CURVE ( 'NONE', #1885, #1515, #1495, .T. ) ;
#1389 = DIRECTION ( 'NONE',  ( -0.000000000000000000, 1.000000000000000000, -0.000000000000000000 ) ) ;
#1390 = EDGE_LOOP ( 'NONE', ( #2103, #3234, #1502, #2767 ) ) ;
#1391 = DIRECTION ( 'NONE',  ( -1.000000000000000000, -0.000000000000000000, -0.000000000000000000 ) ) ;
#1392 = ADVANCED_FACE ( 'NONE', ( #206 ), #1303, .T. ) ;
#1393 = DIRECTION ( 'NONE',  ( 0.000000000000000000, 0.000000000000000000, 1.000000000000000000 ) ) ;
#1394 = DIRECTION ( 'NONE',  ( 0.000000000000000000, 0.000000000000000000, 1.000000000000000000 ) ) ;
#1395 = VERTEX_POINT ( 'NONE', #3206 ) ;
#1396 = FACE_OUTER_BOUND ( 'NONE', #2589, .T. ) ;
#1397 = DIRECTION ( 'NONE',  ( 0.000000000000000000, 0.000000000000000000, -1.000000000000000000 ) ) ;
#1398 = DIRECTION ( 'NONE',  ( -0.000000000000000000, 1.000000000000000000, -0.000000000000000000 ) ) ;
#1399 = FACE_OUTER_BOUND ( 'NONE', #850, .T. ) ;
#1400 = EDGE_CURVE ( 'NONE', #1329, #3159, #3053, .T. ) ;
#1401 = CIRCLE ( 'NONE', #1857, 0.1250000000000000000 ) ;
#1402 = CARTESIAN_POINT ( 'NONE',  ( 0.8000000000000000444, -0.04500000000000001221, 1.000000000000000000 ) ) ;
#1403 = ORIENTED_EDGE ( 'NONE', *, *, #1146, .T. ) ;
#1404 = CIRCLE ( 'NONE', #318, 0.1250000000000000000 ) ;
#1405 = DIRECTION ( 'NONE',  ( 0.000000000000000000, 0.000000000000000000, -1.000000000000000000 ) ) ;
#1406 = ORIENTED_EDGE ( 'NONE', *, *, #2713, .F. ) ;
#1407 = CARTESIAN_POINT ( 'NONE',  ( -0.8000000000000000444, -0.04500000000000001221, 1.000000000000000000 ) ) ;
#1408 = DIRECTION ( 'NONE',  ( 0.000000000000000000, 0.000000000000000000, -1.000000000000000000 ) ) ;
#1409 = DIRECTION ( 'NONE',  ( 1.000000000000000000, 0.000000000000000000, 0.000000000000000000 ) ) ;
#1410 = ADVANCED_FACE ( 'NONE', ( #1966 ), #564, .T. ) ;
#1411 = ORIENTED_EDGE ( 'NONE', *, *, #1759, .F. ) ;
#1412 = DIRECTION ( 'NONE',  ( -0.000000000000000000, 1.000000000000000000, -0.000000000000000000 ) ) ;
#1413 = ORIENTED_EDGE ( 'NONE', *, *, #2512, .T. ) ;
#1414 = EDGE_CURVE ( 'NONE', #716, #1567, #2188, .T. ) ;
#1415 = VECTOR ( 'NONE', #2388, 1000.000000000000000 ) ;
#1416 = VECTOR ( 'NONE', #2683, 1000.000000000000000 ) ;
#1417 = CARTESIAN_POINT ( 'NONE',  ( -0.7999999999999876099, 0.000000000000000000, -0.3250000000000000666 ) ) ;
#1418 = CIRCLE ( 'NONE', #3021, 0.1250000000000000000 ) ;
#1419 = DIRECTION ( 'NONE',  ( 0.000000000000000000, 0.000000000000000000, -1.000000000000000000 ) ) ;
#1420 = CYLINDRICAL_SURFACE ( 'NONE', #1158, 0.1250000000000000000 ) ;
#1421 = ORIENTED_EDGE ( 'NONE', *, *, #3032, .F. ) ;
#1422 = ORIENTED_EDGE ( 'NONE', *, *, #3014, .T. ) ;
#1423 = ORIENTED_EDGE ( 'NONE', *, *, #1037, .F. ) ;
#1424 = CARTESIAN_POINT ( 'NONE',  ( 0.4000000000000208944, -0.1700000000000000122, -0.8750000000000000000 ) ) ;
#1425 = ADVANCED_FACE ( 'NONE', ( #258 ), #860, .T. ) ;
#1426 = DIRECTION ( 'NONE',  ( 1.000000000000000000, 0.000000000000000000, 0.000000000000000000 ) ) ;
#1427 = DIRECTION ( 'NONE',  ( 0.000000000000000000, 0.000000000000000000, -1.000000000000000000 ) ) ;
#1428 = ORIENTED_EDGE ( 'NONE', *, *, #511, .T. ) ;
#1429 = CARTESIAN_POINT ( 'NONE',  ( 0.4000000000000000777, -0.1700000000000000122, 1.000000000000000000 ) ) ;
#1430 = ORIENTED_EDGE ( 'NONE', *, *, #883, .T. ) ;
#1431 = DIRECTION ( 'NONE',  ( 0.000000000000000000, 0.000000000000000000, -1.000000000000000000 ) ) ;
#1432 = DIRECTION ( 'NONE',  ( 0.000000000000000000, 0.000000000000000000, 1.000000000000000000 ) ) ;
#1433 = EDGE_CURVE ( 'NONE', #2361, #3324, #3451, .T. ) ;
#1434 = VERTEX_POINT ( 'NONE', #579 ) ;
#1435 = ORIENTED_EDGE ( 'NONE', *, *, #1691, .T. ) ;
#1436 = VECTOR ( 'NONE', #2262, 1000.000000000000000 ) ;
#1437 = DIRECTION ( 'NONE',  ( 0.000000000000000000, 0.000000000000000000, 1.000000000000000000 ) ) ;
#1438 = AXIS2_PLACEMENT_3D ( 'NONE', #334, #3146, #684 ) ;
#1439 = CARTESIAN_POINT ( 'NONE',  ( -0.7999999999999876099, -0.04500000000000001221, -0.2000000000000000944 ) ) ;
#1440 = EDGE_CURVE ( 'NONE', #2566, #2551, #2488, .T. ) ;
#1441 = DIRECTION ( 'NONE',  ( -0.000000000000000000, 1.000000000000000000, -0.000000000000000000 ) ) ;
#1442 = AXIS2_PLACEMENT_3D ( 'NONE', #1849, #3223, #2953 ) ;
#1443 = ORIENTED_EDGE ( 'NONE', *, *, #2155, .T. ) ;
#1444 = DIRECTION ( 'NONE',  ( 0.000000000000000000, -1.000000000000000000, 0.000000000000000000 ) ) ;
#1445 = ORIENTED_EDGE ( 'NONE', *, *, #166, .T. ) ;
#1446 = ADVANCED_FACE ( 'NONE', ( #1947 ), #548, .T. ) ;
#1447 = FACE_OUTER_BOUND ( 'NONE', #1509, .T. ) ;
#1448 = DIRECTION ( 'NONE',  ( 0.000000000000000000, 0.000000000000000000, 1.000000000000000000 ) ) ;
#1449 = DIRECTION ( 'NONE',  ( -0.000000000000000000, 1.000000000000000000, -0.000000000000000000 ) ) ;
#1450 = AXIS2_PLACEMENT_3D ( 'NONE', #2979, #3250, #2923 ) ;
#1451 = ORIENTED_EDGE ( 'NONE', *, *, #3072, .T. ) ;
#1452 = VERTEX_POINT ( 'NONE', #328 ) ;
#1453 = VERTEX_POINT ( 'NONE', #3545 ) ;
#1454 = AXIS2_PLACEMENT_3D ( 'NONE', #2090, #2630, #2910 ) ;
#1455 = CARTESIAN_POINT ( 'NONE',  ( 0.4000000000000167866, -0.1700000000000000122, -0.4750000000000000333 ) ) ;
#1456 = CIRCLE ( 'NONE', #2025, 0.1250000000000001110 ) ;
#1457 = CYLINDRICAL_SURFACE ( 'NONE', #1362, 0.1250000000000000000 ) ;
#1458 = ORIENTED_EDGE ( 'NONE', *, *, #277, .T. ) ;
#1459 = DIRECTION ( 'NONE',  ( 0.000000000000000000, 0.000000000000000000, -1.000000000000000000 ) ) ;
#1460 = ORIENTED_EDGE ( 'NONE', *, *, #552, .F. ) ;
#1461 = CARTESIAN_POINT ( 'NONE',  ( 0.4000000000000126232, -0.1700000000000000122, -0.2000000000000000944 ) ) ;
#1462 = CARTESIAN_POINT ( 'NONE',  ( -0.7999999999999876099, -0.04500000000000001221, -0.3250000000000000666 ) ) ;
#1463 = DIRECTION ( 'NONE',  ( 0.000000000000000000, 0.000000000000000000, -1.000000000000000000 ) ) ;
#1464 = CIRCLE ( 'NONE', #502, 0.1250000000000000000 ) ;
#1465 = DIRECTION ( 'NONE',  ( -0.000000000000000000, 1.000000000000000000, -0.000000000000000000 ) ) ;
#1466 = ADVANCED_FACE ( 'NONE', ( #2242 ), #1420, .T. ) ;
#1467 = CIRCLE ( 'NONE', #3363, 0.1250000000000000000 ) ;
#1468 = ADVANCED_FACE ( 'NONE', ( #879 ), #2458, .T. ) ;
#1469 = EDGE_LOOP ( 'NONE', ( #1729, #335, #969, #236 ) ) ;
#1470 = VERTEX_POINT ( 'NONE', #1644 ) ;
#1471 = DIRECTION ( 'NONE',  ( -0.000000000000000000, 1.000000000000000000, -0.000000000000000000 ) ) ;
#1472 = ADVANCED_FACE ( 'NONE', ( #40 ), #24, .T. ) ;
#1473 = FACE_OUTER_BOUND ( 'NONE', #2632, .T. ) ;
#1474 = ORIENTED_EDGE ( 'NONE', *, *, #251, .F. ) ;
#1475 = DIRECTION ( 'NONE',  ( 0.000000000000000000, -1.000000000000000000, 0.000000000000000000 ) ) ;
#1476 = ORIENTED_EDGE ( 'NONE', *, *, #1129, .T. ) ;
#1477 = DIRECTION ( 'NONE',  ( 0.000000000000000000, 0.000000000000000000, -1.000000000000000000 ) ) ;
#1478 = ORIENTED_EDGE ( 'NONE', *, *, #2180, .F. ) ;
#1479 = CARTESIAN_POINT ( 'NONE',  ( 0.8000000000000041522, 0.000000000000000000, 0.7250000000000000888 ) ) ;
#1480 = CARTESIAN_POINT ( 'NONE',  ( -0.8665000000000002700, 0.3299999999999999600, -1.010000000000000009 ) ) ;
#1481 = DIRECTION ( 'NONE',  ( -0.000000000000000000, 1.000000000000000000, -0.000000000000000000 ) ) ;
#1482 = VERTEX_POINT ( 'NONE', #1081 ) ;
#1483 = ORIENTED_EDGE ( 'NONE', *, *, #3355, .F. ) ;
#1484 = LINE ( 'NONE', #670, #752 ) ;
#1485 = DIRECTION ( 'NONE',  ( 1.000000000000000000, 0.000000000000000000, 0.000000000000000000 ) ) ;
#1486 = EDGE_CURVE ( 'NONE', #466, #436, #2172, .T. ) ;
#1487 = CIRCLE ( 'NONE', #3506, 0.1250000000000000000 ) ;
#1488 = LINE ( 'NONE', #2956, #1415 ) ;
#1489 = AXIS2_PLACEMENT_3D ( 'NONE', #2096, #3183, #1260 ) ;
#1490 = EDGE_CURVE ( 'NONE', #466, #3074, #2415, .T. ) ;
#1491 = EDGE_LOOP ( 'NONE', ( #2348, #281, #2536 ) ) ;
#1492 = CARTESIAN_POINT ( 'NONE',  ( -0.4000000000000000222, 0.000000000000000000, 1.000000000000000000 ) ) ;
#1493 = VERTEX_POINT ( 'NONE', #274 ) ;
#1494 = EDGE_CURVE ( 'NONE', #581, #3144, #644, .T. ) ;
#1495 = CIRCLE ( 'NONE', #762, 0.1250000000000000000 ) ;
#1496 = DIRECTION ( 'NONE',  ( -0.000000000000000000, 1.000000000000000000, -0.000000000000000000 ) ) ;
#1497 = ORIENTED_EDGE ( 'NONE', *, *, #965, .T. ) ;
#1498 = FACE_BOUND ( 'NONE', #110, .T. ) ;
#1499 = CARTESIAN_POINT ( 'NONE',  ( -0.3999999999999833689, -0.1700000000000000122, -0.7250000000000000888 ) ) ;
#1500 = DIRECTION ( 'NONE',  ( -0.000000000000000000, 1.000000000000000000, -0.000000000000000000 ) ) ;
#1501 = ORIENTED_EDGE ( 'NONE', *, *, #90, .T. ) ;
#1502 = ORIENTED_EDGE ( 'NONE', *, *, #2890, .T. ) ;
#1503 = EDGE_CURVE ( 'NONE', #1728, #668, #2644, .T. ) ;
#1504 = VECTOR ( 'NONE', #3299, 1000.000000000000000 ) ;
#1505 = DIRECTION ( 'NONE',  ( 0.000000000000000000, 0.000000000000000000, -1.000000000000000000 ) ) ;
#1506 = DIRECTION ( 'NONE',  ( 0.000000000000000000, 0.000000000000000000, -1.000000000000000000 ) ) ;
#1507 = AXIS2_PLACEMENT_3D ( 'NONE', #1899, #3001, #2726 ) ;
#1508 = LINE ( 'NONE', #959, #3076 ) ;
#1509 = EDGE_LOOP ( 'NONE', ( #395, #525, #2405, #721 ) ) ;
#1510 = FACE_OUTER_BOUND ( 'NONE', #1125, .T. ) ;
#1511 = EDGE_LOOP ( 'NONE', ( #2085, #3487 ) ) ;
#1512 = ADVANCED_FACE ( 'NONE', ( #3407 ), #345, .T. ) ;
#1513 = DIRECTION ( 'NONE',  ( -0.000000000000000000, 1.000000000000000000, -0.000000000000000000 ) ) ;
#1514 = EDGE_CURVE ( 'NONE', #2716, #3547, #2355, .T. ) ;
#1515 = VERTEX_POINT ( 'NONE', #2800 ) ;
#1516 = DIRECTION ( 'NONE',  ( 0.000000000000000000, 0.000000000000000000, 1.000000000000000000 ) ) ;
#1517 = DIRECTION ( 'NONE',  ( -0.000000000000000000, 1.000000000000000000, -0.000000000000000000 ) ) ;
#1518 = DIRECTION ( 'NONE',  ( 0.000000000000000000, 0.000000000000000000, 1.000000000000000000 ) ) ;
#1519 = SHAPE_DEFINITION_REPRESENTATION ( #3219, #2138 ) ;
#1520 = ORIENTED_EDGE ( 'NONE', *, *, #1648, .F. ) ;
#1521 = ORIENTED_EDGE ( 'NONE', *, *, #1490, .T. ) ;
#1522 = AXIS2_PLACEMENT_3D ( 'NONE', #1439, #1120, #2768 ) ;
#1523 = FACE_OUTER_BOUND ( 'NONE', #3333, .T. ) ;
#1524 = CARTESIAN_POINT ( 'NONE',  ( 0.4000000000000126232, -0.04500000000000001221, -0.2000000000000000944 ) ) ;
#1525 = AXIS2_PLACEMENT_3D ( 'NONE', #37, #2795, #341 ) ;
#1526 = DIRECTION ( 'NONE',  ( -0.000000000000000000, 1.000000000000000000, -0.000000000000000000 ) ) ;
#1527 = AXIS2_PLACEMENT_3D ( 'NONE', #2567, #111, #99 ) ;
#1528 = EDGE_LOOP ( 'NONE', ( #1460, #832, #1304 ) ) ;
#1529 = VECTOR ( 'NONE', #1790, 1000.000000000000000 ) ;
#1530 = CARTESIAN_POINT ( 'NONE',  ( 0.4000000000000208944, -0.1700000000000000122, -1.000000000000000000 ) ) ;
#1531 = DIRECTION ( 'NONE',  ( -1.000000000000000000, -0.000000000000000000, -0.000000000000000000 ) ) ;
#1532 = ORIENTED_EDGE ( 'NONE', *, *, #3345, .T. ) ;
#1533 = LINE ( 'NONE', #174, #2215 ) ;
#1534 = VERTEX_POINT ( 'NONE', #2849 ) ;
#1535 = EDGE_CURVE ( 'NONE', #926, #1825, #104, .T. ) ;
#1536 = ORIENTED_EDGE ( 'NONE', *, *, #251, .T. ) ;
#1537 = FACE_BOUND ( 'NONE', #310, .T. ) ;
#1538 = DIRECTION ( 'NONE',  ( 0.000000000000000000, 0.000000000000000000, 1.000000000000000000 ) ) ;
#1539 = CARTESIAN_POINT ( 'NONE',  ( 1.116499999999999826, 0.000000000000000000, 1.159999999999999920 ) ) ;
#1540 = ORIENTED_EDGE ( 'NONE', *, *, #2822, .F. ) ;
#1541 = VERTEX_POINT ( 'NONE', #3425 ) ;
#1542 = FILL_AREA_STYLE_COLOUR ( '', #2122 ) ;
#1543 = EDGE_CURVE ( 'NONE', #3148, #1208, #3050, .T. ) ;
#1544 =( NAMED_UNIT ( * ) SI_UNIT ( $, .STERADIAN. ) SOLID_ANGLE_UNIT ( ) );
#1545 = ADVANCED_FACE ( 'NONE', ( #2812 ), #2018, .T. ) ;
#1546 = DIRECTION ( 'NONE',  ( 0.000000000000000000, -1.000000000000000000, 0.000000000000000000 ) ) ;
#1547 = ORIENTED_EDGE ( 'NONE', *, *, #533, .T. ) ;
#1548 = DIRECTION ( 'NONE',  ( 0.000000000000000000, 0.000000000000000000, -1.000000000000000000 ) ) ;
#1549 = DIRECTION ( 'NONE',  ( 0.000000000000000000, 0.000000000000000000, 1.000000000000000000 ) ) ;
#1550 = DIRECTION ( 'NONE',  ( -0.000000000000000000, 1.000000000000000000, -0.000000000000000000 ) ) ;
#1551 = ORIENTED_EDGE ( 'NONE', *, *, #166, .F. ) ;
#1552 = DIRECTION ( 'NONE',  ( 0.000000000000000000, 0.000000000000000000, 1.000000000000000000 ) ) ;
#1553 = EDGE_CURVE ( 'NONE', #2566, #2266, #1095, .T. ) ;
#1554 = EDGE_CURVE ( 'NONE', #370, #1101, #1045, .T. ) ;
#1555 = AXIS2_PLACEMENT_3D ( 'NONE', #261, #1951, #1649 ) ;
#1556 = DIRECTION ( 'NONE',  ( 0.000000000000000000, 0.000000000000000000, 1.000000000000000000 ) ) ;
#1557 = ORIENTED_EDGE ( 'NONE', *, *, #3398, .F. ) ;
#1558 = ADVANCED_FACE ( 'NONE', ( #666 ), #898, .T. ) ;
#1559 = FACE_OUTER_BOUND ( 'NONE', #2835, .T. ) ;
#1560 = CARTESIAN_POINT ( 'NONE',  ( -0.7999999999999959366, -0.1700000000000000122, 0.4750000000000000333 ) ) ;
#1561 = AXIS2_PLACEMENT_3D ( 'NONE', #1845, #429, #3157 ) ;
#1562 = DIRECTION ( 'NONE',  ( 0.000000000000000000, 0.000000000000000000, 1.000000000000000000 ) ) ;
#1563 = VERTEX_POINT ( 'NONE', #2037 ) ;
#1564 =( LENGTH_UNIT ( ) NAMED_UNIT ( * ) SI_UNIT ( .MILLI., .METRE. ) );
#1565 = DIRECTION ( 'NONE',  ( 0.000000000000000000, -1.000000000000000000, 0.000000000000000000 ) ) ;
#1566 = CIRCLE ( 'NONE', #2193, 0.1250000000000000000 ) ;
#1567 = VERTEX_POINT ( 'NONE', #632 ) ;
#1568 = SPHERICAL_SURFACE ( 'NONE', #3482, 0.1250000000000000000 ) ;
#1569 = CARTESIAN_POINT ( 'NONE',  ( -0.3999999999999792055, -0.1700000000000000122, -0.8750000000000000000 ) ) ;
#1570 = AXIS2_PLACEMENT_3D ( 'NONE', #1606, #3499, #1270 ) ;
#1571 = CARTESIAN_POINT ( 'NONE',  ( -0.3999999999999958589, -0.04500000000000001221, 0.6000000000000000888 ) ) ;
#1572 = ORIENTED_EDGE ( 'NONE', *, *, #1535, .T. ) ;
#1573 = DIRECTION ( 'NONE',  ( -0.000000000000000000, 1.000000000000000000, -0.000000000000000000 ) ) ;
#1574 = CIRCLE ( 'NONE', #3242, 0.1250000000000001110 ) ;
#1575 = FACE_OUTER_BOUND ( 'NONE', #795, .T. ) ;
#1576 = VECTOR ( 'NONE', #464, 1000.000000000000000 ) ;
#1577 = ORIENTED_EDGE ( 'NONE', *, *, #3072, .F. ) ;
#1578 = AXIS2_PLACEMENT_3D ( 'NONE', #1524, #626, #725 ) ;
#1579 = FILL_AREA_STYLE ('',( #2983 ) ) ;
#1580 = CARTESIAN_POINT ( 'NONE',  ( 0.8000000000000082601, -0.04500000000000001221, 0.1999999999999999833 ) ) ;
#1581 = EDGE_LOOP ( 'NONE', ( #487, #1150, #1476, #1690 ) ) ;
#1582 = CARTESIAN_POINT ( 'NONE',  ( -0.3999999999999916955, -0.1700000000000000122, 0.1999999999999999833 ) ) ;
#1583 = EDGE_CURVE ( 'NONE', #624, #1085, #870, .T. ) ;
#1584 = EDGE_LOOP ( 'NONE', ( #385, #1939, #2527 ) ) ;
#1585 = VECTOR ( 'NONE', #905, 1000.000000000000000 ) ;
#1586 = CARTESIAN_POINT ( 'NONE',  ( 0.8000000000000041522, -0.04500000000000001221, 0.6000000000000000888 ) ) ;
#1587 = CIRCLE ( 'NONE', #3541, 0.1250000000000000000 ) ;
#1588 = CARTESIAN_POINT ( 'NONE',  ( -0.8000000000000000444, -0.04500000000000001221, 1.000000000000000000 ) ) ;
#1589 = CARTESIAN_POINT ( 'NONE',  ( -0.3999999999999874767, -0.04500000000000001221, -0.2000000000000000944 ) ) ;
#1590 = EDGE_LOOP ( 'NONE', ( #1094, #458, #1014, #3092 ) ) ;
#1591 = DIRECTION ( 'NONE',  ( 0.000000000000000000, 0.000000000000000000, -1.000000000000000000 ) ) ;
#1592 = DIRECTION ( 'NONE',  ( -0.000000000000000000, 1.000000000000000000, -0.000000000000000000 ) ) ;
#1593 = CARTESIAN_POINT ( 'NONE',  ( 1.671202154126611018E-14, -0.04500000000000001221, -0.7250000000000000888 ) ) ;
#1594 = ADVANCED_FACE ( 'NONE', ( #3142 ), #647, .T. ) ;
#1595 = ORIENTED_EDGE ( 'NONE', *, *, #1490, .F. ) ;
#1596 = CARTESIAN_POINT ( 'NONE',  ( -0.8000000000000000444, -0.04500000000000001221, 1.000000000000000000 ) ) ;
#1597 = DIRECTION ( 'NONE',  ( 0.000000000000000000, 0.000000000000000000, 1.000000000000000000 ) ) ;
#1598 = EDGE_LOOP ( 'NONE', ( #2254, #3215, #1680 ) ) ;
#1599 = CARTESIAN_POINT ( 'NONE',  ( 0.4000000000000167866, -0.1700000000000000122, -0.6000000000000000888 ) ) ;
#1600 = CARTESIAN_POINT ( 'NONE',  ( -0.7999999999999959366, -0.04500000000000001221, 0.6000000000000000888 ) ) ;
#1601 = EDGE_LOOP ( 'NONE', ( #36, #61 ) ) ;
#1602 = DIRECTION ( 'NONE',  ( 1.000000000000000000, 0.000000000000000000, 0.000000000000000000 ) ) ;
#1603 = EDGE_CURVE ( 'NONE', #132, #964, #929, .T. ) ;
#1604 = VERTEX_POINT ( 'NONE', #1726 ) ;
#1605 = DIRECTION ( 'NONE',  ( 0.000000000000000000, 0.000000000000000000, 1.000000000000000000 ) ) ;
#1606 = CARTESIAN_POINT ( 'NONE',  ( 0.4000000000000082934, 0.000000000000000000, 0.1999999999999999833 ) ) ;
#1607 = DIRECTION ( 'NONE',  ( 0.000000000000000000, 0.000000000000000000, -1.000000000000000000 ) ) ;
#1608 = ORIENTED_EDGE ( 'NONE', *, *, #383, .T. ) ;
#1609 = CIRCLE ( 'NONE', #2937, 0.1250000000000000000 ) ;
#1610 = PLANE ( 'NONE',  #2895 ) ;
#1611 = DIRECTION ( 'NONE',  ( 1.000000000000000000, 0.000000000000000000, 0.000000000000000000 ) ) ;
#1612 = FACE_OUTER_BOUND ( 'NONE', #744, .T. ) ;
#1613 = CIRCLE ( 'NONE', #1662, 0.1250000000000001110 ) ;
#1614 = AXIS2_PLACEMENT_3D ( 'NONE', #933, #2864, #3123 ) ;
#1615 = DIRECTION ( 'NONE',  ( 1.000000000000000000, 0.000000000000000000, 0.000000000000000000 ) ) ;
#1616 = ORIENTED_EDGE ( 'NONE', *, *, #731, .T. ) ;
#1617 = DIRECTION ( 'NONE',  ( 0.000000000000000000, 0.000000000000000000, -1.000000000000000000 ) ) ;
#1618 =( NAMED_UNIT ( * ) SI_UNIT ( $, .STERADIAN. ) SOLID_ANGLE_UNIT ( ) );
#1619 = ORIENTED_EDGE ( 'NONE', *, *, #2682, .F. ) ;
#1620 = DIRECTION ( 'NONE',  ( 0.000000000000000000, 0.000000000000000000, 1.000000000000000000 ) ) ;
#1621 = CARTESIAN_POINT ( 'NONE',  ( -0.7999999999999959366, -0.04500000000000001221, 0.6000000000000000888 ) ) ;
#1622 = CARTESIAN_POINT ( 'NONE',  ( -0.3999999999999916955, -0.04500000000000001221, 0.1999999999999999833 ) ) ;
#1623 = AXIS2_PLACEMENT_3D ( 'NONE', #3266, #2375, #1556 ) ;
#1624 = VERTEX_POINT ( 'NONE', #74 ) ;
#1625 = DIRECTION ( 'NONE',  ( 0.000000000000000000, -1.000000000000000000, 0.000000000000000000 ) ) ;
#1626 = ADVANCED_FACE ( 'NONE', ( #1185 ), #2260, .T. ) ;
#1627 = DIRECTION ( 'NONE',  ( 1.000000000000000000, 0.000000000000000000, 0.000000000000000000 ) ) ;
#1628 = AXIS2_PLACEMENT_3D ( 'NONE', #1295, #810, #1056 ) ;
#1629 = SPHERICAL_SURFACE ( 'NONE', #2410, 0.1250000000000000000 ) ;
#1630 = CARTESIAN_POINT ( 'NONE',  ( 0.000000000000000000, -0.04500000000000001221, 1.000000000000000000 ) ) ;
#1631 = CIRCLE ( 'NONE', #2961, 0.1250000000000000000 ) ;
#1632 = ORIENTED_EDGE ( 'NONE', *, *, #2990, .T. ) ;
#1633 = SPHERICAL_SURFACE ( 'NONE', #3158, 0.1250000000000000000 ) ;
#1634 = CARTESIAN_POINT ( 'NONE',  ( -0.3999999999999792055, -0.04500000000000001221, -1.000000000000000000 ) ) ;
#1635 = ORIENTED_EDGE ( 'NONE', *, *, #2762, .F. ) ;
#1636 = DIRECTION ( 'NONE',  ( -0.000000000000000000, 1.000000000000000000, -0.000000000000000000 ) ) ;
#1637 = CIRCLE ( 'NONE', #3020, 0.1250000000000001110 ) ;
#1638 = CARTESIAN_POINT ( 'NONE',  ( 1.246832498358330099E-14, -0.1700000000000000122, -0.2000000000000000944 ) ) ;
#1639 = DIRECTION ( 'NONE',  ( -0.000000000000000000, 1.000000000000000000, -0.000000000000000000 ) ) ;
#1640 = VECTOR ( 'NONE', #2465, 1000.000000000000000 ) ;
#1641 = LINE ( 'NONE', #3539, #2294 ) ;
#1642 = EDGE_CURVE ( 'NONE', #298, #1885, #1952, .T. ) ;
#1643 = DIRECTION ( 'NONE',  ( 0.000000000000000000, 0.000000000000000000, 1.000000000000000000 ) ) ;
#1644 = CARTESIAN_POINT ( 'NONE',  ( 1.116499999999999826, 0.000000000000000000, -1.159999999999999920 ) ) ;
#1645 = ADVANCED_FACE ( 'NONE', ( #1697 ), #1199, .T. ) ;
#1646 = EDGE_LOOP ( 'NONE', ( #3312, #1869, #1024, #700 ) ) ;
#1647 = EDGE_CURVE ( 'NONE', #964, #1318, #1763, .T. ) ;
#1648 = EDGE_CURVE ( 'NONE', #1816, #2316, #2298, .T. ) ;
#1649 = DIRECTION ( 'NONE',  ( 0.000000000000000000, 0.000000000000000000, 1.000000000000000000 ) ) ;
#1650 =( NAMED_UNIT ( * ) PLANE_ANGLE_UNIT ( ) SI_UNIT ( $, .RADIAN. ) );
#1651 = EDGE_LOOP ( 'NONE', ( #516, #330, #3138, #263 ) ) ;
#1652 = DIRECTION ( 'NONE',  ( 0.000000000000000000, 0.000000000000000000, 1.000000000000000000 ) ) ;
#1653 = DIRECTION ( 'NONE',  ( 1.000000000000000000, 0.000000000000000000, -1.224646799147353207E-16 ) ) ;
#1654 = CARTESIAN_POINT ( 'NONE',  ( 0.4000000000000041855, -0.04500000000000001221, 0.6000000000000000888 ) ) ;
#1655 = ADVANCED_FACE ( 'NONE', ( #2380 ), #3486, .T. ) ;
#1656 = LINE ( 'NONE', #2756, #2255 ) ;
#1657 = DIRECTION ( 'NONE',  ( 0.000000000000000000, 0.000000000000000000, -1.000000000000000000 ) ) ;
#1658 = CARTESIAN_POINT ( 'NONE',  ( 1.246832498358330099E-14, -0.04500000000000001221, -0.2000000000000000944 ) ) ;
#1659 = MECHANICAL_DESIGN_GEOMETRIC_PRESENTATION_REPRESENTATION (  '', ( #69 ), #357 ) ;
#1660 = DIRECTION ( 'NONE',  ( 0.000000000000000000, -1.000000000000000000, 0.000000000000000000 ) ) ;
#1661 = ORIENTED_EDGE ( 'NONE', *, *, #461, .T. ) ;
#1662 = AXIS2_PLACEMENT_3D ( 'NONE', #2450, #749, #1552 ) ;
#1663 = CIRCLE ( 'NONE', #927, 0.1250000000000000000 ) ;
#1664 = CARTESIAN_POINT ( 'NONE',  ( 0.8000000000000208056, -0.1700000000000000122, -1.000000000000000000 ) ) ;
#1665 = CIRCLE ( 'NONE', #3231, 0.1250000000000000000 ) ;
#1666 = DIRECTION ( 'NONE',  ( 0.000000000000000000, 0.000000000000000000, -1.000000000000000000 ) ) ;
#1667 = ORIENTED_EDGE ( 'NONE', *, *, #2925, .T. ) ;
#1668 = DIRECTION ( 'NONE',  ( 0.000000000000000000, 0.000000000000000000, 1.000000000000000000 ) ) ;
#1669 = DIRECTION ( 'NONE',  ( 0.000000000000000000, 0.000000000000000000, -1.000000000000000000 ) ) ;
#1670 = FACE_OUTER_BOUND ( 'NONE', #2321, .T. ) ;
#1671 = EDGE_LOOP ( 'NONE', ( #907, #2974, #2997, #2442 ) ) ;
#1672 = DIRECTION ( 'NONE',  ( -0.000000000000000000, 1.000000000000000000, -0.000000000000000000 ) ) ;
#1673 = AXIS2_PLACEMENT_3D ( 'NONE', #998, #3481, #1892 ) ;
#1674 = CARTESIAN_POINT ( 'NONE',  ( -0.7999999999999959366, -0.04500000000000001221, 0.6000000000000000888 ) ) ;
#1675 = CARTESIAN_POINT ( 'NONE',  ( -0.4000000000000000222, -0.04500000000000001221, 0.8750000000000000000 ) ) ;
#1676 = VECTOR ( 'NONE', #1496, 1000.000000000000000 ) ;
#1677 = LINE ( 'NONE', #1997, #3349 ) ;
#1678 = CARTESIAN_POINT ( 'NONE',  ( 0.4000000000000082934, -0.04500000000000001221, 0.1999999999999999833 ) ) ;
#1679 = ORIENTED_EDGE ( 'NONE', *, *, #2792, .F. ) ;
#1680 = ORIENTED_EDGE ( 'NONE', *, *, #109, .F. ) ;
#1681 = AXIS2_PLACEMENT_3D ( 'NONE', #729, #498, #1819 ) ;
#1682 = CARTESIAN_POINT ( 'NONE',  ( 0.4000000000000082934, -0.04500000000000001221, 0.1999999999999999833 ) ) ;
#1683 = CIRCLE ( 'NONE', #1917, 0.1250000000000001110 ) ;
#1684 = EDGE_LOOP ( 'NONE', ( #379, #2490 ) ) ;
#1685 = CARTESIAN_POINT ( 'NONE',  ( -0.3999999999999792055, 0.000000000000000000, -0.8750000000000000000 ) ) ;
#1686 = FACE_OUTER_BOUND ( 'NONE', #495, .T. ) ;
#1687 = CARTESIAN_POINT ( 'NONE',  ( 0.4000000000000208944, -0.04500000000000001221, -1.000000000000000000 ) ) ;
#1688 = EDGE_LOOP ( 'NONE', ( #3084, #1224, #432 ) ) ;
#1689 = DIRECTION ( 'NONE',  ( 0.000000000000000000, 0.000000000000000000, 1.000000000000000000 ) ) ;
#1690 = ORIENTED_EDGE ( 'NONE', *, *, #3012, .T. ) ;
#1691 = EDGE_CURVE ( 'NONE', #2093, #250, #1047, .T. ) ;
#1692 =( LENGTH_UNIT ( ) NAMED_UNIT ( * ) SI_UNIT ( .MILLI., .METRE. ) );
#1693 = VECTOR ( 'NONE', #1412, 1000.000000000000000 ) ;
#1694 = AXIS2_PLACEMENT_3D ( 'NONE', #1010, #2099, #1834 ) ;
#1695 = AXIS2_PLACEMENT_3D ( 'NONE', #588, #2601, #2516 ) ;
#1696 = PLANE ( 'NONE',  #1910 ) ;
#1697 = FACE_OUTER_BOUND ( 'NONE', #736, .T. ) ;
#1698 = ORIENTED_EDGE ( 'NONE', *, *, #3301, .F. ) ;
#1699 = EDGE_CURVE ( 'NONE', #2566, #1493, #2130, .T. ) ;
#1700 = ORIENTED_EDGE ( 'NONE', *, *, #1231, .T. ) ;
#1701 = DIRECTION ( 'NONE',  ( -1.224646799147353207E-16, 0.000000000000000000, -1.000000000000000000 ) ) ;
#1702 = ORIENTED_EDGE ( 'NONE', *, *, #204, .T. ) ;
#1703 = DIRECTION ( 'NONE',  ( 1.000000000000000000, 0.000000000000000000, -1.224646799147353207E-16 ) ) ;
#1704 = CYLINDRICAL_SURFACE ( 'NONE', #3357, 0.1250000000000000000 ) ;
#1705 = ORIENTED_EDGE ( 'NONE', *, *, #856, .F. ) ;
#1706 = DIRECTION ( 'NONE',  ( 1.000000000000000000, 0.000000000000000000, 0.000000000000000000 ) ) ;
#1707 = ORIENTED_EDGE ( 'NONE', *, *, #1770, .F. ) ;
#1708 = PRESENTATION_STYLE_ASSIGNMENT (( #2202 ) ) ;
#1709 = CARTESIAN_POINT ( 'NONE',  ( 0.8000000000000125899, -0.04500000000000001221, -0.2000000000000000944 ) ) ;
#1710 = DIRECTION ( 'NONE',  ( -0.000000000000000000, 1.000000000000000000, -0.000000000000000000 ) ) ;
#1711 = VERTEX_POINT ( 'NONE', #199 ) ;
#1712 = ORIENTED_EDGE ( 'NONE', *, *, #1124, .F. ) ;
#1713 = VECTOR ( 'NONE', #3270, 1000.000000000000000 ) ;
#1714 = DIRECTION ( 'NONE',  ( 1.000000000000000000, 0.000000000000000000, 0.000000000000000000 ) ) ;
#1715 = DIRECTION ( 'NONE',  ( 0.000000000000000000, 0.000000000000000000, -1.000000000000000000 ) ) ;
#1716 = AXIS2_PLACEMENT_3D ( 'NONE', #2251, #3348, #2024 ) ;
#1717 = ORIENTED_EDGE ( 'NONE', *, *, #1759, .T. ) ;
#1718 = CARTESIAN_POINT ( 'NONE',  ( -0.7999999999999876099, -0.04500000000000001221, -0.2000000000000000944 ) ) ;
#1719 = ORIENTED_EDGE ( 'NONE', *, *, #3413, .F. ) ;
#1720 = EDGE_CURVE ( 'NONE', #1343, #1154, #2584, .T. ) ;
#1721 = DIRECTION ( 'NONE',  ( -0.000000000000000000, 1.000000000000000000, -0.000000000000000000 ) ) ;
#1722 = CIRCLE ( 'NONE', #1107, 0.1250000000000000000 ) ;
#1723 = ADVANCED_FACE ( 'NONE', ( #2342 ), #1023, .T. ) ;
#1724 = CARTESIAN_POINT ( 'NONE',  ( -0.7999999999999917177, -0.04500000000000001221, 0.1999999999999999833 ) ) ;
#1725 = DIRECTION ( 'NONE',  ( 0.000000000000000000, 1.000000000000000000, 0.000000000000000000 ) ) ;
#1726 = CARTESIAN_POINT ( 'NONE',  ( 0.8000000000000208056, -0.04500000000000001221, -0.8750000000000000000 ) ) ;
#1727 = CIRCLE ( 'NONE', #365, 0.1250000000000000000 ) ;
#1728 = VERTEX_POINT ( 'NONE', #3200 ) ;
#1729 = ORIENTED_EDGE ( 'NONE', *, *, #2990, .F. ) ;
#1730 = CIRCLE ( 'NONE', #367, 0.1250000000000000000 ) ;
#1731 = FACE_OUTER_BOUND ( 'NONE', #2664, .T. ) ;
#1732 = CIRCLE ( 'NONE', #1058, 0.1250000000000001110 ) ;
#1733 = DIRECTION ( 'NONE',  ( 0.000000000000000000, 0.000000000000000000, -1.000000000000000000 ) ) ;
#1734 = AXIS2_PLACEMENT_3D ( 'NONE', #81, #1175, #1505 ) ;
#1735 = ORIENTED_EDGE ( 'NONE', *, *, #836, .T. ) ;
#1736 = DIRECTION ( 'NONE',  ( 1.000000000000000000, 0.000000000000000000, 0.000000000000000000 ) ) ;
#1737 = EDGE_LOOP ( 'NONE', ( #2545, #1823, #2473 ) ) ;
#1738 = DIRECTION ( 'NONE',  ( 0.000000000000000000, 0.000000000000000000, 1.000000000000000000 ) ) ;
#1739 = CIRCLE ( 'NONE', #2320, 0.1250000000000000000 ) ;
#1740 = ORIENTED_EDGE ( 'NONE', *, *, #874, .T. ) ;
#1741 = EDGE_CURVE ( 'NONE', #2716, #1711, #2360, .T. ) ;
#1742 = FACE_BOUND ( 'NONE', #1684, .T. ) ;
#1743 = CARTESIAN_POINT ( 'NONE',  ( 0.4000000000000041855, -0.04500000000000001221, 0.6000000000000000888 ) ) ;
#1744 = AXIS2_PLACEMENT_3D ( 'NONE', #2337, #977, #2065 ) ;
#1745 = CARTESIAN_POINT ( 'NONE',  ( -0.7999999999999959366, -0.1700000000000000122, 0.6000000000000000888 ) ) ;
#1746 = AXIS2_PLACEMENT_3D ( 'NONE', #591, #67, #2200 ) ;
#1747 = ADVANCED_FACE ( 'NONE', ( #162 ), #1863, .T. ) ;
#1748 = ORIENTED_EDGE ( 'NONE', *, *, #2713, .T. ) ;
#1749 = EDGE_LOOP ( 'NONE', ( #3229, #378 ) ) ;
#1750 = EDGE_CURVE ( 'NONE', #112, #1188, #2074, .T. ) ;
#1751 = FACE_OUTER_BOUND ( 'NONE', #93, .T. ) ;
#1752 = DIRECTION ( 'NONE',  ( 1.000000000000000000, 0.000000000000000000, 0.000000000000000000 ) ) ;
#1753 = EDGE_CURVE ( 'NONE', #68, #2796, #1665, .T. ) ;
#1754 = CARTESIAN_POINT ( 'NONE',  ( 0.4000000000000000777, -0.1700000000000000122, 1.125000000000000222 ) ) ;
#1755 = ORIENTED_EDGE ( 'NONE', *, *, #2766, .T. ) ;
#1756 = DIRECTION ( 'NONE',  ( 0.000000000000000000, 0.000000000000000000, -1.000000000000000000 ) ) ;
#1757 = ORIENTED_EDGE ( 'NONE', *, *, #1181, .F. ) ;
#1758 = DIRECTION ( 'NONE',  ( 0.000000000000000000, 0.000000000000000000, -1.000000000000000000 ) ) ;
#1759 = EDGE_CURVE ( 'NONE', #3456, #2642, #1780, .T. ) ;
#1760 = VERTEX_POINT ( 'NONE', #220 ) ;
#1761 = FACE_OUTER_BOUND ( 'NONE', #407, .T. ) ;
#1762 = LINE ( 'NONE', #1499, #2829 ) ;
#1763 = LINE ( 'NONE', #1297, #2420 ) ;
#1764 = EDGE_LOOP ( 'NONE', ( #2493, #3427, #691 ) ) ;
#1765 = EDGE_LOOP ( 'NONE', ( #2903, #340, #1702, #2461 ) ) ;
#1766 = DIRECTION ( 'NONE',  ( -0.000000000000000000, 1.000000000000000000, -0.000000000000000000 ) ) ;
#1767 = DIRECTION ( 'NONE',  ( 0.000000000000000000, -1.000000000000000000, 0.000000000000000000 ) ) ;
#1768 = LINE ( 'NONE', #2791, #508 ) ;
#1769 = AXIS2_PLACEMENT_3D ( 'NONE', #380, #2043, #1970 ) ;
#1770 = EDGE_CURVE ( 'NONE', #2646, #1840, #18, .T. ) ;
#1771 = CARTESIAN_POINT ( 'NONE',  ( 1.669671345627676828E-14, -0.1700000000000000122, -0.6000000000000000888 ) ) ;
#1772 = ADVANCED_FACE ( 'NONE', ( #1041 ), #2129, .T. ) ;
#1773 = AXIS2_PLACEMENT_3D ( 'NONE', #413, #2599, #3471 ) ;
#1774 = ORIENTED_EDGE ( 'NONE', *, *, #1206, .F. ) ;
#1775 = UNCERTAINTY_MEASURE_WITH_UNIT (LENGTH_MEASURE( 1.000000000000000082E-05 ), #3290, 'distance_accuracy_value', 'NONE');
#1776 = CARTESIAN_POINT ( 'NONE',  ( -0.3999999999999874767, -0.04500000000000001221, -0.2000000000000000944 ) ) ;
#1777 = EDGE_LOOP ( 'NONE', ( #2329, #2401, #1700, #50 ) ) ;
#1778 = VECTOR ( 'NONE', #1134, 1000.000000000000000 ) ;
#1779 = CARTESIAN_POINT ( 'NONE',  ( 2.081668171172168513E-14, -0.04500000000000001221, -1.000000000000000000 ) ) ;
#1780 = CIRCLE ( 'NONE', #3110, 0.1250000000000000000 ) ;
#1781 = EDGE_LOOP ( 'NONE', ( #3523, #2896, #1196, #1904 ) ) ;
#1782 = CARTESIAN_POINT ( 'NONE',  ( 8.348356728138384142E-15, 0.000000000000000000, 0.3250000000000000111 ) ) ;
#1783 = CARTESIAN_POINT ( 'NONE',  ( 1.246832498358330099E-14, 0.000000000000000000, -0.2000000000000000944 ) ) ;
#1784 = DIRECTION ( 'NONE',  ( 0.000000000000000000, -1.000000000000000000, 0.000000000000000000 ) ) ;
#1785 = ORIENTED_EDGE ( 'NONE', *, *, #533, .F. ) ;
#1786 = VERTEX_POINT ( 'NONE', #2928 ) ;
#1787 = CARTESIAN_POINT ( 'NONE',  ( -0.7999999999999959366, -0.04500000000000001221, 0.6000000000000000888 ) ) ;
#1788 = AXIS2_PLACEMENT_3D ( 'NONE', #3420, #3370, #3400 ) ;
#1789 = FACE_OUTER_BOUND ( 'NONE', #144, .T. ) ;
#1790 = DIRECTION ( 'NONE',  ( -1.000000000000000000, -0.000000000000000000, -0.000000000000000000 ) ) ;
#1791 = EDGE_CURVE ( 'NONE', #1059, #3532, #2470, .T. ) ;
#1792 = CIRCLE ( 'NONE', #314, 0.1250000000000000000 ) ;
#1793 = DIRECTION ( 'NONE',  ( -0.000000000000000000, 1.000000000000000000, -0.000000000000000000 ) ) ;
#1794 = DIRECTION ( 'NONE',  ( -1.000000000000000000, -0.000000000000000000, -0.000000000000000000 ) ) ;
#1795 = ORIENTED_EDGE ( 'NONE', *, *, #1699, .F. ) ;
#1796 = CYLINDRICAL_SURFACE ( 'NONE', #1243, 0.1250000000000000000 ) ;
#1797 = VERTEX_POINT ( 'NONE', #2614 ) ;
#1798 = STYLED_ITEM ( 'NONE', ( #840 ), #2981 ) ;
#1799 = APPLICATION_CONTEXT ( 'automotive_design' ) ;
#1800 = CARTESIAN_POINT ( 'NONE',  ( 8.348356728138384142E-15, -0.1700000000000000122, 0.3250000000000000111 ) ) ;
#1801 = AXIS2_PLACEMENT_3D ( 'NONE', #48, #33, #868 ) ;
#1802 = ORIENTED_EDGE ( 'NONE', *, *, #57, .F. ) ;
#1803 = EDGE_CURVE ( 'NONE', #1541, #1470, #1256, .T. ) ;
#1804 = EDGE_CURVE ( 'NONE', #1311, #316, #719, .T. ) ;
#1805 = FACE_BOUND ( 'NONE', #1372, .T. ) ;
#1806 = DIRECTION ( 'NONE',  ( -1.000000000000000000, -0.000000000000000000, -0.000000000000000000 ) ) ;
#1807 = ORIENTED_EDGE ( 'NONE', *, *, #2476, .T. ) ;
#1808 = ORIENTED_EDGE ( 'NONE', *, *, #3207, .T. ) ;
#1809 = AXIS2_PLACEMENT_3D ( 'NONE', #974, #3147, #1715 ) ;
#1810 = DIRECTION ( 'NONE',  ( 0.000000000000000000, -1.000000000000000000, 0.000000000000000000 ) ) ;
#1811 = CARTESIAN_POINT ( 'NONE',  ( 0.8000000000000208056, 0.000000000000000000, -0.8750000000000000000 ) ) ;
#1812 = MECHANICAL_DESIGN_GEOMETRIC_PRESENTATION_REPRESENTATION (  '', ( #1132 ), #732 ) ;
#1813 = DIRECTION ( 'NONE',  ( 0.000000000000000000, 0.000000000000000000, 1.000000000000000000 ) ) ;
#1814 = ADVANCED_FACE ( 'NONE', ( #1381 ), #842, .T. ) ;
#1815 = EDGE_CURVE ( 'NONE', #1385, #1816, #1383, .T. ) ;
#1816 = VERTEX_POINT ( 'NONE', #306 ) ;
#1817 = AXIS2_PLACEMENT_3D ( 'NONE', #3500, #1378, #1328 ) ;
#1818 = DIRECTION ( 'NONE',  ( 0.000000000000000000, -1.000000000000000000, 0.000000000000000000 ) ) ;
#1819 = DIRECTION ( 'NONE',  ( 0.000000000000000000, 0.000000000000000000, 1.000000000000000000 ) ) ;
#1820 = UNCERTAINTY_MEASURE_WITH_UNIT (LENGTH_MEASURE( 1.000000000000000082E-05 ), #2926, 'distance_accuracy_value', 'NONE');
#1821 = ADVANCED_FACE ( 'NONE', ( #527 ), #2185, .T. ) ;
#1822 = DIRECTION ( 'NONE',  ( -0.000000000000000000, 1.000000000000000000, -0.000000000000000000 ) ) ;
#1823 = ORIENTED_EDGE ( 'NONE', *, *, #781, .T. ) ;
#1824 = CARTESIAN_POINT ( 'NONE',  ( 2.081668171172168513E-14, -0.04500000000000001221, -1.000000000000000000 ) ) ;
#1825 = VERTEX_POINT ( 'NONE', #1942 ) ;
#1826 = PRESENTATION_STYLE_ASSIGNMENT (( #2647 ) ) ;
#1827 = DIRECTION ( 'NONE',  ( -0.000000000000000000, 1.000000000000000000, -0.000000000000000000 ) ) ;
#1828 = DIRECTION ( 'NONE',  ( 0.000000000000000000, 0.000000000000000000, 1.000000000000000000 ) ) ;
#1829 = VERTEX_POINT ( 'NONE', #1675 ) ;
#1830 = ORIENTED_EDGE ( 'NONE', *, *, #1017, .T. ) ;
#1831 = FACE_OUTER_BOUND ( 'NONE', #3496, .T. ) ;
#1832 = FACE_OUTER_BOUND ( 'NONE', #138, .T. ) ;
#1833 = VERTEX_POINT ( 'NONE', #1881 ) ;
#1834 = DIRECTION ( 'NONE',  ( 0.000000000000000000, 0.000000000000000000, 1.000000000000000000 ) ) ;
#1835 = DIRECTION ( 'NONE',  ( -0.000000000000000000, 1.000000000000000000, -0.000000000000000000 ) ) ;
#1836 = ORIENTED_EDGE ( 'NONE', *, *, #2144, .F. ) ;
#1837 = CARTESIAN_POINT ( 'NONE',  ( 0.4000000000000126232, 0.000000000000000000, -0.2000000000000000944 ) ) ;
#1838 = AXIS2_PLACEMENT_3D ( 'NONE', #1367, #594, #560 ) ;
#1839 = DIRECTION ( 'NONE',  ( 0.000000000000000000, 0.000000000000000000, 1.000000000000000000 ) ) ;
#1840 = VERTEX_POINT ( 'NONE', #20 ) ;
#1841 = CIRCLE ( 'NONE', #534, 0.1250000000000000000 ) ;
#1842 = EDGE_CURVE ( 'NONE', #370, #1293, #798, .T. ) ;
#1843 = ADVANCED_FACE ( 'NONE', ( #1057 ), #1929, .T. ) ;
#1844 =( NAMED_UNIT ( * ) PLANE_ANGLE_UNIT ( ) SI_UNIT ( $, .RADIAN. ) );
#1845 = CARTESIAN_POINT ( 'NONE',  ( -0.7999999999999833911, -0.1700000000000000122, -0.6000000000000000888 ) ) ;
#1846 = AXIS2_PLACEMENT_3D ( 'NONE', #235, #3520, #1518 ) ;
#1847 = ORIENTED_EDGE ( 'NONE', *, *, #1842, .F. ) ;
#1848 = DIRECTION ( 'NONE',  ( 1.000000000000000000, 0.000000000000000000, 0.000000000000000000 ) ) ;
#1849 = CARTESIAN_POINT ( 'NONE',  ( 0.8000000000000082601, -0.04500000000000001221, 0.1999999999999999833 ) ) ;
#1850 = VERTEX_POINT ( 'NONE', #1417 ) ;
#1851 = CARTESIAN_POINT ( 'NONE',  ( 2.081668171172168513E-14, 0.000000000000000000, -1.000000000000000000 ) ) ;
#1852 = DIRECTION ( 'NONE',  ( 0.000000000000000000, 0.000000000000000000, -1.000000000000000000 ) ) ;
#1853 = CIRCLE ( 'NONE', #3240, 0.1250000000000000000 ) ;
#1854 = CARTESIAN_POINT ( 'NONE',  ( -0.7999999999999917177, -0.1700000000000000122, 0.07499999999999998335 ) ) ;
#1855 = ORIENTED_EDGE ( 'NONE', *, *, #3167, .F. ) ;
#1856 = DIRECTION ( 'NONE',  ( -0.000000000000000000, 1.000000000000000000, -0.000000000000000000 ) ) ;
#1857 = AXIS2_PLACEMENT_3D ( 'NONE', #1783, #738, #2648 ) ;
#1858 = CYLINDRICAL_SURFACE ( 'NONE', #196, 0.1250000000000000000 ) ;
#1859 = SPHERICAL_SURFACE ( 'NONE', #899, 0.1250000000000000000 ) ;
#1860 = AXIS2_PLACEMENT_3D ( 'NONE', #1296, #1517, #1538 ) ;
#1861 = VERTEX_POINT ( 'NONE', #2777 ) ;
#1862 = DIRECTION ( 'NONE',  ( 0.000000000000000000, -1.000000000000000000, 0.000000000000000000 ) ) ;
#1863 = CYLINDRICAL_SURFACE ( 'NONE', #1561, 0.1250000000000000000 ) ;
#1864 = ORIENTED_EDGE ( 'NONE', *, *, #3139, .T. ) ;
#1865 = ADVANCED_FACE ( 'NONE', ( #325 ), #2706, .T. ) ;
#1866 = CARTESIAN_POINT ( 'NONE',  ( 1.669671345627676828E-14, 0.000000000000000000, -0.6000000000000000888 ) ) ;
#1867 = LINE ( 'NONE', #187, #2468 ) ;
#1868 = EDGE_CURVE ( 'NONE', #2570, #3007, #1641, .T. ) ;
#1869 = ORIENTED_EDGE ( 'NONE', *, *, #1842, .T. ) ;
#1870 = CIRCLE ( 'NONE', #2673, 0.1250000000000000000 ) ;
#1871 = AXIS2_PLACEMENT_3D ( 'NONE', #315, #2194, #1666 ) ;
#1872 = DIRECTION ( 'NONE',  ( 0.000000000000000000, 0.000000000000000000, 1.000000000000000000 ) ) ;
#1873 = CYLINDRICAL_SURFACE ( 'NONE', #41, 0.1250000000000000000 ) ;
#1874 = VECTOR ( 'NONE', #2312, 1000.000000000000000 ) ;
#1875 = ORIENTED_EDGE ( 'NONE', *, *, #1554, .T. ) ;
#1876 = CARTESIAN_POINT ( 'NONE',  ( 0.8000000000000208056, -0.04500000000000001221, -1.125000000000000222 ) ) ;
#1877 = CARTESIAN_POINT ( 'NONE',  ( 0.8000000000000000444, 0.000000000000000000, 1.000000000000000000 ) ) ;
#1878 = DIRECTION ( 'NONE',  ( 0.000000000000000000, 0.000000000000000000, 1.000000000000000000 ) ) ;
#1879 = ORIENTED_EDGE ( 'NONE', *, *, #1040, .F. ) ;
#1880 = DIRECTION ( 'NONE',  ( 1.000000000000000000, 0.000000000000000000, 0.000000000000000000 ) ) ;
#1881 = CARTESIAN_POINT ( 'NONE',  ( -1.116500000000000270, 0.3299999999999999600, 1.159999999999999920 ) ) ;
#1882 = EDGE_CURVE ( 'NONE', #1059, #2021, #1269, .T. ) ;
#1883 = CARTESIAN_POINT ( 'NONE',  ( -0.7999999999999959366, -0.04500000000000001221, 0.7250000000000000888 ) ) ;
#1884 = CARTESIAN_POINT ( 'NONE',  ( -0.7999999999999959366, -0.04500000000000001221, 0.6000000000000000888 ) ) ;
#1885 = VERTEX_POINT ( 'NONE', #254 ) ;
#1886 = CARTESIAN_POINT ( 'NONE',  ( -0.7999999999999791722, -0.1700000000000000122, -1.000000000000000000 ) ) ;
#1887 = EDGE_CURVE ( 'NONE', #1829, #1154, #1895, .T. ) ;
#1888 = CARTESIAN_POINT ( 'NONE',  ( 0.4000000000000041855, -0.1700000000000000122, 0.7250000000000000888 ) ) ;
#1889 = ORIENTED_EDGE ( 'NONE', *, *, #1286, .F. ) ;
#1890 = DIRECTION ( 'NONE',  ( 0.000000000000000000, 0.000000000000000000, -1.000000000000000000 ) ) ;
#1891 = EDGE_CURVE ( 'NONE', #2993, #2570, #3000, .T. ) ;
#1892 = DIRECTION ( 'NONE',  ( 0.000000000000000000, 0.000000000000000000, 1.000000000000000000 ) ) ;
#1893 = CARTESIAN_POINT ( 'NONE',  ( -0.4000000000000000222, -0.04500000000000001221, 1.000000000000000000 ) ) ;
#1894 = ORIENTED_EDGE ( 'NONE', *, *, #1944, .T. ) ;
#1895 = CIRCLE ( 'NONE', #183, 0.1250000000000001110 ) ;
#1896 = DIRECTION ( 'NONE',  ( 0.000000000000000000, 0.000000000000000000, 1.000000000000000000 ) ) ;
#1897 = DIRECTION ( 'NONE',  ( -1.000000000000000000, -0.000000000000000000, -0.000000000000000000 ) ) ;
#1898 = VECTOR ( 'NONE', #1006, 1000.000000000000000 ) ;
#1899 = CARTESIAN_POINT ( 'NONE',  ( 0.4000000000000208944, -0.1700000000000000122, -1.000000000000000000 ) ) ;
#1900 = CARTESIAN_POINT ( 'NONE',  ( 1.669671345627676828E-14, -0.04500000000000001221, -0.6000000000000000888 ) ) ;
#1901 = ORIENTED_EDGE ( 'NONE', *, *, #2170, .T. ) ;
#1902 = CYLINDRICAL_SURFACE ( 'NONE', #2991, 0.1250000000000000000 ) ;
#1903 = ADVANCED_FACE ( 'NONE', ( #2757 ), #1130, .T. ) ;
#1904 = ORIENTED_EDGE ( 'NONE', *, *, #3243, .T. ) ;
#1905 = CARTESIAN_POINT ( 'NONE',  ( 0.4000000000000000777, -0.04500000000000001221, 1.000000000000000000 ) ) ;
#1906 = DIRECTION ( 'NONE',  ( 0.000000000000000000, 0.000000000000000000, -1.000000000000000000 ) ) ;
#1907 = DIRECTION ( 'NONE',  ( 0.000000000000000000, -1.000000000000000000, 0.000000000000000000 ) ) ;
#1908 = AXIS2_PLACEMENT_3D ( 'NONE', #1877, #2667, #3515 ) ;
#1909 = ADVANCED_FACE ( 'NONE', ( #269 ), #857, .T. ) ;
#1910 = AXIS2_PLACEMENT_3D ( 'NONE', #858, #1725, #2559 ) ;
#1911 = CARTESIAN_POINT ( 'NONE',  ( 0.8000000000000082601, -0.1700000000000000122, 0.1999999999999999833 ) ) ;
#1912 = AXIS2_PLACEMENT_3D ( 'NONE', #3217, #1039, #1316 ) ;
#1913 = ADVANCED_FACE ( 'NONE', ( #825 ), #2223, .T. ) ;
#1914 = ADVANCED_FACE ( 'NONE', ( #54 ), #877, .T. ) ;
#1915 = CARTESIAN_POINT ( 'NONE',  ( -0.3999999999999916955, -0.04500000000000001221, 0.3250000000000000111 ) ) ;
#1916 = DIRECTION ( 'NONE',  ( -1.000000000000000000, -0.000000000000000000, -0.000000000000000000 ) ) ;
#1917 = AXIS2_PLACEMENT_3D ( 'NONE', #2384, #702, #906 ) ;
#1918 = EDGE_LOOP ( 'NONE', ( #3154, #1540 ) ) ;
#1919 = FACE_OUTER_BOUND ( 'NONE', #91, .T. ) ;
#1920 = ADVANCED_FACE ( 'NONE', ( #2228 ), #3004, .T. ) ;
#1921 = CARTESIAN_POINT ( 'NONE',  ( 0.4000000000000126232, -0.04500000000000001221, -0.2000000000000000944 ) ) ;
#1922 = EDGE_LOOP ( 'NONE', ( #3469, #2794 ) ) ;
#1923 = CARTESIAN_POINT ( 'NONE',  ( -0.7999999999999959366, -0.1700000000000000122, 0.6000000000000000888 ) ) ;
#1924 = CARTESIAN_POINT ( 'NONE',  ( -0.3999999999999958589, 0.000000000000000000, 0.6000000000000000888 ) ) ;
#1925 = ADVANCED_FACE ( 'NONE', ( #583 ), #1066, .T. ) ;
#1926 = CIRCLE ( 'NONE', #2732, 0.1250000000000000000 ) ;
#1927 = DIRECTION ( 'NONE',  ( -0.000000000000000000, 1.000000000000000000, -0.000000000000000000 ) ) ;
#1928 = DIRECTION ( 'NONE',  ( -0.000000000000000000, 1.000000000000000000, -0.000000000000000000 ) ) ;
#1929 = SPHERICAL_SURFACE ( 'NONE', #3385, 0.1250000000000000000 ) ;
#1930 = DIRECTION ( 'NONE',  ( -1.000000000000000000, -0.000000000000000000, -0.000000000000000000 ) ) ;
#1931 = CARTESIAN_POINT ( 'NONE',  ( 0.8000000000000041522, -0.1700000000000000122, 0.6000000000000000888 ) ) ;
#1932 = ORIENTED_EDGE ( 'NONE', *, *, #267, .F. ) ;
#1933 = VERTEX_POINT ( 'NONE', #1886 ) ;
#1934 = DIRECTION ( 'NONE',  ( 0.000000000000000000, 0.000000000000000000, 1.000000000000000000 ) ) ;
#1935 = ORIENTED_EDGE ( 'NONE', *, *, #1096, .F. ) ;
#1936 = FACE_OUTER_BOUND ( 'NONE', #1390, .T. ) ;
#1937 = DIRECTION ( 'NONE',  ( 0.000000000000000000, 0.000000000000000000, -1.000000000000000000 ) ) ;
#1938 = DIRECTION ( 'NONE',  ( -0.000000000000000000, -0.000000000000000000, 1.000000000000000000 ) ) ;
#1939 = ORIENTED_EDGE ( 'NONE', *, *, #1298, .F. ) ;
#1940 = DIRECTION ( 'NONE',  ( -1.224646799147473755E-16, 0.000000000000000000, -1.000000000000000000 ) ) ;
#1941 = DIRECTION ( 'NONE',  ( 0.000000000000000000, 0.000000000000000000, 1.000000000000000000 ) ) ;
#1942 = CARTESIAN_POINT ( 'NONE',  ( 0.4000000000000126232, 0.000000000000000000, -0.3250000000000000666 ) ) ;
#1943 = AXIS2_PLACEMENT_3D ( 'NONE', #2238, #1097, #1387 ) ;
#1944 = EDGE_CURVE ( 'NONE', #2361, #531, #3103, .T. ) ;
#1945 = DIRECTION ( 'NONE',  ( 0.000000000000000000, -1.000000000000000000, 0.000000000000000000 ) ) ;
#1946 = AXIS2_PLACEMENT_3D ( 'NONE', #3430, #1848, #451 ) ;
#1947 = FACE_OUTER_BOUND ( 'NONE', #1043, .T. ) ;
#1948 = ORIENTED_EDGE ( 'NONE', *, *, #771, .F. ) ;
#1949 = ORIENTED_EDGE ( 'NONE', *, *, #3095, .F. ) ;
#1950 = CIRCLE ( 'NONE', #1716, 0.1250000000000000000 ) ;
#1951 = DIRECTION ( 'NONE',  ( -0.000000000000000000, 1.000000000000000000, -0.000000000000000000 ) ) ;
#1952 = CIRCLE ( 'NONE', #1212, 0.1250000000000000000 ) ;
#1953 = ORIENTED_EDGE ( 'NONE', *, *, #2827, .T. ) ;
#1954 = ADVANCED_FACE ( 'NONE', ( #2765 ), #1902, .T. ) ;
#1955 = DIRECTION ( 'NONE',  ( 0.000000000000000000, 0.000000000000000000, 1.000000000000000000 ) ) ;
#1956 = CARTESIAN_POINT ( 'NONE',  ( 0.8000000000000125899, -0.04500000000000001221, -0.2000000000000000944 ) ) ;
#1957 = DIRECTION ( 'NONE',  ( 0.000000000000000000, 0.000000000000000000, 1.000000000000000000 ) ) ;
#1958 = VERTEX_POINT ( 'NONE', #567 ) ;
#1959 = CYLINDRICAL_SURFACE ( 'NONE', #3078, 0.1250000000000000000 ) ;
#1960 = ORIENTED_EDGE ( 'NONE', *, *, #1440, .T. ) ;
#1961 = VECTOR ( 'NONE', #593, 1000.000000000000000 ) ;
#1962 = DIRECTION ( 'NONE',  ( 0.000000000000000000, 0.000000000000000000, 1.000000000000000000 ) ) ;
#1963 = AXIS2_PLACEMENT_3D ( 'NONE', #2507, #1945, #665 ) ;
#1964 = FACE_OUTER_BOUND ( 'NONE', #2610, .T. ) ;
#1965 = AXIS2_PLACEMENT_3D ( 'NONE', #2593, #3156, #2612 ) ;
#1966 = FACE_OUTER_BOUND ( 'NONE', #2422, .T. ) ;
#1967 = ADVANCED_FACE ( 'NONE', ( #312 ), #1633, .T. ) ;
#1968 = EDGE_LOOP ( 'NONE', ( #294, #1960, #42, #2398 ) ) ;
#1969 = ORIENTED_EDGE ( 'NONE', *, *, #1440, .F. ) ;
#1970 = DIRECTION ( 'NONE',  ( 0.000000000000000000, 0.000000000000000000, 1.000000000000000000 ) ) ;
#1971 = AXIS2_PLACEMENT_3D ( 'NONE', #283, #300, #1393 ) ;
#1972 = ORIENTED_EDGE ( 'NONE', *, *, #735, .F. ) ;
#1973 = DIRECTION ( 'NONE',  ( 0.000000000000000000, 1.000000000000000000, 0.000000000000000000 ) ) ;
#1974 = CARTESIAN_POINT ( 'NONE',  ( 0.4000000000000167866, 0.000000000000000000, -0.6000000000000000888 ) ) ;
#1975 = ORIENTED_EDGE ( 'NONE', *, *, #497, .F. ) ;
#1976 = CARTESIAN_POINT ( 'NONE',  ( -0.7999999999999917177, 0.000000000000000000, 0.1999999999999999833 ) ) ;
#1977 = ORIENTED_EDGE ( 'NONE', *, *, #3257, .T. ) ;
#1978 = AXIS2_PLACEMENT_3D ( 'NONE', #1771, #2026, #128 ) ;
#1979 =( NAMED_UNIT ( * ) PLANE_ANGLE_UNIT ( ) SI_UNIT ( $, .RADIAN. ) );
#1980 = AXIS2_PLACEMENT_3D ( 'NONE', #3233, #1034, #284 ) ;
#1981 = AXIS2_PLACEMENT_3D ( 'NONE', #2317, #711, #690 ) ;
#1982 = AXIS2_PLACEMENT_3D ( 'NONE', #1687, #1752, #2854 ) ;
#1983 = DIRECTION ( 'NONE',  ( -0.000000000000000000, -1.000000000000000000, -0.000000000000000000 ) ) ;
#1984 = DIRECTION ( 'NONE',  ( 0.000000000000000000, 0.000000000000000000, 1.000000000000000000 ) ) ;
#1985 = VERTEX_POINT ( 'NONE', #2159 ) ;
#1986 = VERTEX_POINT ( 'NONE', #2491 ) ;
#1987 = DIRECTION ( 'NONE',  ( 0.000000000000000000, 0.000000000000000000, -1.000000000000000000 ) ) ;
#1988 = DIRECTION ( 'NONE',  ( -0.000000000000000000, 1.000000000000000000, -0.000000000000000000 ) ) ;
#1989 = CARTESIAN_POINT ( 'NONE',  ( 0.4000000000000126232, -0.1700000000000000122, -0.2000000000000000944 ) ) ;
#1990 = VERTEX_POINT ( 'NONE', #2475 ) ;
#1991 = PRODUCT_DEFINITION_CONTEXT ( 'detailed design', #1799, 'design' ) ;
#1992 = SPHERICAL_SURFACE ( 'NONE', #2788, 0.1250000000000000000 ) ;
#1993 = ORIENTED_EDGE ( 'NONE', *, *, #2263, .F. ) ;
#1994 = ADVANCED_FACE ( 'NONE', ( #3529 ), #45, .T. ) ;
#1995 = DIRECTION ( 'NONE',  ( -0.000000000000000000, 1.000000000000000000, -0.000000000000000000 ) ) ;
#1996 = FACE_BOUND ( 'NONE', #987, .T. ) ;
#1997 = CARTESIAN_POINT ( 'NONE',  ( -1.116500000000000270, 0.3299999999999999600, 1.159999999999999920 ) ) ;
#1998 = CARTESIAN_POINT ( 'NONE',  ( 4.119968255444916849E-15, -0.1700000000000000122, 0.6000000000000000888 ) ) ;
#1999 = VECTOR ( 'NONE', #1344, 1000.000000000000000 ) ;
#2000 = VERTEX_POINT ( 'NONE', #1116 ) ;
#2001 = ORIENTED_EDGE ( 'NONE', *, *, #2176, .F. ) ;
#2002 = AXIS2_PLACEMENT_3D ( 'NONE', #3274, #817, #2731 ) ;
#2003 = DIRECTION ( 'NONE',  ( -0.000000000000000000, 1.000000000000000000, -0.000000000000000000 ) ) ;
#2004 = AXIS2_PLACEMENT_3D ( 'NONE', #223, #1546, #3260 ) ;
#2005 = CARTESIAN_POINT ( 'NONE',  ( 0.4000000000000126232, -0.04500000000000001221, -0.07500000000000009437 ) ) ;
#2006 = AXIS2_PLACEMENT_3D ( 'NONE', #3359, #376, #3071 ) ;
#2007 = ORIENTED_EDGE ( 'NONE', *, *, #2078, .T. ) ;
#2008 = CARTESIAN_POINT ( 'NONE',  ( 0.4000000000000208944, 0.000000000000000000, -1.125000000000000222 ) ) ;
#2009 = ORIENTED_EDGE ( 'NONE', *, *, #2416, .T. ) ;
#2010 = CARTESIAN_POINT ( 'NONE',  ( 0.4000000000000041855, -0.04500000000000001221, 0.6000000000000000888 ) ) ;
#2011 = EDGE_CURVE ( 'NONE', #531, #3324, #296, .T. ) ;
#2012 = AXIS2_PLACEMENT_3D ( 'NONE', #3265, #1856, #265 ) ;
#2013 = ADVANCED_FACE ( 'NONE', ( #3288 ), #532, .T. ) ;
#2014 = EDGE_LOOP ( 'NONE', ( #1948, #3264 ) ) ;
#2015 = EDGE_CURVE ( 'NONE', #1059, #2343, #1083, .T. ) ;
#2016 = DIRECTION ( 'NONE',  ( 0.000000000000000000, 0.000000000000000000, -1.000000000000000000 ) ) ;
#2017 = CARTESIAN_POINT ( 'NONE',  ( 1.669671345627676828E-14, 0.000000000000000000, -0.6000000000000000888 ) ) ;
#2018 = CYLINDRICAL_SURFACE ( 'NONE', #3227, 0.1250000000000000000 ) ;
#2019 = CIRCLE ( 'NONE', #2149, 0.1250000000000000000 ) ;
#2020 = ORIENTED_EDGE ( 'NONE', *, *, #954, .T. ) ;
#2021 = VERTEX_POINT ( 'NONE', #3022 ) ;
#2022 = AXIS2_PLACEMENT_3D ( 'NONE', #483, #718, #140 ) ;
#2023 = CARTESIAN_POINT ( 'NONE',  ( -0.3999999999999792055, 0.000000000000000000, -1.125000000000000222 ) ) ;
#2024 = DIRECTION ( 'NONE',  ( 0.000000000000000000, 0.000000000000000000, -1.000000000000000000 ) ) ;
#2025 = AXIS2_PLACEMENT_3D ( 'NONE', #1588, #476, #3509 ) ;
#2026 = DIRECTION ( 'NONE',  ( -0.000000000000000000, 1.000000000000000000, -0.000000000000000000 ) ) ;
#2027 = STYLED_ITEM ( 'NONE', ( #2421 ), #2138 ) ;
#2028 = ADVANCED_FACE ( 'NONE', ( #1919 ), #2174, .T. ) ;
#2029 = ORIENTED_EDGE ( 'NONE', *, *, #240, .F. ) ;
#2030 = LINE ( 'NONE', #3436, #2613 ) ;
#2031 = ORIENTED_EDGE ( 'NONE', *, *, #381, .T. ) ;
#2032 = CARTESIAN_POINT ( 'NONE',  ( 0.4000000000000208944, 0.000000000000000000, -0.8750000000000000000 ) ) ;
#2033 = CIRCLE ( 'NONE', #2786, 0.1250000000000000000 ) ;
#2034 = ORIENTED_EDGE ( 'NONE', *, *, #2660, .F. ) ;
#2035 = CARTESIAN_POINT ( 'NONE',  ( 0.4000000000000082934, -0.04500000000000001221, 0.1999999999999999833 ) ) ;
#2036 = CIRCLE ( 'NONE', #3080, 0.1250000000000000000 ) ;
#2037 = CARTESIAN_POINT ( 'NONE',  ( 4.135276340434258743E-15, -0.04500000000000001221, 0.4750000000000000333 ) ) ;
#2038 = ADVANCED_FACE ( 'NONE', ( #2460 ), #3309, .T. ) ;
#2039 = AXIS2_PLACEMENT_3D ( 'NONE', #1893, #2499, #415 ) ;
#2040 = ORIENTED_EDGE ( 'NONE', *, *, #1368, .F. ) ;
#2042 = EDGE_CURVE ( 'NONE', #3437, #175, #2118, .T. ) ;
#2041 = ORIENTED_EDGE ( 'NONE', *, *, #2781, .T. ) ;
#2043 = DIRECTION ( 'NONE',  ( -0.000000000000000000, 1.000000000000000000, -0.000000000000000000 ) ) ;
#2044 = CARTESIAN_POINT ( 'NONE',  ( 0.8000000000000208056, 0.000000000000000000, -1.125000000000000222 ) ) ;
#2045 = FACE_OUTER_BOUND ( 'NONE', #1765, .T. ) ;
#2046 = VERTEX_POINT ( 'NONE', #60 ) ;
#2047 = CARTESIAN_POINT ( 'NONE',  ( 0.4000000000000208944, -0.04500000000000001221, -1.000000000000000000 ) ) ;
#2048 = ORIENTED_EDGE ( 'NONE', *, *, #3035, .T. ) ;
#2049 = CYLINDRICAL_SURFACE ( 'NONE', #2307, 0.1250000000000000000 ) ;
#2050 = EDGE_LOOP ( 'NONE', ( #733, #1932, #1315 ) ) ;
#2051 = FACE_BOUND ( 'NONE', #1005, .T. ) ;
#2052 = CARTESIAN_POINT ( 'NONE',  ( 1.248363306857264288E-14, -0.04500000000000001221, -0.3250000000000000666 ) ) ;
#2053 = CARTESIAN_POINT ( 'NONE',  ( 0.8000000000000041522, -0.04500000000000001221, 0.6000000000000000888 ) ) ;
#2054 = EDGE_LOOP ( 'NONE', ( #1836, #2836, #1144 ) ) ;
#2055 = ORIENTED_EDGE ( 'NONE', *, *, #2766, .F. ) ;
#2056 = SPHERICAL_SURFACE ( 'NONE', #1946, 0.1250000000000000000 ) ;
#2057 = DIRECTION ( 'NONE',  ( 0.000000000000000000, 0.000000000000000000, 1.000000000000000000 ) ) ;
#2058 = CARTESIAN_POINT ( 'NONE',  ( 0.8000000000000166978, 0.000000000000000000, -0.6000000000000000888 ) ) ;
#2059 = AXIS2_PLACEMENT_3D ( 'NONE', #1170, #2311, #1987 ) ;
#2060 = CARTESIAN_POINT ( 'NONE',  ( -0.4000000000000000222, 0.000000000000000000, 1.125000000000000222 ) ) ;
#2061 = EDGE_CURVE ( 'NONE', #1985, #3437, #1609, .T. ) ;
#2062 = CARTESIAN_POINT ( 'NONE',  ( -0.3999999999999833689, 0.000000000000000000, -0.6000000000000000888 ) ) ;
#2063 = ORIENTED_EDGE ( 'NONE', *, *, #1247, .T. ) ;
#2064 = ADVANCED_FACE ( 'NONE', ( #107 ), #920, .T. ) ;
#2065 = DIRECTION ( 'NONE',  ( 0.000000000000000000, 0.000000000000000000, 1.000000000000000000 ) ) ;
#2066 = ORIENTED_EDGE ( 'NONE', *, *, #113, .T. ) ;
#2067 = AXIS2_PLACEMENT_3D ( 'NONE', #2325, #119, #3372 ) ;
#2068 = DIRECTION ( 'NONE',  ( 0.000000000000000000, -1.000000000000000000, 0.000000000000000000 ) ) ;
#2069 = ORIENTED_EDGE ( 'NONE', *, *, #3535, .F. ) ;
#2070 = DIRECTION ( 'NONE',  ( 0.000000000000000000, -1.000000000000000000, 0.000000000000000000 ) ) ;
#2071 =( NAMED_UNIT ( * ) SI_UNIT ( $, .STERADIAN. ) SOLID_ANGLE_UNIT ( ) );
#2072 = EDGE_CURVE ( 'NONE', #633, #1786, #1484, .T. ) ;
#2073 = AXIS2_PLACEMENT_3D ( 'NONE', #3213, #3008, #806 ) ;
#2074 = LINE ( 'NONE', #448, #2760 ) ;
#2075 = ORIENTED_EDGE ( 'NONE', *, *, #2390, .F. ) ;
#2076 = ORIENTED_EDGE ( 'NONE', *, *, #3012, .F. ) ;
#2077 = CIRCLE ( 'NONE', #544, 0.1250000000000000000 ) ;
#2078 = EDGE_CURVE ( 'NONE', #2361, #2134, #885, .T. ) ;
#2079 = CARTESIAN_POINT ( 'NONE',  ( -0.3999999999999833689, -0.04500000000000001221, -0.6000000000000000888 ) ) ;
#2080 = ORIENTED_EDGE ( 'NONE', *, *, #2827, .F. ) ;
#2081 = CIRCLE ( 'NONE', #3402, 0.1250000000000000000 ) ;
#2082 = DIRECTION ( 'NONE',  ( 0.000000000000000000, -1.000000000000000000, 0.000000000000000000 ) ) ;
#2083 = CIRCLE ( 'NONE', #3293, 0.1250000000000000000 ) ;
#2084 = FACE_OUTER_BOUND ( 'NONE', #1737, .T. ) ;
#2085 = ORIENTED_EDGE ( 'NONE', *, *, #3426, .F. ) ;
#2086 = CARTESIAN_POINT ( 'NONE',  ( 1.530808498934191509E-17, 0.000000000000000000, 0.8750000000000000000 ) ) ;
#2087 = AXIS2_PLACEMENT_3D ( 'NONE', #1989, #1441, #2057 ) ;
#2088 = ORIENTED_EDGE ( 'NONE', *, *, #12, .T. ) ;
#2089 = FILL_AREA_STYLE ('',( #252 ) ) ;
#2090 = CARTESIAN_POINT ( 'NONE',  ( 0.4000000000000208944, -0.04500000000000001221, -1.000000000000000000 ) ) ;
#2091 = DIRECTION ( 'NONE',  ( -1.000000000000000000, -0.000000000000000000, -0.000000000000000000 ) ) ;
#2092 = SURFACE_STYLE_USAGE ( .BOTH. , #758 ) ;
#2093 = VERTEX_POINT ( 'NONE', #2023 ) ;
#2094 = ORIENTED_EDGE ( 'NONE', *, *, #462, .T. ) ;
#2095 = CIRCLE ( 'NONE', #2268, 0.1250000000000000000 ) ;
#2096 = CARTESIAN_POINT ( 'NONE',  ( -0.3999999999999833689, -0.04500000000000001221, -0.6000000000000000888 ) ) ;
#2097 = VECTOR ( 'NONE', #1822, 1000.000000000000000 ) ;
#2098 = ORIENTED_EDGE ( 'NONE', *, *, #290, .F. ) ;
#2099 = DIRECTION ( 'NONE',  ( -0.000000000000000000, 1.000000000000000000, -0.000000000000000000 ) ) ;
#2100 = LINE ( 'NONE', #1265, #1228 ) ;
#2101 = EDGE_CURVE ( 'NONE', #2605, #1534, #2564, .T. ) ;
#2102 =( LENGTH_UNIT ( ) NAMED_UNIT ( * ) SI_UNIT ( .MILLI., .METRE. ) );
#2103 = ORIENTED_EDGE ( 'NONE', *, *, #3383, .T. ) ;
#2104 = EDGE_CURVE ( 'NONE', #1035, #347, #1203, .T. ) ;
#2105 = DIRECTION ( 'NONE',  ( 0.000000000000000000, 0.000000000000000000, 1.000000000000000000 ) ) ;
#2106 = CARTESIAN_POINT ( 'NONE',  ( 0.8000000000000082601, 0.000000000000000000, 0.1999999999999999833 ) ) ;
#2107 = ADVANCED_FACE ( 'NONE', ( #1731 ), #1202, .T. ) ;
#2108 = ORIENTED_EDGE ( 'NONE', *, *, #2180, .T. ) ;
#2109 = CARTESIAN_POINT ( 'NONE',  ( 1.246832498358330099E-14, -0.1700000000000000122, -0.07500000000000009437 ) ) ;
#2110 = DIRECTION ( 'NONE',  ( -0.000000000000000000, 1.000000000000000000, -0.000000000000000000 ) ) ;
#2111 = APPLICATION_PROTOCOL_DEFINITION ( 'draft international standard', 'automotive_design', 1998, #1799 ) ;
#2112 = ORIENTED_EDGE ( 'NONE', *, *, #1514, .F. ) ;
#2113 =( NAMED_UNIT ( * ) SI_UNIT ( $, .STERADIAN. ) SOLID_ANGLE_UNIT ( ) );
#2114 = CARTESIAN_POINT ( 'NONE',  ( -0.3999999999999958589, -0.04500000000000001221, 0.7250000000000000888 ) ) ;
#2115 = ORIENTED_EDGE ( 'NONE', *, *, #57, .T. ) ;
#2116 = FACE_OUTER_BOUND ( 'NONE', #2801, .T. ) ;
#2117 = CARTESIAN_POINT ( 'NONE',  ( 2.081668171172168513E-14, -0.04500000000000001221, -1.000000000000000000 ) ) ;
#2118 = CIRCLE ( 'NONE', #757, 0.1250000000000000000 ) ;
#2119 = LINE ( 'NONE', #1888, #2097 ) ;
#2120 = ORIENTED_EDGE ( 'NONE', *, *, #784, .F. ) ;
#2121 = FACE_OUTER_BOUND ( 'NONE', #802, .T. ) ;
#2122 = COLOUR_RGB ( '',0.2509803921568627416, 0.2509803921568627416, 0.2509803921568627416 ) ;
#2123 = SPHERICAL_SURFACE ( 'NONE', #27, 0.1250000000000000000 ) ;
#2124 = CARTESIAN_POINT ( 'NONE',  ( 0.000000000000000000, -0.04500000000000001221, 1.125000000000000222 ) ) ;
#2125 = EDGE_CURVE ( 'NONE', #1064, #2605, #1487, .T. ) ;
#2126 = EDGE_LOOP ( 'NONE', ( #2977, #2208, #309, #1532 ) ) ;
#2127 = AXIS2_PLACEMENT_3D ( 'NONE', #2386, #1026, #3323 ) ;
#2128 = CARTESIAN_POINT ( 'NONE',  ( -0.8000000000000000444, 0.000000000000000000, 1.125000000000000222 ) ) ;
#2129 = CYLINDRICAL_SURFACE ( 'NONE', #3392, 0.1250000000000000000 ) ;
#2130 = CIRCLE ( 'NONE', #2945, 0.1250000000000000000 ) ;
#2131 = ADVANCED_FACE ( 'NONE', ( #1751 ), #904, .T. ) ;
#2132 =( LENGTH_UNIT ( ) NAMED_UNIT ( * ) SI_UNIT ( .MILLI., .METRE. ) );
#2133 = ADVANCED_FACE ( 'NONE', ( #2837 ), #2278, .T. ) ;
#2134 = VERTEX_POINT ( 'NONE', #2530 ) ;
#2135 = SPHERICAL_SURFACE ( 'NONE', #1773, 0.1250000000000000000 ) ;
#2136 = SPHERICAL_SURFACE ( 'NONE', #2244, 0.1250000000000000000 ) ;
#2137 = ORIENTED_EDGE ( 'NONE', *, *, #136, .T. ) ;
#2138 = ADVANCED_BREP_SHAPE_REPRESENTATION ( 'BQ25630YBGR', ( #714, #3189 ), #720 ) ;
#2139 = CARTESIAN_POINT ( 'NONE',  ( -0.8000000000000000444, -0.04500000000000001221, 0.8750000000000000000 ) ) ;
#2140 = PRESENTATION_LAYER_ASSIGNMENT (  '', '', ( #2257 ) ) ;
#2141 = SURFACE_SIDE_STYLE ('',( #1012 ) ) ;
#2142 = EDGE_LOOP ( 'NONE', ( #2617, #2007, #85, #2509 ) ) ;
#2143 = DIRECTION ( 'NONE',  ( 0.000000000000000000, -1.000000000000000000, 0.000000000000000000 ) ) ;
#2144 = EDGE_CURVE ( 'NONE', #964, #2809, #1330, .T. ) ;
#2145 = DIRECTION ( 'NONE',  ( 1.000000000000000000, 0.000000000000000000, 0.000000000000000000 ) ) ;
#2146 = CARTESIAN_POINT ( 'NONE',  ( -0.3999999999999958589, -0.04500000000000001221, 0.4750000000000000333 ) ) ;
#2147 = VECTOR ( 'NONE', #1835, 1000.000000000000000 ) ;
#2148 = EDGE_LOOP ( 'NONE', ( #145, #417 ) ) ;
#2149 = AXIS2_PLACEMENT_3D ( 'NONE', #231, #3280, #2790 ) ;
#2150 = FACE_OUTER_BOUND ( 'NONE', #212, .T. ) ;
#2151 = CARTESIAN_POINT ( 'NONE',  ( -0.3999999999999958589, -0.1700000000000000122, 0.6000000000000000888 ) ) ;
#2152 = PRODUCT ( 'BQ25630YBGR', 'BQ25630YBGR', '', ( #2650 ) ) ;
#2153 = DIRECTION ( 'NONE',  ( 0.000000000000000000, -1.000000000000000000, 0.000000000000000000 ) ) ;
#2154 = EDGE_CURVE ( 'NONE', #1101, #370, #2239, .T. ) ;
#2155 = EDGE_CURVE ( 'NONE', #863, #3501, #1151, .T. ) ;
#2156 = ORIENTED_EDGE ( 'NONE', *, *, #3457, .F. ) ;
#2157 = CIRCLE ( 'NONE', #327, 0.1250000000000000000 ) ;
#2158 = AXIS2_PLACEMENT_3D ( 'NONE', #612, #628, #1689 ) ;
#2159 = CARTESIAN_POINT ( 'NONE',  ( -0.3999999999999874767, -0.04500000000000001221, -0.07500000000000009437 ) ) ;
#2160 = AXIS2_PLACEMENT_3D ( 'NONE', #2047, #3396, #152 ) ;
#2161 = FILL_AREA_STYLE_COLOUR ( '', #1310 ) ;
#2162 = CIRCLE ( 'NONE', #2039, 0.1250000000000001110 ) ;
#2163 = ORIENTED_EDGE ( 'NONE', *, *, #859, .F. ) ;
#2164 = CARTESIAN_POINT ( 'NONE',  ( 2.083198979671102703E-14, -0.04500000000000001221, -1.125000000000000222 ) ) ;
#2165 = FACE_OUTER_BOUND ( 'NONE', #3172, .T. ) ;
#2166 = FACE_OUTER_BOUND ( 'NONE', #26, .T. ) ;
#2167 = ORIENTED_EDGE ( 'NONE', *, *, #954, .F. ) ;
#2168 = SURFACE_STYLE_FILL_AREA ( #1579 ) ;
#2169 = CARTESIAN_POINT ( 'NONE',  ( 0.4000000000000000777, -0.04500000000000001221, 1.000000000000000000 ) ) ;
#2170 = EDGE_CURVE ( 'NONE', #3374, #695, #529, .T. ) ;
#2171 = DIRECTION ( 'NONE',  ( 1.000000000000000000, 0.000000000000000000, 0.000000000000000000 ) ) ;
#2172 = LINE ( 'NONE', #2225, #699 ) ;
#2173 = ORIENTED_EDGE ( 'NONE', *, *, #3546, .T. ) ;
#2174 = CYLINDRICAL_SURFACE ( 'NONE', #2002, 0.1250000000000000000 ) ;
#2175 = DIRECTION ( 'NONE',  ( -0.000000000000000000, 1.000000000000000000, -0.000000000000000000 ) ) ;
#2176 = EDGE_CURVE ( 'NONE', #75, #2710, #2546, .T. ) ;
#2177 = ORIENTED_EDGE ( 'NONE', *, *, #2741, .F. ) ;
#2178 = DIRECTION ( 'NONE',  ( -0.000000000000000000, 1.000000000000000000, -0.000000000000000000 ) ) ;
#2179 = DIRECTION ( 'NONE',  ( -0.000000000000000000, 1.000000000000000000, -0.000000000000000000 ) ) ;
#2180 = EDGE_CURVE ( 'NONE', #993, #1624, #3224, .T. ) ;
#2181 = DIRECTION ( 'NONE',  ( -0.000000000000000000, 1.000000000000000000, -0.000000000000000000 ) ) ;
#2182 = EDGE_CURVE ( 'NONE', #1208, #624, #1192, .T. ) ;
#2183 = AXIS2_PLACEMENT_3D ( 'NONE', #289, #2203, #2467 ) ;
#2184 = CARTESIAN_POINT ( 'NONE',  ( 1.116499999999999826, 0.3299999999999999600, 1.159999999999999920 ) ) ;
#2185 = CYLINDRICAL_SURFACE ( 'NONE', #2183, 0.1250000000000001110 ) ;
#2186 = ADVANCED_FACE ( 'NONE', ( #1044 ), #2345, .T. ) ;
#2187 = EDGE_CURVE ( 'NONE', #2642, #1958, #2652, .T. ) ;
#2188 = CIRCLE ( 'NONE', #2873, 0.1250000000000000000 ) ;
#2189 = DIRECTION ( 'NONE',  ( 0.000000000000000000, 0.000000000000000000, -1.000000000000000000 ) ) ;
#2190 = ORIENTED_EDGE ( 'NONE', *, *, #267, .T. ) ;
#2191 = EDGE_CURVE ( 'NONE', #2328, #1453, #2241, .T. ) ;
#2192 = DIRECTION ( 'NONE',  ( -1.000000000000000000, -0.000000000000000000, -0.000000000000000000 ) ) ;
#2193 = AXIS2_PLACEMENT_3D ( 'NONE', #3480, #770, #1605 ) ;
#2194 = DIRECTION ( 'NONE',  ( 0.000000000000000000, -1.000000000000000000, 0.000000000000000000 ) ) ;
#2195 = ORIENTED_EDGE ( 'NONE', *, *, #14, .F. ) ;
#2196 = CARTESIAN_POINT ( 'NONE',  ( 8.348356728138384142E-15, -0.04500000000000001221, 0.1999999999999999833 ) ) ;
#2197 = CARTESIAN_POINT ( 'NONE',  ( 0.8000000000000166978, -0.04500000000000001221, -0.6000000000000000888 ) ) ;
#2198 = CARTESIAN_POINT ( 'NONE',  ( 0.4000000000000126232, -0.04500000000000001221, -0.2000000000000000944 ) ) ;
#2199 = AXIS2_PLACEMENT_3D ( 'NONE', #1071, #480, #1839 ) ;
#2200 = DIRECTION ( 'NONE',  ( 0.000000000000000000, 0.000000000000000000, -1.000000000000000000 ) ) ;
#2201 = AXIS2_PLACEMENT_3D ( 'NONE', #2848, #3088, #88 ) ;
#2202 = SURFACE_STYLE_USAGE ( .BOTH. , #343 ) ;
#2203 = DIRECTION ( 'NONE',  ( -0.000000000000000000, 1.000000000000000000, -0.000000000000000000 ) ) ;
#2204 = CIRCLE ( 'NONE', #2832, 0.1250000000000000000 ) ;
#2205 = VECTOR ( 'NONE', #167, 1000.000000000000000 ) ;
#2206 = DIRECTION ( 'NONE',  ( 0.000000000000000000, 0.000000000000000000, 1.000000000000000000 ) ) ;
#2207 = DIRECTION ( 'NONE',  ( 0.000000000000000000, 0.000000000000000000, 1.000000000000000000 ) ) ;
#2208 = ORIENTED_EDGE ( 'NONE', *, *, #2125, .T. ) ;
#2209 = ORIENTED_EDGE ( 'NONE', *, *, #1027, .F. ) ;
#2210 = CARTESIAN_POINT ( 'NONE',  ( 0.4000000000000082934, -0.04500000000000001221, 0.1999999999999999833 ) ) ;
#2211 = CIRCLE ( 'NONE', #669, 0.1250000000000001110 ) ;
#2212 = CARTESIAN_POINT ( 'NONE',  ( 0.8000000000000125899, -0.1700000000000000122, -0.3250000000000000666 ) ) ;
#2213 = ORIENTED_EDGE ( 'NONE', *, *, #1298, .T. ) ;
#2214 = DIRECTION ( 'NONE',  ( 0.000000000000000000, 0.000000000000000000, 1.000000000000000000 ) ) ;
#2215 = VECTOR ( 'NONE', #1550, 1000.000000000000000 ) ;
#2216 = CARTESIAN_POINT ( 'NONE',  ( -0.3999999999999792055, 0.000000000000000000, -1.000000000000000000 ) ) ;
#2217 = ADVANCED_FACE ( 'NONE', ( #165 ), #2135, .T. ) ;
#2218 = CIRCLE ( 'NONE', #2158, 0.1250000000000000000 ) ;
#2219 = ADVANCED_FACE ( 'NONE', ( #203 ), #3239, .T. ) ;
#2220 = VERTEX_POINT ( 'NONE', #433 ) ;
#2221 = FACE_OUTER_BOUND ( 'NONE', #2982, .T. ) ;
#2222 = LINE ( 'NONE', #1089, #1504 ) ;
#2223 = CYLINDRICAL_SURFACE ( 'NONE', #2574, 0.1250000000000000000 ) ;
#2224 = DIRECTION ( 'NONE',  ( 0.000000000000000000, 0.000000000000000000, 1.000000000000000000 ) ) ;
#2225 = CARTESIAN_POINT ( 'NONE',  ( 0.4000000000000126232, -0.1700000000000000122, -0.07500000000000009437 ) ) ;
#2226 = ADVANCED_FACE ( 'NONE', ( #1523 ), #1239, .T. ) ;
#2227 = ORIENTED_EDGE ( 'NONE', *, *, #2182, .F. ) ;
#2228 = FACE_OUTER_BOUND ( 'NONE', #3082, .T. ) ;
#2229 = ORIENTED_EDGE ( 'NONE', *, *, #836, .F. ) ;
#2230 = DIRECTION ( 'NONE',  ( 0.000000000000000000, 0.000000000000000000, -1.000000000000000000 ) ) ;
#2231 = DIRECTION ( 'NONE',  ( 0.000000000000000000, 0.000000000000000000, -1.000000000000000000 ) ) ;
#2232 = CARTESIAN_POINT ( 'NONE',  ( -0.3999999999999792055, -0.04500000000000001221, -1.000000000000000000 ) ) ;
#2233 = VERTEX_POINT ( 'NONE', #724 ) ;
#2234 = DIRECTION ( 'NONE',  ( -0.000000000000000000, 1.000000000000000000, -0.000000000000000000 ) ) ;
#2235 = ORIENTED_EDGE ( 'NONE', *, *, #2101, .F. ) ;
#2236 =( NAMED_UNIT ( * ) SI_UNIT ( $, .STERADIAN. ) SOLID_ANGLE_UNIT ( ) );
#2237 = EDGE_CURVE ( 'NONE', #1786, #1850, #2525, .T. ) ;
#2238 = CARTESIAN_POINT ( 'NONE',  ( -0.3999999999999874767, -0.04500000000000001221, -0.2000000000000000944 ) ) ;
#2239 = CIRCLE ( 'NONE', #692, 0.1250000000000000000 ) ;
#2240 = DIRECTION ( 'NONE',  ( -0.000000000000000000, 1.000000000000000000, -0.000000000000000000 ) ) ;
#2241 = CIRCLE ( 'NONE', #1042, 0.1250000000000000000 ) ;
#2242 = FACE_OUTER_BOUND ( 'NONE', #2513, .T. ) ;
#2243 = EDGE_LOOP ( 'NONE', ( #866, #1864, #6 ) ) ;
#2244 = AXIS2_PLACEMENT_3D ( 'NONE', #1884, #1262, #743 ) ;
#2245 = CARTESIAN_POINT ( 'NONE',  ( 0.4000000000000167866, -0.04500000000000001221, -0.6000000000000000888 ) ) ;
#2246 = AXIS2_PLACEMENT_3D ( 'NONE', #2419, #1806, #1597 ) ;
#2247 = ORIENTED_EDGE ( 'NONE', *, *, #1815, .F. ) ;
#2248 = DIRECTION ( 'NONE',  ( 0.000000000000000000, 0.000000000000000000, -1.000000000000000000 ) ) ;
#2249 = AXIS2_PLACEMENT_3D ( 'NONE', #2374, #2143, #537 ) ;
#2250 = CARTESIAN_POINT ( 'NONE',  ( -0.3999999999999792055, -0.04500000000000001221, -1.000000000000000000 ) ) ;
#2251 = CARTESIAN_POINT ( 'NONE',  ( 0.4000000000000000777, 0.000000000000000000, 1.000000000000000000 ) ) ;
#2252 = EDGE_LOOP ( 'NONE', ( #1717, #3208, #2459, #820 ) ) ;
#2253 = CYLINDRICAL_SURFACE ( 'NONE', #271, 0.1250000000000001110 ) ;
#2254 = ORIENTED_EDGE ( 'NONE', *, *, #400, .F. ) ;
#2255 = VECTOR ( 'NONE', #1145, 1000.000000000000000 ) ;
#2256 = FILL_AREA_STYLE ('',( #1108 ) ) ;
#2257 = STYLED_ITEM ( 'NONE', ( #967 ), #2549 ) ;
#2258 = DIRECTION ( 'NONE',  ( -1.224646799147472769E-16, 0.000000000000000000, -1.000000000000000000 ) ) ;
#2259 = AXIS2_PLACEMENT_3D ( 'NONE', #1078, #1625, #2724 ) ;
#2260 = SPHERICAL_SURFACE ( 'NONE', #2006, 0.1250000000000000000 ) ;
#2261 = ORIENTED_EDGE ( 'NONE', *, *, #287, .T. ) ;
#2262 = DIRECTION ( 'NONE',  ( -0.000000000000000000, 1.000000000000000000, -0.000000000000000000 ) ) ;
#2263 = EDGE_CURVE ( 'NONE', #2783, #2704, #694, .T. ) ;
#2264 = DIRECTION ( 'NONE',  ( -0.000000000000000000, 1.000000000000000000, -0.000000000000000000 ) ) ;
#2265 = CARTESIAN_POINT ( 'NONE',  ( -0.7999999999999833911, 0.000000000000000000, -0.4750000000000000333 ) ) ;
#2266 = VERTEX_POINT ( 'NONE', #3449 ) ;
#2267 = EDGE_LOOP ( 'NONE', ( #1004, #2692, #454 ) ) ;
#2268 = AXIS2_PLACEMENT_3D ( 'NONE', #149, #108, #3378 ) ;
#2269 = SPHERICAL_SURFACE ( 'NONE', #2772, 0.1250000000000000000 ) ;
#2270 = CIRCLE ( 'NONE', #1073, 0.1250000000000000000 ) ;
#2271 = AXIS2_PLACEMENT_3D ( 'NONE', #1924, #1907, #504 ) ;
#2272 = PLANE ( 'NONE',  #82 ) ;
#2273 = DIRECTION ( 'NONE',  ( -0.000000000000000000, 1.000000000000000000, -0.000000000000000000 ) ) ;
#2274 = ADVANCED_FACE ( 'NONE', ( #490 ), #2056, .T. ) ;
#2275 = ORIENTED_EDGE ( 'NONE', *, *, #3035, .F. ) ;
#2276 = ORIENTED_EDGE ( 'NONE', *, *, #816, .T. ) ;
#2277 = ORIENTED_EDGE ( 'NONE', *, *, #2416, .F. ) ;
#2278 = CYLINDRICAL_SURFACE ( 'NONE', #1769, 0.1250000000000001110 ) ;
#2279 = CARTESIAN_POINT ( 'NONE',  ( 0.4000000000000126232, 0.000000000000000000, -0.07500000000000009437 ) ) ;
#2280 = ADVANCED_FACE ( 'NONE', ( #2330 ), #761, .F. ) ;
#2281 = PRODUCT_DEFINITION ( 'UNKNOWN', '', #944, #1991 ) ;
#2282 = ORIENTED_EDGE ( 'NONE', *, *, #2876, .T. ) ;
#2283 = EDGE_LOOP ( 'NONE', ( #2098, #3369, #3268 ) ) ;
#2284 = EDGE_CURVE ( 'NONE', #2642, #3352, #865, .T. ) ;
#2285 = ADVANCED_FACE ( 'NONE', ( #827 ), #1629, .T. ) ;
#2286 = EDGE_CURVE ( 'NONE', #926, #466, #2577, .T. ) ;
#2287 = FACE_OUTER_BOUND ( 'NONE', #946, .T. ) ;
#2288 = FACE_BOUND ( 'NONE', #3040, .T. ) ;
#2289 = DIRECTION ( 'NONE',  ( 0.000000000000000000, -1.000000000000000000, 0.000000000000000000 ) ) ;
#2290 = DIRECTION ( 'NONE',  ( 0.000000000000000000, 0.000000000000000000, 1.000000000000000000 ) ) ;
#2291 = ORIENTED_EDGE ( 'NONE', *, *, #494, .T. ) ;
#2292 = ORIENTED_EDGE ( 'NONE', *, *, #616, .F. ) ;
#2293 = EDGE_CURVE ( 'NONE', #895, #581, #1111, .T. ) ;
#2294 = VECTOR ( 'NONE', #1897, 1000.000000000000000 ) ;
#2295 = DIRECTION ( 'NONE',  ( -0.000000000000000000, 1.000000000000000000, -0.000000000000000000 ) ) ;
#2296 = AXIS2_PLACEMENT_3D ( 'NONE', #1370, #3017, #56 ) ;
#2297 = DIRECTION ( 'NONE',  ( 0.000000000000000000, 0.000000000000000000, 1.000000000000000000 ) ) ;
#2298 = CIRCLE ( 'NONE', #2246, 0.1250000000000001110 ) ;
#2299 = ORIENTED_EDGE ( 'NONE', *, *, #3297, .F. ) ;
#2300 = CARTESIAN_POINT ( 'NONE',  ( 0.4000000000000167866, -0.04500000000000001221, -0.6000000000000000888 ) ) ;
#2301 = VERTEX_POINT ( 'NONE', #3302 ) ;
#2302 = FACE_OUTER_BOUND ( 'NONE', #1598, .T. ) ;
#2303 = ORIENTED_EDGE ( 'NONE', *, *, #1791, .T. ) ;
#2304 = CYLINDRICAL_SURFACE ( 'NONE', #260, 0.1250000000000000000 ) ;
#2305 = DIRECTION ( 'NONE',  ( 0.000000000000000000, 0.000000000000000000, -1.000000000000000000 ) ) ;
#2306 = CARTESIAN_POINT ( 'NONE',  ( 1.246832498358330099E-14, -0.1700000000000000122, -0.2000000000000000944 ) ) ;
#2307 = AXIS2_PLACEMENT_3D ( 'NONE', #422, #693, #372 ) ;
#2308 = ORIENTED_EDGE ( 'NONE', *, *, #3095, .T. ) ;
#2309 = ORIENTED_EDGE ( 'NONE', *, *, #837, .T. ) ;
#2310 = AXIS2_PLACEMENT_3D ( 'NONE', #1369, #2457, #4 ) ;
#2311 = DIRECTION ( 'NONE',  ( 0.000000000000000000, -1.000000000000000000, 0.000000000000000000 ) ) ;
#2312 = DIRECTION ( 'NONE',  ( -0.000000000000000000, 1.000000000000000000, -0.000000000000000000 ) ) ;
#2313 = AXIS2_PLACEMENT_3D ( 'NONE', #225, #1322, #2389 ) ;
#2314 = CARTESIAN_POINT ( 'NONE',  ( 0.8000000000000166978, -0.04500000000000001221, -0.7250000000000000888 ) ) ;
#2315 = AXIS2_PLACEMENT_3D ( 'NONE', #2216, #3314, #1937 ) ;
#2316 = VERTEX_POINT ( 'NONE', #3258 ) ;
#2317 = CARTESIAN_POINT ( 'NONE',  ( 0.8000000000000125899, -0.04500000000000001221, -0.2000000000000000944 ) ) ;
#2318 = VERTEX_POINT ( 'NONE', #1883 ) ;
#2319 = DIRECTION ( 'NONE',  ( 0.000000000000000000, 0.000000000000000000, 1.000000000000000000 ) ) ;
#2320 = AXIS2_PLACEMENT_3D ( 'NONE', #2994, #1174, #3364 ) ;
#2321 = EDGE_LOOP ( 'NONE', ( #2866, #2009, #1551 ) ) ;
#2322 = AXIS2_PLACEMENT_3D ( 'NONE', #3368, #1106, #3065 ) ;
#2323 = FACE_BOUND ( 'NONE', #520, .T. ) ;
#2324 = CIRCLE ( 'NONE', #2160, 0.1250000000000001110 ) ;
#2325 = CARTESIAN_POINT ( 'NONE',  ( -0.7999999999999791722, 0.000000000000000000, -1.000000000000000000 ) ) ;
#2326 = VECTOR ( 'NONE', #1639, 1000.000000000000000 ) ;
#2327 = EDGE_CURVE ( 'NONE', #633, #2930, #1333, .T. ) ;
#2328 = VERTEX_POINT ( 'NONE', #514 ) ;
#2329 = ORIENTED_EDGE ( 'NONE', *, *, #1815, .T. ) ;
#2330 = FACE_OUTER_BOUND ( 'NONE', #536, .T. ) ;
#2331 = LINE ( 'NONE', #2619, #2205 ) ;
#2332 = EDGE_CURVE ( 'NONE', #3007, #3126, #2693, .T. ) ;
#2333 = CYLINDRICAL_SURFACE ( 'NONE', #2615, 0.1250000000000000000 ) ;
#2334 = CARTESIAN_POINT ( 'NONE',  ( -0.8665000000000002700, 0.3199999999999998956, -1.010000000000000009 ) ) ;
#2335 = CARTESIAN_POINT ( 'NONE',  ( 0.8000000000000000444, -0.04500000000000001221, 1.000000000000000000 ) ) ;
#2336 = VERTEX_POINT ( 'NONE', #1915 ) ;
#2337 = CARTESIAN_POINT ( 'NONE',  ( 1.669671345627676828E-14, -0.1700000000000000122, -0.6000000000000000888 ) ) ;
#2338 = ORIENTED_EDGE ( 'NONE', *, *, #2512, .F. ) ;
#2339 = ADVANCED_FACE ( 'NONE', ( #307 ), #3285, .T. ) ;
#2340 = ORIENTED_EDGE ( 'NONE', *, *, #900, .T. ) ;
#2341 = CARTESIAN_POINT ( 'NONE',  ( 0.4000000000000000777, -0.04500000000000001221, 1.000000000000000000 ) ) ;
#2342 = FACE_OUTER_BOUND ( 'NONE', #3512, .T. ) ;
#2343 = VERTEX_POINT ( 'NONE', #812 ) ;
#2344 = VERTEX_POINT ( 'NONE', #1133 ) ;
#2345 = SPHERICAL_SURFACE ( 'NONE', #3334, 0.1250000000000000000 ) ;
#2346 = DIRECTION ( 'NONE',  ( -0.000000000000000000, 1.000000000000000000, -0.000000000000000000 ) ) ;
#2347 = CARTESIAN_POINT ( 'NONE',  ( -0.3999999999999792055, -0.04500000000000001221, -0.8750000000000000000 ) ) ;
#2348 = ORIENTED_EDGE ( 'NONE', *, *, #1720, .F. ) ;
#2349 = LINE ( 'NONE', #1205, #39 ) ;
#2350 = CARTESIAN_POINT ( 'NONE',  ( -0.7999999999999791722, -0.04500000000000001221, -1.000000000000000000 ) ) ;
#2351 = AXIS2_PLACEMENT_3D ( 'NONE', #2915, #1766, #222 ) ;
#2352 = ORIENTED_EDGE ( 'NONE', *, *, #1647, .F. ) ;
#2353 = SPHERICAL_SURFACE ( 'NONE', #794, 0.1250000000000000000 ) ;
#2354 = ORIENTED_EDGE ( 'NONE', *, *, #2781, .F. ) ;
#2355 = CIRCLE ( 'NONE', #2758, 0.1250000000000001110 ) ;
#2356 = LINE ( 'NONE', #2946, #2537 ) ;
#2357 = ORIENTED_EDGE ( 'NONE', *, *, #1944, .F. ) ;
#2358 = FACE_BOUND ( 'NONE', #3428, .T. ) ;
#2359 = CARTESIAN_POINT ( 'NONE',  ( 0.4000000000000041855, -0.04500000000000001221, 0.4750000000000000333 ) ) ;
#2360 = LINE ( 'NONE', #3466, #1099 ) ;
#2361 = VERTEX_POINT ( 'NONE', #22 ) ;
#2362 = ORIENTED_EDGE ( 'NONE', *, *, #2561, .F. ) ;
#2363 = CARTESIAN_POINT ( 'NONE',  ( -0.3999999999999916955, 0.000000000000000000, 0.1999999999999999833 ) ) ;
#2364 = ADVANCED_FACE ( 'NONE', ( #1612 ), #3543, .T. ) ;
#2365 = AXIS2_PLACEMENT_3D ( 'NONE', #2627, #1345, #772 ) ;
#2366 = DIRECTION ( 'NONE',  ( -0.000000000000000000, 1.000000000000000000, -0.000000000000000000 ) ) ;
#2367 = EDGE_LOOP ( 'NONE', ( #1698, #2489, #1755 ) ) ;
#2368 = DIRECTION ( 'NONE',  ( 0.000000000000000000, 0.000000000000000000, -1.000000000000000000 ) ) ;
#2369 = DIRECTION ( 'NONE',  ( 1.000000000000000000, 0.000000000000000000, 0.000000000000000000 ) ) ;
#2370 = ADVANCED_FACE ( 'NONE', ( #1399 ), #780, .T. ) ;
#2371 = MECHANICAL_DESIGN_GEOMETRIC_PRESENTATION_REPRESENTATION (  '', ( #550 ), #659 ) ;
#2372 = DIRECTION ( 'NONE',  ( -0.000000000000000000, 1.000000000000000000, -0.000000000000000000 ) ) ;
#2373 = ORIENTED_EDGE ( 'NONE', *, *, #3198, .T. ) ;
#2374 = CARTESIAN_POINT ( 'NONE',  ( 8.348356728138384142E-15, 0.000000000000000000, 0.1999999999999999833 ) ) ;
#2375 = DIRECTION ( 'NONE',  ( 0.000000000000000000, 1.000000000000000000, 0.000000000000000000 ) ) ;
#2376 = CIRCLE ( 'NONE', #2437, 0.1250000000000000000 ) ;
#2377 = ORIENTED_EDGE ( 'NONE', *, *, #1334, .T. ) ;
#2378 = CARTESIAN_POINT ( 'NONE',  ( 0.4000000000000167866, -0.1700000000000000122, -0.6000000000000000888 ) ) ;
#2379 = CARTESIAN_POINT ( 'NONE',  ( -0.3999999999999792055, -0.1700000000000000122, -1.125000000000000222 ) ) ;
#2380 = FACE_OUTER_BOUND ( 'NONE', #83, .T. ) ;
#2381 = EDGE_LOOP ( 'NONE', ( #66, #962, #2041 ) ) ;
#2382 = CIRCLE ( 'NONE', #843, 0.1250000000000000000 ) ;
#2383 =( NAMED_UNIT ( * ) PLANE_ANGLE_UNIT ( ) SI_UNIT ( $, .RADIAN. ) );
#2384 = CARTESIAN_POINT ( 'NONE',  ( 0.8000000000000208056, 0.000000000000000000, -1.000000000000000000 ) ) ;
#2385 = CIRCLE ( 'NONE', #329, 0.1250000000000000000 ) ;
#2386 = CARTESIAN_POINT ( 'NONE',  ( 0.8000000000000082601, -0.04500000000000001221, 0.1999999999999999833 ) ) ;
#2387 = ORIENTED_EDGE ( 'NONE', *, *, #1400, .T. ) ;
#2388 = DIRECTION ( 'NONE',  ( -0.000000000000000000, 1.000000000000000000, -0.000000000000000000 ) ) ;
#2389 = DIRECTION ( 'NONE',  ( 0.000000000000000000, 0.000000000000000000, -1.000000000000000000 ) ) ;
#2390 = EDGE_CURVE ( 'NONE', #1990, #727, #1112, .T. ) ;
#2391 = DIRECTION ( 'NONE',  ( 0.000000000000000000, 0.000000000000000000, 1.000000000000000000 ) ) ;
#2392 = EDGE_LOOP ( 'NONE', ( #2889, #1901, #2291, #3340 ) ) ;
#2393 = ADVANCED_FACE ( 'NONE', ( #1355 ), #2440, .T. ) ;
#2394 = CYLINDRICAL_SURFACE ( 'NONE', #2872, 0.1250000000000000000 ) ;
#2395 = EDGE_CURVE ( 'NONE', #1604, #1237, #604, .T. ) ;
#2396 = DIRECTION ( 'NONE',  ( -0.000000000000000000, 1.000000000000000000, -0.000000000000000000 ) ) ;
#2397 = EDGE_CURVE ( 'NONE', #370, #629, #777, .T. ) ;
#2398 = ORIENTED_EDGE ( 'NONE', *, *, #753, .F. ) ;
#2399 = CARTESIAN_POINT ( 'NONE',  ( -0.8665000000000002700, 0.3299999999999999600, -0.8099999999999998312 ) ) ;
#2400 = CARTESIAN_POINT ( 'NONE',  ( -0.3999999999999833689, -0.04500000000000001221, -0.7250000000000000888 ) ) ;
#2401 = ORIENTED_EDGE ( 'NONE', *, *, #2905, .T. ) ;
#2402 = DIRECTION ( 'NONE',  ( 0.000000000000000000, -1.000000000000000000, 0.000000000000000000 ) ) ;
#2403 = DIRECTION ( 'NONE',  ( 0.000000000000000000, 0.000000000000000000, -1.000000000000000000 ) ) ;
#2404 = EDGE_CURVE ( 'NONE', #1604, #112, #137, .T. ) ;
#2405 = ORIENTED_EDGE ( 'NONE', *, *, #1891, .F. ) ;
#2406 = CARTESIAN_POINT ( 'NONE',  ( 0.000000000000000000, -0.1700000000000000122, 1.000000000000000000 ) ) ;
#2407 = FACE_OUTER_BOUND ( 'NONE', #2853, .T. ) ;
#2408 = ORIENTED_EDGE ( 'NONE', *, *, #1486, .T. ) ;
#2409 = CARTESIAN_POINT ( 'NONE',  ( 0.8000000000000000444, -0.1700000000000000122, 1.000000000000000000 ) ) ;
#2410 = AXIS2_PLACEMENT_3D ( 'NONE', #272, #2171, #528 ) ;
#2411 = DIRECTION ( 'NONE',  ( 0.000000000000000000, 0.000000000000000000, 1.000000000000000000 ) ) ;
#2412 = DIRECTION ( 'NONE',  ( -0.000000000000000000, 1.000000000000000000, -0.000000000000000000 ) ) ;
#2413 = ORIENTED_EDGE ( 'NONE', *, *, #155, .F. ) ;
#2414 = VECTOR ( 'NONE', #2978, 1000.000000000000000 ) ;
#2415 = CIRCLE ( 'NONE', #2998, 0.1250000000000000000 ) ;
#2416 = EDGE_CURVE ( 'NONE', #695, #2344, #547, .T. ) ;
#2417 = CARTESIAN_POINT ( 'NONE',  ( 0.4000000000000082934, -0.1700000000000000122, 0.1999999999999999833 ) ) ;
#2418 = EDGE_CURVE ( 'NONE', #3501, #863, #3525, .T. ) ;
#2419 = CARTESIAN_POINT ( 'NONE',  ( 0.4000000000000000777, -0.04500000000000001221, 1.000000000000000000 ) ) ;
#2420 = VECTOR ( 'NONE', #3237, 1000.000000000000000 ) ;
#2421 = PRESENTATION_STYLE_ASSIGNMENT (( #2092 ) ) ;
#2422 = EDGE_LOOP ( 'NONE', ( #3422, #105, #3483, #760 ) ) ;
#2423 = DIRECTION ( 'NONE',  ( -1.000000000000000000, 0.000000000000000000, -0.000000000000000000 ) ) ;
#2424 = SPHERICAL_SURFACE ( 'NONE', #1386, 0.1250000000000000000 ) ;
#2425 = ORIENTED_EDGE ( 'NONE', *, *, #1535, .F. ) ;
#2426 = DIRECTION ( 'NONE',  ( -0.000000000000000000, 1.000000000000000000, -0.000000000000000000 ) ) ;
#2427 = CIRCLE ( 'NONE', #3289, 0.1250000000000000000 ) ;
#2428 = PLANE ( 'NONE',  #562 ) ;
#2429 = ORIENTED_EDGE ( 'NONE', *, *, #616, .T. ) ;
#2430 = DIRECTION ( 'NONE',  ( 0.000000000000000000, 0.000000000000000000, 1.000000000000000000 ) ) ;
#2431 = CIRCLE ( 'NONE', #1860, 0.1250000000000000000 ) ;
#2432 = FACE_OUTER_BOUND ( 'NONE', #76, .T. ) ;
#2433 = FACE_OUTER_BOUND ( 'NONE', #2477, .T. ) ;
#2434 = EDGE_CURVE ( 'NONE', #1861, #3316, #1730, .T. ) ;
#2435 = PRESENTATION_LAYER_ASSIGNMENT (  '', '', ( #1798 ) ) ;
#2436 = ORIENTED_EDGE ( 'NONE', *, *, #545, .F. ) ;
#2437 = AXIS2_PLACEMENT_3D ( 'NONE', #2916, #2806, #2893 ) ;
#2438 =( NAMED_UNIT ( * ) PLANE_ANGLE_UNIT ( ) SI_UNIT ( $, .RADIAN. ) );
#2439 = DIRECTION ( 'NONE',  ( -1.000000000000000000, -0.000000000000000000, -0.000000000000000000 ) ) ;
#2440 = CYLINDRICAL_SURFACE ( 'NONE', #1507, 0.1250000000000000000 ) ;
#2441 = DIRECTION ( 'NONE',  ( 0.000000000000000000, 0.000000000000000000, 1.000000000000000000 ) ) ;
#2442 = ORIENTED_EDGE ( 'NONE', *, *, #493, .F. ) ;
#2443 = AXIS2_PLACEMENT_3D ( 'NONE', #706, #1193, #2297 ) ;
#2444 = EDGE_CURVE ( 'NONE', #2266, #1493, #3005, .T. ) ;
#2445 = CIRCLE ( 'NONE', #1013, 0.1250000000000000000 ) ;
#2446 = DIRECTION ( 'NONE',  ( 0.000000000000000000, 0.000000000000000000, -1.000000000000000000 ) ) ;
#2447 = DIRECTION ( 'NONE',  ( 0.000000000000000000, 0.000000000000000000, 1.000000000000000000 ) ) ;
#2448 = AXIS2_PLACEMENT_3D ( 'NONE', #249, #3537, #1072 ) ;
#2449 = EDGE_LOOP ( 'NONE', ( #3350, #2303, #2308, #3187 ) ) ;
#2450 = CARTESIAN_POINT ( 'NONE',  ( 0.000000000000000000, -0.04500000000000001221, 1.000000000000000000 ) ) ;
#2451 = FACE_OUTER_BOUND ( 'NONE', #2050, .T. ) ;
#2452 = DIRECTION ( 'NONE',  ( -0.000000000000000000, 1.000000000000000000, -0.000000000000000000 ) ) ;
#2453 = EDGE_CURVE ( 'NONE', #765, #316, #2427, .T. ) ;
#2454 = EDGE_CURVE ( 'NONE', #2551, #3291, #1169, .T. ) ;
#2455 = SPHERICAL_SURFACE ( 'NONE', #489, 0.1250000000000000000 ) ;
#2456 = EDGE_CURVE ( 'NONE', #1833, #590, #1677, .T. ) ;
#2457 = DIRECTION ( 'NONE',  ( 1.000000000000000000, 0.000000000000000000, -1.224646799147353207E-16 ) ) ;
#2458 = SPHERICAL_SURFACE ( 'NONE', #244, 0.1250000000000000000 ) ;
#2459 = ORIENTED_EDGE ( 'NONE', *, *, #2656, .T. ) ;
#2460 = FACE_OUTER_BOUND ( 'NONE', #3409, .T. ) ;
#2461 = ORIENTED_EDGE ( 'NONE', *, *, #1259, .T. ) ;
#2462 = CARTESIAN_POINT ( 'NONE',  ( -0.7999999999999876099, -0.1700000000000000122, -0.3250000000000000666 ) ) ;
#2463 = DIRECTION ( 'NONE',  ( -0.000000000000000000, 1.000000000000000000, -0.000000000000000000 ) ) ;
#2464 = CARTESIAN_POINT ( 'NONE',  ( -0.7999999999999917177, -0.04500000000000001221, 0.07499999999999998335 ) ) ;
#2465 = DIRECTION ( 'NONE',  ( -0.000000000000000000, 1.000000000000000000, -0.000000000000000000 ) ) ;
#2466 = CARTESIAN_POINT ( 'NONE',  ( 1.246832498358330099E-14, -0.04500000000000001221, -0.2000000000000000944 ) ) ;
#2467 = DIRECTION ( 'NONE',  ( 0.000000000000000000, 0.000000000000000000, 1.000000000000000000 ) ) ;
#2468 = VECTOR ( 'NONE', #2366, 1000.000000000000000 ) ;
#2469 = DIRECTION ( 'NONE',  ( -0.000000000000000000, 1.000000000000000000, -0.000000000000000000 ) ) ;
#2470 = CIRCLE ( 'NONE', #1846, 0.1250000000000000000 ) ;
#2471 = DIRECTION ( 'NONE',  ( 1.000000000000000000, 0.000000000000000000, 0.000000000000000000 ) ) ;
#2472 = ORIENTED_EDGE ( 'NONE', *, *, #3118, .F. ) ;
#2473 = ORIENTED_EDGE ( 'NONE', *, *, #2042, .F. ) ;
#2474 = EDGE_CURVE ( 'NONE', #1329, #2852, #1574, .T. ) ;
#2475 = CARTESIAN_POINT ( 'NONE',  ( 1.669671345627676828E-14, 0.000000000000000000, -0.4750000000000000333 ) ) ;
#2476 = EDGE_CURVE ( 'NONE', #1850, #1786, #2887, .T. ) ;
#2477 = EDGE_LOOP ( 'NONE', ( #1483, #106, #639 ) ) ;
#2478 = CYLINDRICAL_SURFACE ( 'NONE', #723, 0.1250000000000000000 ) ;
#2479 = CYLINDRICAL_SURFACE ( 'NONE', #1801, 0.1250000000000000000 ) ;
#2480 = DIRECTION ( 'NONE',  ( -0.000000000000000000, -0.000000000000000000, 1.000000000000000000 ) ) ;
#2481 = ORIENTED_EDGE ( 'NONE', *, *, #1388, .F. ) ;
#2482 = CYLINDRICAL_SURFACE ( 'NONE', #1525, 0.1250000000000000000 ) ;
#2483 = AXIS2_PLACEMENT_3D ( 'NONE', #3016, #563, #1643 ) ;
#2484 = DIRECTION ( 'NONE',  ( -0.000000000000000000, 1.000000000000000000, -0.000000000000000000 ) ) ;
#2485 = AXIS2_PLACEMENT_3D ( 'NONE', #2417, #1001, #1896 ) ;
#2486 = COLOUR_RGB ( '',0.7921568627450980005, 0.8196078431372548767, 0.9333333333333333481 ) ;
#2487 = DIRECTION ( 'NONE',  ( -0.000000000000000000, -1.000000000000000000, -0.000000000000000000 ) ) ;
#2488 = LINE ( 'NONE', #3304, #1778 ) ;
#2489 = ORIENTED_EDGE ( 'NONE', *, *, #461, .F. ) ;
#2490 = ORIENTED_EDGE ( 'NONE', *, *, #2191, .F. ) ;
#2491 = CARTESIAN_POINT ( 'NONE',  ( -0.7999999999999959366, -0.1700000000000000122, 0.6000000000000000888 ) ) ;
#2492 = VECTOR ( 'NONE', #2264, 1000.000000000000000 ) ;
#2493 = ORIENTED_EDGE ( 'NONE', *, *, #2444, .F. ) ;
#2494 = AXIS2_PLACEMENT_3D ( 'NONE', #838, #1706, #2808 ) ;
#2495 = DIRECTION ( 'NONE',  ( -0.000000000000000000, 1.000000000000000000, -0.000000000000000000 ) ) ;
#2496 = EDGE_CURVE ( 'NONE', #727, #1990, #1792, .T. ) ;
#2497 = AXIS2_PLACEMENT_3D ( 'NONE', #131, #369, #1209 ) ;
#2498 = CARTESIAN_POINT ( 'NONE',  ( 0.000000000000000000, -0.1700000000000000122, 1.000000000000000000 ) ) ;
#2499 = DIRECTION ( 'NONE',  ( -0.000000000000000000, 1.000000000000000000, -0.000000000000000000 ) ) ;
#2500 = VECTOR ( 'NONE', #1938, 1000.000000000000000 ) ;
#2501 = ORIENTED_EDGE ( 'NONE', *, *, #2922, .T. ) ;
#2502 = CARTESIAN_POINT ( 'NONE',  ( 4.135276340434258743E-15, 0.000000000000000000, 0.4750000000000000333 ) ) ;
#2503 = ORIENTED_EDGE ( 'NONE', *, *, #1284, .T. ) ;
#2504 = ADVANCED_FACE ( 'NONE', ( #344 ), #1696, .T. ) ;
#2505 = CARTESIAN_POINT ( 'NONE',  ( 1.116499999999999826, 0.3299999999999999600, 1.159999999999999920 ) ) ;
#2506 = DIRECTION ( 'NONE',  ( 0.000000000000000000, 0.000000000000000000, 1.000000000000000000 ) ) ;
#2507 = CARTESIAN_POINT ( 'NONE',  ( 0.4000000000000126232, 0.000000000000000000, -0.2000000000000000944 ) ) ;
#2508 = CARTESIAN_POINT ( 'NONE',  ( 2.081668171172168513E-14, -0.1700000000000000122, -0.8750000000000000000 ) ) ;
#2509 = ORIENTED_EDGE ( 'NONE', *, *, #286, .F. ) ;
#2510 = EDGE_LOOP ( 'NONE', ( #2621, #1403, #362 ) ) ;
#2511 = DIRECTION ( 'NONE',  ( 0.000000000000000000, 0.000000000000000000, 1.000000000000000000 ) ) ;
#2512 = EDGE_CURVE ( 'NONE', #2841, #2775, #257, .T. ) ;
#2513 = EDGE_LOOP ( 'NONE', ( #1200, #184, #1608, #2633 ) ) ;
#2514 = CARTESIAN_POINT ( 'NONE',  ( 4.119968255444916849E-15, -0.04500000000000001221, 0.6000000000000000888 ) ) ;
#2515 = CARTESIAN_POINT ( 'NONE',  ( 4.119968255444916849E-15, -0.04500000000000001221, 0.6000000000000000888 ) ) ;
#2516 = DIRECTION ( 'NONE',  ( 0.000000000000000000, 0.000000000000000000, -1.000000000000000000 ) ) ;
#2517 = ORIENTED_EDGE ( 'NONE', *, *, #2857, .T. ) ;
#2518 = DIRECTION ( 'NONE',  ( 0.000000000000000000, 0.000000000000000000, -1.000000000000000000 ) ) ;
#2519 = EDGE_LOOP ( 'NONE', ( #363, #3527, #2859, #1277 ) ) ;
#2520 =( NAMED_UNIT ( * ) PLANE_ANGLE_UNIT ( ) SI_UNIT ( $, .RADIAN. ) );
#2521 = AXIS2_PLACEMENT_3D ( 'NONE', #3038, #3262, #2446 ) ;
#2522 = EDGE_CURVE ( 'NONE', #1825, #436, #1290, .T. ) ;
#2523 = ADVANCED_FACE ( 'NONE', ( #631 ), #55, .T. ) ;
#2524 = CARTESIAN_POINT ( 'NONE',  ( 0.8000000000000166978, -0.1700000000000000122, -0.6000000000000000888 ) ) ;
#2525 = CIRCLE ( 'NONE', #241, 0.1250000000000000000 ) ;
#2526 = CARTESIAN_POINT ( 'NONE',  ( 0.8000000000000166978, -0.04500000000000001221, -0.6000000000000000888 ) ) ;
#2527 = ORIENTED_EDGE ( 'NONE', *, *, #2042, .T. ) ;
#2528 = VERTEX_POINT ( 'NONE', #1480 ) ;
#2529 = CIRCLE ( 'NONE', #121, 0.1250000000000001110 ) ;
#2530 = CARTESIAN_POINT ( 'NONE',  ( 0.4000000000000082934, 0.000000000000000000, 0.07499999999999998335 ) ) ;
#2531 = LINE ( 'NONE', #2462, #2492 ) ;
#2532 = AXIS2_PLACEMENT_3D ( 'NONE', #1837, #3498, #1890 ) ;
#2533 = CARTESIAN_POINT ( 'NONE',  ( -0.7999999999999876099, -0.1700000000000000122, -0.2000000000000000944 ) ) ;
#2534 = ORIENTED_EDGE ( 'NONE', *, *, #1400, .F. ) ;
#2535 = DIRECTION ( 'NONE',  ( -1.000000000000000000, -0.000000000000000000, -0.000000000000000000 ) ) ;
#2536 = ORIENTED_EDGE ( 'NONE', *, *, #1887, .T. ) ;
#2537 = VECTOR ( 'NONE', #2396, 1000.000000000000000 ) ;
#2538 = CARTESIAN_POINT ( 'NONE',  ( 0.000000000000000000, -0.04500000000000001221, 1.000000000000000000 ) ) ;
#2539 = ADVANCED_FACE ( 'NONE', ( #1964 ), #878, .T. ) ;
#2540 = AXIS2_PLACEMENT_3D ( 'NONE', #1215, #896, #118 ) ;
#2541 = DIRECTION ( 'NONE',  ( 0.000000000000000000, 0.000000000000000000, 1.000000000000000000 ) ) ;
#2542 = CARTESIAN_POINT ( 'NONE',  ( 0.000000000000000000, -0.04500000000000001221, 1.000000000000000000 ) ) ;
#2543 = ADVANCED_FACE ( 'NONE', ( #615 ), #3105, .T. ) ;
#2544 = ORIENTED_EDGE ( 'NONE', *, *, #425, .F. ) ;
#2545 = ORIENTED_EDGE ( 'NONE', *, *, #2061, .F. ) ;
#2546 = LINE ( 'NONE', #953, #3444 ) ;
#2547 = AXIS2_PLACEMENT_3D ( 'NONE', #1956, #3062, #2231 ) ;
#2548 = EDGE_CURVE ( 'NONE', #394, #1728, #29, .T. ) ;
#2549 = ADVANCED_FACE ( 'NONE', ( #1183 ), #2272, .F. ) ;
#2550 = DIRECTION ( 'NONE',  ( -0.000000000000000000, 1.000000000000000000, -0.000000000000000000 ) ) ;
#2551 = VERTEX_POINT ( 'NONE', #755 ) ;
#2552 = SPHERICAL_SURFACE ( 'NONE', #1981, 0.1250000000000000000 ) ;
#2553 = VERTEX_POINT ( 'NONE', #198 ) ;
#2554 = AXIS2_PLACEMENT_3D ( 'NONE', #3079, #1988, #2214 ) ;
#2555 = DIRECTION ( 'NONE',  ( 0.000000000000000000, 0.000000000000000000, 1.000000000000000000 ) ) ;
#2556 = AXIS2_PLACEMENT_3D ( 'NONE', #1364, #2452, #2688 ) ;
#2557 = EDGE_CURVE ( 'NONE', #3291, #2551, #2081, .T. ) ;
#2558 = PLANE ( 'NONE',  #2259 ) ;
#2559 = DIRECTION ( 'NONE',  ( 0.000000000000000000, -0.000000000000000000, 1.000000000000000000 ) ) ;
#2560 = CARTESIAN_POINT ( 'NONE',  ( 0.000000000000000000, -0.1700000000000000122, 1.000000000000000000 ) ) ;
#2561 = EDGE_CURVE ( 'NONE', #2783, #805, #997, .T. ) ;
#2562 = ORIENTED_EDGE ( 'NONE', *, *, #2792, .T. ) ;
#2563 = ORIENTED_EDGE ( 'NONE', *, *, #3193, .F. ) ;
#2564 = LINE ( 'NONE', #1455, #1436 ) ;
#2565 = CARTESIAN_POINT ( 'NONE',  ( -0.7999999999999917177, 0.000000000000000000, 0.3250000000000000111 ) ) ;
#2566 = VERTEX_POINT ( 'NONE', #2359 ) ;
#2567 = CARTESIAN_POINT ( 'NONE',  ( 4.119968255444916849E-15, -0.04500000000000001221, 0.6000000000000000888 ) ) ;
#2568 = EDGE_LOOP ( 'NONE', ( #1000, #1572, #201, #3203 ) ) ;
#2569 = DIRECTION ( 'NONE',  ( 0.000000000000000000, 0.000000000000000000, -1.000000000000000000 ) ) ;
#2570 = VERTEX_POINT ( 'NONE', #3464 ) ;
#2571 = FACE_BOUND ( 'NONE', #1918, .T. ) ;
#2572 = DIRECTION ( 'NONE',  ( 0.000000000000000000, -1.000000000000000000, 0.000000000000000000 ) ) ;
#2573 = DIRECTION ( 'NONE',  ( 0.000000000000000000, 0.000000000000000000, 1.000000000000000000 ) ) ;
#2574 = AXIS2_PLACEMENT_3D ( 'NONE', #1911, #3015, #1962 ) ;
#2575 = EDGE_LOOP ( 'NONE', ( #122, #2213, #2173, #893 ) ) ;
#2576 = ORIENTED_EDGE ( 'NONE', *, *, #2496, .T. ) ;
#2577 = CIRCLE ( 'NONE', #1207, 0.1250000000000000000 ) ;
#2578 = CARTESIAN_POINT ( 'NONE',  ( -0.8665000000000002700, 0.3199999999999998956, -0.9100000000000000311 ) ) ;
#2579 = FACE_OUTER_BOUND ( 'NONE', #2816, .T. ) ;
#2580 = CIRCLE ( 'NONE', #71, 0.1250000000000000000 ) ;
#2581 = AXIS2_PLACEMENT_3D ( 'NONE', #1062, #1565, #2403 ) ;
#2582 = SPHERICAL_SURFACE ( 'NONE', #2729, 0.1250000000000000000 ) ;
#2583 = EDGE_CURVE ( 'NONE', #895, #3238, #939, .T. ) ;
#2584 = CIRCLE ( 'NONE', #875, 0.1250000000000000000 ) ;
#2585 = ORIENTED_EDGE ( 'NONE', *, *, #638, .F. ) ;
#2586 = SPHERICAL_SURFACE ( 'NONE', #442, 0.1250000000000000000 ) ;
#2587 = ORIENTED_EDGE ( 'NONE', *, *, #900, .F. ) ;
#2588 = CARTESIAN_POINT ( 'NONE',  ( -0.7999999999999791722, -0.04500000000000001221, -1.125000000000000222 ) ) ;
#2589 = EDGE_LOOP ( 'NONE', ( #2900, #2276, #441, #2413 ) ) ;
#2590 = CIRCLE ( 'NONE', #1285, 0.1250000000000000000 ) ;
#2591 = EDGE_CURVE ( 'NONE', #3148, #1085, #3424, .T. ) ;
#2592 = SPHERICAL_SURFACE ( 'NONE', #2891, 0.1250000000000000000 ) ;
#2593 = CARTESIAN_POINT ( 'NONE',  ( 0.8000000000000082601, -0.04500000000000001221, 0.1999999999999999833 ) ) ;
#2594 = DIRECTION ( 'NONE',  ( 0.000000000000000000, 0.000000000000000000, 1.000000000000000000 ) ) ;
#2595 = AXIS2_PLACEMENT_3D ( 'NONE', #73, #646, #1164 ) ;
#2596 = ORIENTED_EDGE ( 'NONE', *, *, #2332, .T. ) ;
#2597 = ORIENTED_EDGE ( 'NONE', *, *, #2805, .F. ) ;
#2598 = CIRCLE ( 'NONE', #2662, 0.1250000000000000000 ) ;
#2599 = DIRECTION ( 'NONE',  ( 1.000000000000000000, 0.000000000000000000, 0.000000000000000000 ) ) ;
#2600 = CARTESIAN_POINT ( 'NONE',  ( -0.3999999999999874767, -0.1700000000000000122, -0.07500000000000009437 ) ) ;
#2601 = DIRECTION ( 'NONE',  ( 0.000000000000000000, -1.000000000000000000, 0.000000000000000000 ) ) ;
#2602 = AXIS2_PLACEMENT_3D ( 'NONE', #3336, #2070, #1254 ) ;
#2603 = CYLINDRICAL_SURFACE ( 'NONE', #1978, 0.1250000000000000000 ) ;
#2604 = AXIS2_PLACEMENT_3D ( 'NONE', #557, #1426, #1408 ) ;
#2605 = VERTEX_POINT ( 'NONE', #2885 ) ;
#2606 = CARTESIAN_POINT ( 'NONE',  ( 0.8000000000000208056, -0.1700000000000000122, -1.000000000000000000 ) ) ;
#2607 = ORIENTED_EDGE ( 'NONE', *, *, #2456, .T. ) ;
#2608 = EDGE_CURVE ( 'NONE', #2704, #605, #1762, .T. ) ;
#2609 = VECTOR ( 'NONE', #2495, 1000.000000000000000 ) ;
#2610 = EDGE_LOOP ( 'NONE', ( #1847, #1875, #3518, #2517 ) ) ;
#2611 = FACE_BOUND ( 'NONE', #930, .T. ) ;
#2612 = DIRECTION ( 'NONE',  ( 0.000000000000000000, 0.000000000000000000, 1.000000000000000000 ) ) ;
#2613 = VECTOR ( 'NONE', #3458, 1000.000000000000000 ) ;
#2614 = CARTESIAN_POINT ( 'NONE',  ( 0.8000000000000000444, 0.000000000000000000, 0.8750000000000000000 ) ) ;
#2615 = AXIS2_PLACEMENT_3D ( 'NONE', #892, #1123, #1957 ) ;
#2616 = ORIENTED_EDGE ( 'NONE', *, *, #2608, .F. ) ;
#2617 = ORIENTED_EDGE ( 'NONE', *, *, #313, .T. ) ;
#2618 = DIRECTION ( 'NONE',  ( 0.000000000000000000, 0.000000000000000000, -1.000000000000000000 ) ) ;
#2619 = CARTESIAN_POINT ( 'NONE',  ( -0.3999999999999916955, -0.1700000000000000122, 0.07499999999999998335 ) ) ;
#2620 = CARTESIAN_POINT ( 'NONE',  ( 0.4000000000000000777, -0.04500000000000001221, 1.125000000000000222 ) ) ;
#2621 = ORIENTED_EDGE ( 'NONE', *, *, #3383, .F. ) ;
#2622 = DIRECTION ( 'NONE',  ( 0.000000000000000000, 0.000000000000000000, 1.000000000000000000 ) ) ;
#2623 = DIRECTION ( 'NONE',  ( -0.000000000000000000, 1.000000000000000000, -0.000000000000000000 ) ) ;
#2624 = ORIENTED_EDGE ( 'NONE', *, *, #3115, .F. ) ;
#2625 = DIRECTION ( 'NONE',  ( 1.000000000000000000, 0.000000000000000000, 0.000000000000000000 ) ) ;
#2626 = EDGE_LOOP ( 'NONE', ( #1719, #3114, #1177 ) ) ;
#2627 = CARTESIAN_POINT ( 'NONE',  ( -0.4000000000000000222, -0.04500000000000001221, 1.000000000000000000 ) ) ;
#2628 = ORIENTED_EDGE ( 'NONE', *, *, #1074, .F. ) ;
#2629 = FACE_BOUND ( 'NONE', #2882, .T. ) ;
#2630 = DIRECTION ( 'NONE',  ( -0.000000000000000000, 1.000000000000000000, -0.000000000000000000 ) ) ;
#2631 = DIRECTION ( 'NONE',  ( -0.000000000000000000, 1.000000000000000000, -0.000000000000000000 ) ) ;
#2632 = EDGE_LOOP ( 'NONE', ( #541, #941, #58, #1276 ) ) ;
#2634 = EDGE_CURVE ( 'NONE', #3374, #863, #1255, .T. ) ;
#2633 = ORIENTED_EDGE ( 'NONE', *, *, #113, .F. ) ;
#2635 = FILL_AREA_STYLE ('',( #1542 ) ) ;
#2636 = DIRECTION ( 'NONE',  ( 0.000000000000000000, -1.000000000000000000, 0.000000000000000000 ) ) ;
#2637 = FACE_OUTER_BOUND ( 'NONE', #1384, .T. ) ;
#2638 = CARTESIAN_POINT ( 'NONE',  ( 2.081668171172168513E-14, 0.000000000000000000, -1.000000000000000000 ) ) ;
#2639 = CARTESIAN_POINT ( 'NONE',  ( 0.8000000000000082601, -0.1700000000000000122, 0.3250000000000000111 ) ) ;
#2640 = CIRCLE ( 'NONE', #1275, 0.1250000000000000000 ) ;
#2641 = CARTESIAN_POINT ( 'NONE',  ( 8.348356728138384142E-15, -0.1700000000000000122, 0.1999999999999999833 ) ) ;
#2642 = VERTEX_POINT ( 'NONE', #2052 ) ;
#2643 = DIRECTION ( 'NONE',  ( -1.000000000000000000, -0.000000000000000000, -0.000000000000000000 ) ) ;
#2644 = CIRCLE ( 'NONE', #3282, 0.1250000000000000000 ) ;
#2645 = CARTESIAN_POINT ( 'NONE',  ( 0.4000000000000208944, -0.04500000000000001221, -0.8750000000000000000 ) ) ;
#2646 = VERTEX_POINT ( 'NONE', #948 ) ;
#2647 = SURFACE_STYLE_USAGE ( .BOTH. , #463 ) ;
#2648 = DIRECTION ( 'NONE',  ( 0.000000000000000000, 0.000000000000000000, -1.000000000000000000 ) ) ;
#2649 = CARTESIAN_POINT ( 'NONE',  ( 0.4000000000000041855, -0.04500000000000001221, 0.6000000000000000888 ) ) ;
#2650 = PRODUCT_CONTEXT ( 'NONE', #1190, 'mechanical' ) ;
#2651 = ORIENTED_EDGE ( 'NONE', *, *, #3118, .T. ) ;
#2652 = LINE ( 'NONE', #2892, #1898 ) ;
#2653 = AXIS2_PLACEMENT_3D ( 'NONE', #443, #135, #1477 ) ;
#2654 = FACE_OUTER_BOUND ( 'NONE', #600, .T. ) ;
#2655 = CARTESIAN_POINT ( 'NONE',  ( -0.7999999999999791722, 0.000000000000000000, -1.000000000000000000 ) ) ;
#2656 = EDGE_CURVE ( 'NONE', #1958, #164, #1401, .T. ) ;
#2657 = ORIENTED_EDGE ( 'NONE', *, *, #1272, .T. ) ;
#2658 = AXIS2_PLACEMENT_3D ( 'NONE', #1091, #237, #1336 ) ;
#2659 = CARTESIAN_POINT ( 'NONE',  ( 8.348356728138384142E-15, -0.04500000000000001221, 0.1999999999999999833 ) ) ;
#2660 = EDGE_CURVE ( 'NONE', #978, #620, #2431, .T. ) ;
#2661 = DIRECTION ( 'NONE',  ( -0.000000000000000000, 1.000000000000000000, -0.000000000000000000 ) ) ;
#2662 = AXIS2_PLACEMENT_3D ( 'NONE', #1214, #3140, #3423 ) ;
#2663 = EDGE_CURVE ( 'NONE', #619, #2093, #427, .T. ) ;
#2664 = EDGE_LOOP ( 'NONE', ( #154, #1119, #1748, #3418 ) ) ;
#2665 = PRESENTATION_LAYER_ASSIGNMENT (  '', '', ( #2027 ) ) ;
#2666 = CARTESIAN_POINT ( 'NONE',  ( 0.4000000000000167866, -0.1700000000000000122, -0.7250000000000000888 ) ) ;
#2667 = DIRECTION ( 'NONE',  ( 0.000000000000000000, -1.000000000000000000, 0.000000000000000000 ) ) ;
#2668 = ORIENTED_EDGE ( 'NONE', *, *, #2395, .F. ) ;
#2669 = CYLINDRICAL_SURFACE ( 'NONE', #2485, 0.1250000000000000000 ) ;
#2670 = DIRECTION ( 'NONE',  ( -0.000000000000000000, 1.000000000000000000, -0.000000000000000000 ) ) ;
#2671 = CARTESIAN_POINT ( 'NONE',  ( 1.246832498358330099E-14, -0.04500000000000001221, -0.2000000000000000944 ) ) ;
#2672 = EDGE_CURVE ( 'NONE', #3456, #164, #2927, .T. ) ;
#2673 = AXIS2_PLACEMENT_3D ( 'NONE', #1407, #80, #606 ) ;
#2674 =( NAMED_UNIT ( * ) PLANE_ANGLE_UNIT ( ) SI_UNIT ( $, .RADIAN. ) );
#2675 = VERTEX_POINT ( 'NONE', #3141 ) ;
#2676 = PRESENTATION_LAYER_ASSIGNMENT (  '', '', ( #216 ) ) ;
#2677 = AXIS2_PLACEMENT_3D ( 'NONE', #1031, #2698, #1324 ) ;
#2678 = FACE_OUTER_BOUND ( 'NONE', #1781, .T. ) ;
#2679 = ORIENTED_EDGE ( 'NONE', *, *, #2814, .T. ) ;
#2680 = DIRECTION ( 'NONE',  ( -1.224646799147350495E-16, 0.000000000000000000, -1.000000000000000000 ) ) ;
#2681 = SPHERICAL_SURFACE ( 'NONE', #86, 0.1250000000000000000 ) ;
#2682 = EDGE_CURVE ( 'NONE', #356, #2796, #141, .T. ) ;
#2683 = DIRECTION ( 'NONE',  ( -0.000000000000000000, 1.000000000000000000, -0.000000000000000000 ) ) ;
#2684 = ORIENTED_EDGE ( 'NONE', *, *, #1259, .F. ) ;
#2685 = FACE_OUTER_BOUND ( 'NONE', #986, .T. ) ;
#2686 = ADVANCED_FACE ( 'NONE', ( #1559 ), #3485, .T. ) ;
#2687 = DIRECTION ( 'NONE',  ( 0.000000000000000000, 0.000000000000000000, 1.000000000000000000 ) ) ;
#2688 = DIRECTION ( 'NONE',  ( 0.000000000000000000, 0.000000000000000000, 1.000000000000000000 ) ) ;
#2689 = EDGE_LOOP ( 'NONE', ( #881, #566, #1335, #3367 ) ) ;
#2690 = DIRECTION ( 'NONE',  ( 1.000000000000000000, 0.000000000000000000, 0.000000000000000000 ) ) ;
#2691 = DIRECTION ( 'NONE',  ( 0.000000000000000000, 0.000000000000000000, -1.000000000000000000 ) ) ;
#2692 = ORIENTED_EDGE ( 'NONE', *, *, #1543, .F. ) ;
#2693 = LINE ( 'NONE', #2759, #3161 ) ;
#2694 = DIRECTION ( 'NONE',  ( 0.000000000000000000, 0.000000000000000000, 1.000000000000000000 ) ) ;
#2695 = ORIENTED_EDGE ( 'NONE', *, *, #1172, .T. ) ;
#2696 = DIRECTION ( 'NONE',  ( -0.000000000000000000, 1.000000000000000000, -0.000000000000000000 ) ) ;
#2697 = AXIS2_PLACEMENT_3D ( 'NONE', #28, #3326, #864 ) ;
#2698 = DIRECTION ( 'NONE',  ( 0.000000000000000000, -1.000000000000000000, 0.000000000000000000 ) ) ;
#2699 = VERTEX_POINT ( 'NONE', #2128 ) ;
#2700 = DIRECTION ( 'NONE',  ( 0.000000000000000000, 0.000000000000000000, -1.000000000000000000 ) ) ;
#2701 = AXIS2_PLACEMENT_3D ( 'NONE', #1658, #1930, #2206 ) ;
#2702 = DIRECTION ( 'NONE',  ( 1.000000000000000000, 0.000000000000000000, 0.000000000000000000 ) ) ;
#2703 = CARTESIAN_POINT ( 'NONE',  ( 0.8000000000000166978, -0.04500000000000001221, -0.4750000000000000333 ) ) ;
#2704 = VERTEX_POINT ( 'NONE', #2400 ) ;
#2705 = AXIS2_PLACEMENT_3D ( 'NONE', #1093, #1660, #2189 ) ;
#2706 = CYLINDRICAL_SURFACE ( 'NONE', #3275, 0.1250000000000000000 ) ;
#2707 = ADVANCED_FACE ( 'NONE', ( #3503 ), #1030, .T. ) ;
#2708 = DIRECTION ( 'NONE',  ( 0.000000000000000000, 0.000000000000000000, 1.000000000000000000 ) ) ;
#2709 = DIRECTION ( 'NONE',  ( 0.000000000000000000, 0.000000000000000000, -1.000000000000000000 ) ) ;
#2710 = VERTEX_POINT ( 'NONE', #517 ) ;
#2711 = AXIS2_PLACEMENT_3D ( 'NONE', #115, #1197, #1758 ) ;
#2712 = CARTESIAN_POINT ( 'NONE',  ( -0.7999999999999791722, -0.1700000000000000122, -1.000000000000000000 ) ) ;
#2713 = EDGE_CURVE ( 'NONE', #605, #1076, #2204, .T. ) ;
#2714 = AXIS2_PLACEMENT_3D ( 'NONE', #1148, #2240, #360 ) ;
#2715 = DIRECTION ( 'NONE',  ( 0.000000000000000000, 0.000000000000000000, 1.000000000000000000 ) ) ;
#2716 = VERTEX_POINT ( 'NONE', #2139 ) ;
#2717 = SPHERICAL_SURFACE ( 'NONE', #705, 0.1250000000000000000 ) ;
#2718 = AXIS2_PLACEMENT_3D ( 'NONE', #775, #3269, #1331 ) ;
#2719 = CARTESIAN_POINT ( 'NONE',  ( 0.4000000000000167866, -0.04500000000000001221, -0.6000000000000000888 ) ) ;
#2720 = DIRECTION ( 'NONE',  ( 0.000000000000000000, 0.000000000000000000, 1.000000000000000000 ) ) ;
#2721 = ADVANCED_FACE ( 'NONE', ( #3493 ), #2920, .T. ) ;
#2722 = ORIENTED_EDGE ( 'NONE', *, *, #2682, .T. ) ;
#2723 = MECHANICAL_DESIGN_GEOMETRIC_PRESENTATION_REPRESENTATION (  '', ( #2027 ), #1176 ) ;
#2724 = DIRECTION ( 'NONE',  ( 0.000000000000000000, -0.000000000000000000, -1.000000000000000000 ) ) ;
#2725 = CARTESIAN_POINT ( 'NONE',  ( 1.116499999999999826, 0.3299999999999999600, 1.159999999999999920 ) ) ;
#2726 = DIRECTION ( 'NONE',  ( 0.000000000000000000, 0.000000000000000000, 1.000000000000000000 ) ) ;
#2727 = DIRECTION ( 'NONE',  ( 0.000000000000000000, 0.000000000000000000, -1.000000000000000000 ) ) ;
#2728 = VERTEX_POINT ( 'NONE', #1246 ) ;
#2729 = AXIS2_PLACEMENT_3D ( 'NONE', #766, #1306, #3209 ) ;
#2730 = CIRCLE ( 'NONE', #1746, 0.1250000000000001110 ) ;
#2731 = DIRECTION ( 'NONE',  ( 0.000000000000000000, 0.000000000000000000, 1.000000000000000000 ) ) ;
#2732 = AXIS2_PLACEMENT_3D ( 'NONE', #3267, #3281, #823 ) ;
#2733 = ORIENTED_EDGE ( 'NONE', *, *, #1017, .F. ) ;
#2734 = DIRECTION ( 'NONE',  ( 0.000000000000000000, 0.000000000000000000, 1.000000000000000000 ) ) ;
#2735 = CARTESIAN_POINT ( 'NONE',  ( 0.4000000000000082934, -0.1700000000000000122, 0.1999999999999999833 ) ) ;
#2736 = CARTESIAN_POINT ( 'NONE',  ( -0.3999999999999833689, 0.000000000000000000, -0.4750000000000000333 ) ) ;
#2737 = DIRECTION ( 'NONE',  ( 0.000000000000000000, 0.000000000000000000, 1.000000000000000000 ) ) ;
#2738 = DIRECTION ( 'NONE',  ( -0.000000000000000000, 1.000000000000000000, -0.000000000000000000 ) ) ;
#2739 = CARTESIAN_POINT ( 'NONE',  ( 4.119968255444916849E-15, -0.04500000000000001221, 0.6000000000000000888 ) ) ;
#2740 = ADVANCED_FACE ( 'NONE', ( #3434 ), #2681, .T. ) ;
#2741 = EDGE_CURVE ( 'NONE', #1257, #250, #2899, .T. ) ;
#2742 = DIRECTION ( 'NONE',  ( -0.000000000000000000, 1.000000000000000000, -0.000000000000000000 ) ) ;
#2743 = DIRECTION ( 'NONE',  ( 0.000000000000000000, 0.000000000000000000, -1.000000000000000000 ) ) ;
#2744 = EDGE_CURVE ( 'NONE', #590, #1541, #2100, .T. ) ;
#2745 = EDGE_LOOP ( 'NONE', ( #2965, #1975, #769 ) ) ;
#2746 = CARTESIAN_POINT ( 'NONE',  ( 0.8000000000000000444, -0.04500000000000001221, 1.000000000000000000 ) ) ;
#2747 = DIRECTION ( 'NONE',  ( 0.000000000000000000, -1.000000000000000000, 0.000000000000000000 ) ) ;
#2748 = EDGE_LOOP ( 'NONE', ( #2807, #2907, #481 ) ) ;
#2749 = DIRECTION ( 'NONE',  ( 0.000000000000000000, -1.000000000000000000, 0.000000000000000000 ) ) ;
#2750 = DIRECTION ( 'NONE',  ( 0.000000000000000000, 0.000000000000000000, 1.000000000000000000 ) ) ;
#2751 = VECTOR ( 'NONE', #2818, 1000.000000000000000 ) ;
#2752 = DIRECTION ( 'NONE',  ( -0.000000000000000000, 1.000000000000000000, -0.000000000000000000 ) ) ;
#2753 = EDGE_LOOP ( 'NONE', ( #2069, #2764, #871, #3202 ) ) ;
#2754 = CARTESIAN_POINT ( 'NONE',  ( 0.8000000000000041522, -0.04500000000000001221, 0.6000000000000000888 ) ) ;
#2755 = AXIS2_PLACEMENT_3D ( 'NONE', #3362, #2802, #1152 ) ;
#2756 = CARTESIAN_POINT ( 'NONE',  ( 1.116499999999999826, 0.3299999999999999600, 1.159999999999999920 ) ) ;
#2757 = FACE_OUTER_BOUND ( 'NONE', #3391, .T. ) ;
#2758 = AXIS2_PLACEMENT_3D ( 'NONE', #2833, #949, #3388 ) ;
#2759 = CARTESIAN_POINT ( 'NONE',  ( -1.116500000000000270, 0.3299999999999999600, -1.159999999999999920 ) ) ;
#2760 = VECTOR ( 'NONE', #2949, 1000.000000000000000 ) ;
#2761 = DIRECTION ( 'NONE',  ( 0.000000000000000000, 0.000000000000000000, -1.000000000000000000 ) ) ;
#2762 = EDGE_CURVE ( 'NONE', #2815, #1567, #999, .T. ) ;
#2763 = ORIENTED_EDGE ( 'NONE', *, *, #1720, .T. ) ;
#2764 = ORIENTED_EDGE ( 'NONE', *, *, #2104, .F. ) ;
#2765 = FACE_OUTER_BOUND ( 'NONE', #2947, .T. ) ;
#2766 = EDGE_CURVE ( 'NONE', #1395, #1248, #779, .T. ) ;
#2767 = ORIENTED_EDGE ( 'NONE', *, *, #655, .F. ) ;
#2768 = DIRECTION ( 'NONE',  ( 0.000000000000000000, 0.000000000000000000, 1.000000000000000000 ) ) ;
#2769 = EDGE_CURVE ( 'NONE', #1101, #3273, #2975, .T. ) ;
#2770 = DIRECTION ( 'NONE',  ( 1.000000000000000000, 0.000000000000000000, -1.224646799147353207E-16 ) ) ;
#2771 = CARTESIAN_POINT ( 'NONE',  ( -1.116500000000000270, 0.000000000000000000, 1.159999999999999920 ) ) ;
#2772 = AXIS2_PLACEMENT_3D ( 'NONE', #2538, #1252, #3438 ) ;
#2773 = VERTEX_POINT ( 'NONE', #3168 ) ;
#2774 = FACE_OUTER_BOUND ( 'NONE', #2626, .T. ) ;
#2775 = VERTEX_POINT ( 'NONE', #707 ) ;
#2776 = AXIS2_PLACEMENT_3D ( 'NONE', #1709, #2811, #2541 ) ;
#2777 = CARTESIAN_POINT ( 'NONE',  ( 4.119968255444916849E-15, -0.04500000000000001221, 0.7250000000000000888 ) ) ;
#2778 = CIRCLE ( 'NONE', #3009, 0.1250000000000000000 ) ;
#2779 = CIRCLE ( 'NONE', #1734, 0.1250000000000000000 ) ;
#2780 = DIRECTION ( 'NONE',  ( 1.000000000000000000, 0.000000000000000000, -1.224646799147353207E-16 ) ) ;
#2781 = EDGE_CURVE ( 'NONE', #75, #2852, #2778, .T. ) ;
#2782 = CARTESIAN_POINT ( 'NONE',  ( -0.3999999999999916955, -0.04500000000000001221, 0.1999999999999999833 ) ) ;
#2783 = VERTEX_POINT ( 'NONE', #3477 ) ;
#2784 = ORIENTED_EDGE ( 'NONE', *, *, #2744, .F. ) ;
#2785 = CARTESIAN_POINT ( 'NONE',  ( 0.8000000000000166978, -0.04500000000000001221, -0.6000000000000000888 ) ) ;
#2786 = AXIS2_PLACEMENT_3D ( 'NONE', #1155, #2749, #2248 ) ;
#2787 = ORIENTED_EDGE ( 'NONE', *, *, #559, .T. ) ;
#2788 = AXIS2_PLACEMENT_3D ( 'NONE', #1654, #3099, #640 ) ;
#2789 = DIRECTION ( 'NONE',  ( -0.000000000000000000, 1.000000000000000000, -0.000000000000000000 ) ) ;
#2790 = DIRECTION ( 'NONE',  ( 0.000000000000000000, 0.000000000000000000, -1.000000000000000000 ) ) ;
#2791 = CARTESIAN_POINT ( 'NONE',  ( -1.116500000000000270, 0.3299999999999999600, 1.159999999999999920 ) ) ;
#2792 = EDGE_CURVE ( 'NONE', #1624, #1990, #438, .T. ) ;
#2793 = AXIS2_PLACEMENT_3D ( 'NONE', #1157, #3128, #3315 ) ;
#2794 = ORIENTED_EDGE ( 'NONE', *, *, #2890, .F. ) ;
#2795 = DIRECTION ( 'NONE',  ( -0.000000000000000000, 1.000000000000000000, -0.000000000000000000 ) ) ;
#2796 = VERTEX_POINT ( 'NONE', #1307 ) ;
#2797 = EDGE_CURVE ( 'NONE', #978, #2233, #371, .T. ) ;
#2798 = CARTESIAN_POINT ( 'NONE',  ( -0.7999999999999791722, -0.1700000000000000122, -1.000000000000000000 ) ) ;
#2799 = CARTESIAN_POINT ( 'NONE',  ( 2.081668171172168513E-14, -0.04500000000000001221, -1.000000000000000000 ) ) ;
#2800 = CARTESIAN_POINT ( 'NONE',  ( 0.8000000000000041522, -0.1700000000000000122, 0.6000000000000000888 ) ) ;
#2801 = EDGE_LOOP ( 'NONE', ( #1935, #1232, #2587 ) ) ;
#2802 = DIRECTION ( 'NONE',  ( 1.000000000000000000, 0.000000000000000000, 0.000000000000000000 ) ) ;
#2803 = EDGE_LOOP ( 'NONE', ( #1707, #2299 ) ) ;
#2804 = FACE_OUTER_BOUND ( 'NONE', #2867, .T. ) ;
#2805 = EDGE_CURVE ( 'NONE', #1208, #3148, #2083, .T. ) ;
#2806 = DIRECTION ( 'NONE',  ( -0.000000000000000000, 1.000000000000000000, -0.000000000000000000 ) ) ;
#2807 = ORIENTED_EDGE ( 'NONE', *, *, #3310, .F. ) ;
#2808 = DIRECTION ( 'NONE',  ( 0.000000000000000000, 0.000000000000000000, -1.000000000000000000 ) ) ;
#2809 = VERTEX_POINT ( 'NONE', #2406 ) ;
#2810 = AXIS2_PLACEMENT_3D ( 'NONE', #2, #1109, #3031 ) ;
#2811 = DIRECTION ( 'NONE',  ( -0.000000000000000000, 1.000000000000000000, -0.000000000000000000 ) ) ;
#2812 = FACE_OUTER_BOUND ( 'NONE', #3180, .T. ) ;
#2813 = EDGE_CURVE ( 'NONE', #68, #2646, #767, .T. ) ;
#2814 = EDGE_CURVE ( 'NONE', #1624, #993, #607, .T. ) ;
#2815 = VERTEX_POINT ( 'NONE', #2940 ) ;
#2816 = EDGE_LOOP ( 'NONE', ( #500, #173, #3375, #1268 ) ) ;
#2817 = ORIENTED_EDGE ( 'NONE', *, *, #240, .T. ) ;
#2818 = DIRECTION ( 'NONE',  ( -0.000000000000000000, 1.000000000000000000, -0.000000000000000000 ) ) ;
#2819 = CARTESIAN_POINT ( 'NONE',  ( 0.8000000000000041522, 0.000000000000000000, 0.6000000000000000888 ) ) ;
#2820 = EDGE_CURVE ( 'NONE', #2716, #2000, #1456, .T. ) ;
#2821 = VECTOR ( 'NONE', #2178, 1000.000000000000000 ) ;
#2822 = EDGE_CURVE ( 'NONE', #1711, #2699, #423, .T. ) ;
#2823 = EDGE_LOOP ( 'NONE', ( #353, #3225 ) ) ;
#2824 = CYLINDRICAL_SURFACE ( 'NONE', #1744, 0.1250000000000000000 ) ;
#2825 = VERTEX_POINT ( 'NONE', #1462 ) ;
#2826 = AXIS2_PLACEMENT_3D ( 'NONE', #661, #3384, #980 ) ;
#2827 = EDGE_CURVE ( 'NONE', #2301, #915, #1404, .T. ) ;
#2828 = CARTESIAN_POINT ( 'NONE',  ( -0.8665000000000002700, 0.3199999999999998956, -0.9100000000000000311 ) ) ;
#2829 = VECTOR ( 'NONE', #2670, 1000.000000000000000 ) ;
#2830 = FACE_BOUND ( 'NONE', #1922, .T. ) ;
#2831 = CARTESIAN_POINT ( 'NONE',  ( 0.4000000000000041855, 0.000000000000000000, 0.6000000000000000888 ) ) ;
#2832 = AXIS2_PLACEMENT_3D ( 'NONE', #2062, #211, #1011 ) ;
#2833 = CARTESIAN_POINT ( 'NONE',  ( -0.8000000000000000444, -0.04500000000000001221, 1.000000000000000000 ) ) ;
#2834 = CIRCLE ( 'NONE', #143, 0.1250000000000000000 ) ;
#2835 = EDGE_LOOP ( 'NONE', ( #1969, #778, #1263, #2924 ) ) ;
#2836 = ORIENTED_EDGE ( 'NONE', *, *, #1603, .F. ) ;
#2837 = FACE_OUTER_BOUND ( 'NONE', #1194, .T. ) ;
#2838 = AXIS2_PLACEMENT_3D ( 'NONE', #1974, #834, #1363 ) ;
#2839 = DIRECTION ( 'NONE',  ( -0.000000000000000000, 1.000000000000000000, -0.000000000000000000 ) ) ;
#2840 = VECTOR ( 'NONE', #3096, 1000.000000000000000 ) ;
#2841 = VERTEX_POINT ( 'NONE', #1479 ) ;
#2842 = ORIENTED_EDGE ( 'NONE', *, *, #2125, .F. ) ;
#2843 = AXIS2_PLACEMENT_3D ( 'NONE', #3453, #2839, #2622 ) ;
#2844 = FACE_OUTER_BOUND ( 'NONE', #1491, .T. ) ;
#2845 = CIRCLE ( 'NONE', #3308, 0.1250000000000000000 ) ;
#2846 = ORIENTED_EDGE ( 'NONE', *, *, #2434, .T. ) ;
#2847 = DIRECTION ( 'NONE',  ( 1.000000000000000000, 0.000000000000000000, 0.000000000000000000 ) ) ;
#2848 = CARTESIAN_POINT ( 'NONE',  ( -0.7999999999999876099, 0.000000000000000000, -0.2000000000000000944 ) ) ;
#2849 = CARTESIAN_POINT ( 'NONE',  ( 0.4000000000000167866, 0.000000000000000000, -0.4750000000000000333 ) ) ;
#2850 = ADVANCED_FACE ( 'NONE', ( #160 ), #3155, .T. ) ;
#2851 = ADVANCED_FACE ( 'NONE', ( #3463 ), #2592, .T. ) ;
#2852 = VERTEX_POINT ( 'NONE', #717 ) ;
#2853 = EDGE_LOOP ( 'NONE', ( #3373, #1894, #3192, #1808 ) ) ;
#2854 = DIRECTION ( 'NONE',  ( 0.000000000000000000, 0.000000000000000000, -1.000000000000000000 ) ) ;
#2855 = DIRECTION ( 'NONE',  ( 0.000000000000000000, 0.000000000000000000, -1.000000000000000000 ) ) ;
#2856 = VERTEX_POINT ( 'NONE', #1782 ) ;
#2857 = EDGE_CURVE ( 'NONE', #3273, #1293, #2598, .T. ) ;
#2858 = FACE_OUTER_BOUND ( 'NONE', #2748, .T. ) ;
#2859 = ORIENTED_EDGE ( 'NONE', *, *, #155, .T. ) ;
#2860 = CARTESIAN_POINT ( 'NONE',  ( 0.8000000000000000444, 0.000000000000000000, 1.000000000000000000 ) ) ;
#2861 = ORIENTED_EDGE ( 'NONE', *, *, #3494, .F. ) ;
#2862 = FACE_BOUND ( 'NONE', #2823, .T. ) ;
#2863 = SURFACE_STYLE_FILL_AREA ( #1002 ) ;
#2864 = DIRECTION ( 'NONE',  ( -0.000000000000000000, 1.000000000000000000, -0.000000000000000000 ) ) ;
#2865 = VECTOR ( 'NONE', #1657, 1000.000000000000000 ) ;
#2866 = ORIENTED_EDGE ( 'NONE', *, *, #3455, .F. ) ;
#2867 = EDGE_LOOP ( 'NONE', ( #2292, #3134, #788, #30 ) ) ;
#2868 = VECTOR ( 'NONE', #2742, 1000.000000000000000 ) ;
#2869 = DIRECTION ( 'NONE',  ( 0.000000000000000000, 0.000000000000000000, -1.000000000000000000 ) ) ;
#2870 = DIRECTION ( 'NONE',  ( 0.000000000000000000, -1.000000000000000000, 0.000000000000000000 ) ) ;
#2871 = ADVANCED_FACE ( 'NONE', ( #1761 ), #2304, .T. ) ;
#2872 = AXIS2_PLACEMENT_3D ( 'NONE', #1086, #1326, #2430 ) ;
#2873 = AXIS2_PLACEMENT_3D ( 'NONE', #1402, #3339, #3286 ) ;
#2874 = DIRECTION ( 'NONE',  ( 0.000000000000000000, 0.000000000000000000, 1.000000000000000000 ) ) ;
#2875 = AXIS2_PLACEMENT_3D ( 'NONE', #2560, #1216, #1984 ) ;
#2876 = EDGE_CURVE ( 'NONE', #1816, #1385, #1732, .T. ) ;
#2877 = ADVANCED_FACE ( 'NONE', ( #1273, #2862, #966, #3386, #2830, #2323, #2051, #408, #374, #2611, #3121, #1498, #1537, #1233, #931, #2909, #2288, #3441, #3104, #664, #1742, #391, #983, #1805, #2629, #446, #2358, #180, #1996, #2571, #645 ), #2558, .T. ) ;
#2878 = VERTEX_POINT ( 'NONE', #2378 ) ;
#2879 = DIRECTION ( 'NONE',  ( 1.000000000000000000, 0.000000000000000000, 0.000000000000000000 ) ) ;
#2880 = EDGE_LOOP ( 'NONE', ( #901, #2913, #1251 ) ) ;
#2881 = DIRECTION ( 'NONE',  ( 0.000000000000000000, 0.000000000000000000, -1.000000000000000000 ) ) ;
#2882 = EDGE_LOOP ( 'NONE', ( #627, #1423 ) ) ;
#2883 = CIRCLE ( 'NONE', #1347, 0.1250000000000000000 ) ;
#2884 = DIRECTION ( 'NONE',  ( 0.000000000000000000, 0.000000000000000000, 1.000000000000000000 ) ) ;
#2885 = CARTESIAN_POINT ( 'NONE',  ( 0.4000000000000167866, -0.04500000000000001221, -0.4750000000000000333 ) ) ;
#2886 = DIRECTION ( 'NONE',  ( 0.000000000000000000, 0.000000000000000000, -1.000000000000000000 ) ) ;
#2887 = CIRCLE ( 'NONE', #2201, 0.1250000000000000000 ) ;
#2888 = ORIENTED_EDGE ( 'NONE', *, *, #179, .T. ) ;
#2889 = ORIENTED_EDGE ( 'NONE', *, *, #2634, .F. ) ;
#2890 = EDGE_CURVE ( 'NONE', #316, #765, #715, .T. ) ;
#2891 = AXIS2_PLACEMENT_3D ( 'NONE', #2035, #2847, #947 ) ;
#2892 = CARTESIAN_POINT ( 'NONE',  ( 1.248363306857264288E-14, -0.1700000000000000122, -0.3250000000000000666 ) ) ;
#2893 = DIRECTION ( 'NONE',  ( 0.000000000000000000, 0.000000000000000000, 1.000000000000000000 ) ) ;
#2894 = FACE_OUTER_BOUND ( 'NONE', #3143, .T. ) ;
#2895 = AXIS2_PLACEMENT_3D ( 'NONE', #876, #3087, #1397 ) ;
#2896 = ORIENTED_EDGE ( 'NONE', *, *, #497, .T. ) ;
#2897 = CYLINDRICAL_SURFACE ( 'NONE', #2967, 0.1250000000000000000 ) ;
#2898 = VECTOR ( 'NONE', #452, 1000.000000000000000 ) ;
#2899 = LINE ( 'NONE', #1569, #3245 ) ;
#2900 = ORIENTED_EDGE ( 'NONE', *, *, #2548, .T. ) ;
#2901 = UNCERTAINTY_MEASURE_WITH_UNIT (LENGTH_MEASURE( 1.000000000000000082E-05 ), #1564, 'distance_accuracy_value', 'NONE');
#2902 = DIRECTION ( 'NONE',  ( 0.000000000000000000, -1.000000000000000000, 0.000000000000000000 ) ) ;
#2903 = ORIENTED_EDGE ( 'NONE', *, *, #2293, .F. ) ;
#2904 = CARTESIAN_POINT ( 'NONE',  ( -1.116500000000000270, 0.000000000000000000, -1.159999999999999920 ) ) ;
#2905 = EDGE_CURVE ( 'NONE', #1816, #2728, #2999, .T. ) ;
#2906 = AXIS2_PLACEMENT_3D ( 'NONE', #3412, #2550, #2874 ) ;
#2907 = ORIENTED_EDGE ( 'NONE', *, *, #425, .T. ) ;
#2908 = AXIS2_PLACEMENT_3D ( 'NONE', #1634, #1118, #3276 ) ;
#2909 = FACE_BOUND ( 'NONE', #2014, .T. ) ;
#2910 = DIRECTION ( 'NONE',  ( 0.000000000000000000, 0.000000000000000000, 1.000000000000000000 ) ) ;
#2911 = DIRECTION ( 'NONE',  ( 0.000000000000000000, 0.000000000000000000, 1.000000000000000000 ) ) ;
#2912 = CIRCLE ( 'NONE', #1366, 0.1250000000000000000 ) ;
#2913 = ORIENTED_EDGE ( 'NONE', *, *, #2327, .T. ) ;
#2914 = ORIENTED_EDGE ( 'NONE', *, *, #1648, .T. ) ;
#2915 = CARTESIAN_POINT ( 'NONE',  ( 0.4000000000000000777, -0.1700000000000000122, 1.000000000000000000 ) ) ;
#2916 = CARTESIAN_POINT ( 'NONE',  ( -0.7999999999999833911, -0.04500000000000001221, -0.6000000000000000888 ) ) ;
#2917 = CARTESIAN_POINT ( 'NONE',  ( 1.246832498358330099E-14, -0.04500000000000001221, -0.2000000000000000944 ) ) ;
#2918 = ORIENTED_EDGE ( 'NONE', *, *, #2286, .T. ) ;
#2919 = DIRECTION ( 'NONE',  ( 1.000000000000000000, 0.000000000000000000, 0.000000000000000000 ) ) ;
#2920 = SPHERICAL_SURFACE ( 'NONE', #1292, 0.1250000000000000000 ) ;
#2921 = ORIENTED_EDGE ( 'NONE', *, *, #1753, .F. ) ;
#2922 = EDGE_CURVE ( 'NONE', #1076, #605, #2958, .T. ) ;
#2923 = DIRECTION ( 'NONE',  ( 0.000000000000000000, 0.000000000000000000, -1.000000000000000000 ) ) ;
#2924 = ORIENTED_EDGE ( 'NONE', *, *, #2557, .T. ) ;
#2925 = EDGE_CURVE ( 'NONE', #1375, #1534, #831, .T. ) ;
#2926 =( LENGTH_UNIT ( ) NAMED_UNIT ( * ) SI_UNIT ( .MILLI., .METRE. ) );
#2927 = LINE ( 'NONE', #2109, #1576 ) ;
#2928 = CARTESIAN_POINT ( 'NONE',  ( -0.7999999999999876099, 0.000000000000000000, -0.07500000000000009437 ) ) ;
#2929 = ADVANCED_FACE ( 'NONE', ( #1021 ), #2669, .T. ) ;
#2930 = VERTEX_POINT ( 'NONE', #2948 ) ;
#2931 = VERTEX_POINT ( 'NONE', #2399 ) ;
#2932 = DIRECTION ( 'NONE',  ( 0.000000000000000000, 0.000000000000000000, -1.000000000000000000 ) ) ;
#2933 = ADVANCED_FACE ( 'NONE', ( #3484 ), #2455, .T. ) ;
#2934 = ADVANCED_FACE ( 'NONE', ( #1351 ), #3236, .T. ) ;
#2935 = CIRCLE ( 'NONE', #636, 0.1250000000000000000 ) ;
#2936 = DIRECTION ( 'NONE',  ( 1.000000000000000000, 0.000000000000000000, 0.000000000000000000 ) ) ;
#2937 = AXIS2_PLACEMENT_3D ( 'NONE', #623, #2003, #936 ) ;
#2938 = ORIENTED_EDGE ( 'NONE', *, *, #2104, .T. ) ;
#2939 = CARTESIAN_POINT ( 'NONE',  ( 0.4000000000000167866, -0.04500000000000001221, -0.6000000000000000888 ) ) ;
#2940 = CARTESIAN_POINT ( 'NONE',  ( 0.8000000000000000444, -0.04500000000000001221, 0.8750000000000000000 ) ) ;
#2941 = AXIS2_PLACEMENT_3D ( 'NONE', #3473, #2636, #726 ) ;
#2942 = ORIENTED_EDGE ( 'NONE', *, *, #1074, .T. ) ;
#2943 = FACE_OUTER_BOUND ( 'NONE', #990, .T. ) ;
#2944 = ADVANCED_FACE ( 'NONE', ( #3519 ), #3199, .T. ) ;
#2945 = AXIS2_PLACEMENT_3D ( 'NONE', #2649, #2091, #2911 ) ;
#2946 = CARTESIAN_POINT ( 'NONE',  ( -0.3999999999999833689, -0.1700000000000000122, -0.4750000000000000333 ) ) ;
#2947 = EDGE_LOOP ( 'NONE', ( #934, #712, #1048, #2227 ) ) ;
#2948 = CARTESIAN_POINT ( 'NONE',  ( -0.7999999999999876099, -0.1700000000000000122, -0.2000000000000000944 ) ) ;
#2949 = DIRECTION ( 'NONE',  ( -0.000000000000000000, 1.000000000000000000, -0.000000000000000000 ) ) ;
#2950 = CARTESIAN_POINT ( 'NONE',  ( 0.000000000000000000, 0.000000000000000000, 0.000000000000000000 ) ) ;
#2951 = ORIENTED_EDGE ( 'NONE', *, *, #2797, .T. ) ;
#2952 = AXIS2_PLACEMENT_3D ( 'NONE', #2828, #1721, #157 ) ;
#2953 = DIRECTION ( 'NONE',  ( 0.000000000000000000, 0.000000000000000000, 1.000000000000000000 ) ) ;
#2954 = ORIENTED_EDGE ( 'NONE', *, *, #2813, .F. ) ;
#2955 = VECTOR ( 'NONE', #1234, 1000.000000000000000 ) ;
#2956 = CARTESIAN_POINT ( 'NONE',  ( -0.4000000000000000222, -0.1700000000000000122, 1.125000000000000222 ) ) ;
#2957 = DIRECTION ( 'NONE',  ( 0.000000000000000000, 0.000000000000000000, 1.000000000000000000 ) ) ;
#2958 = CIRCLE ( 'NONE', #1628, 0.1250000000000000000 ) ;
#2959 = DIRECTION ( 'NONE',  ( 1.000000000000000000, 0.000000000000000000, -1.224646799147353207E-16 ) ) ;
#2960 = ORIENTED_EDGE ( 'NONE', *, *, #2154, .F. ) ;
#2961 = AXIS2_PLACEMENT_3D ( 'NONE', #2719, #2463, #3294 ) ;
#2962 = DIRECTION ( 'NONE',  ( 0.000000000000000000, 0.000000000000000000, -1.000000000000000000 ) ) ;
#2963 = DIRECTION ( 'NONE',  ( 0.000000000000000000, -1.000000000000000000, 0.000000000000000000 ) ) ;
#2964 = CARTESIAN_POINT ( 'NONE',  ( 0.4000000000000126232, -0.1700000000000000122, -0.2000000000000000944 ) ) ;
#2965 = ORIENTED_EDGE ( 'NONE', *, *, #1414, .F. ) ;
#2966 = CARTESIAN_POINT ( 'NONE',  ( -0.7999999999999833911, -0.1700000000000000122, -0.6000000000000000888 ) ) ;
#2967 = AXIS2_PLACEMENT_3D ( 'NONE', #1530, #637, #674 ) ;
#2968 = CIRCLE ( 'NONE', #153, 0.1250000000000000000 ) ;
#2969 = EDGE_LOOP ( 'NONE', ( #411, #2846, #170 ) ) ;
#2970 =( GEOMETRIC_REPRESENTATION_CONTEXT ( 3 ) GLOBAL_UNCERTAINTY_ASSIGNED_CONTEXT ( ( #418 ) ) GLOBAL_UNIT_ASSIGNED_CONTEXT ( ( #2102, #768, #1618 ) ) REPRESENTATION_CONTEXT ( 'NONE', 'WORKASPACE' ) );
#2971 = CARTESIAN_POINT ( 'NONE',  ( 0.4000000000000208944, -0.1700000000000000122, -1.125000000000000222 ) ) ;
#2972 = AXIS2_PLACEMENT_3D ( 'NONE', #2058, #2870, #3164 ) ;
#2973 = DIRECTION ( 'NONE',  ( 0.000000000000000000, 0.000000000000000000, 1.000000000000000000 ) ) ;
#2974 = ORIENTED_EDGE ( 'NONE', *, *, #1181, .T. ) ;
#2975 = LINE ( 'NONE', #3244, #887 ) ;
#2976 = FACE_OUTER_BOUND ( 'NONE', #2449, .T. ) ;
#2977 = ORIENTED_EDGE ( 'NONE', *, *, #12, .F. ) ;
#2978 = DIRECTION ( 'NONE',  ( -0.000000000000000000, 1.000000000000000000, -0.000000000000000000 ) ) ;
#2979 = CARTESIAN_POINT ( 'NONE',  ( -0.3999999999999833689, -0.04500000000000001221, -0.6000000000000000888 ) ) ;
#2980 = CARTESIAN_POINT ( 'NONE',  ( 0.4000000000000082934, 0.000000000000000000, 0.1999999999999999833 ) ) ;
#2981 = ADVANCED_FACE ( 'NONE', ( #2150 ), #1610, .F. ) ;
#2982 = EDGE_LOOP ( 'NONE', ( #1189, #2282, #809, #3446 ) ) ;
#2983 = FILL_AREA_STYLE_COLOUR ( '', #1353 ) ;
#2984 = CARTESIAN_POINT ( 'NONE',  ( 0.8000000000000166978, -0.1700000000000000122, -0.7250000000000000888 ) ) ;
#2985 = ADVANCED_FACE ( 'NONE', ( #1447 ), #614, .F. ) ;
#2986 = DIRECTION ( 'NONE',  ( 0.000000000000000000, 0.000000000000000000, -1.000000000000000000 ) ) ;
#2987 = CARTESIAN_POINT ( 'NONE',  ( 0.4000000000000167866, 0.000000000000000000, -0.7250000000000000888 ) ) ;
#2988 = ORIENTED_EDGE ( 'NONE', *, *, #2327, .F. ) ;
#2989 = DIRECTION ( 'NONE',  ( 0.000000000000000000, 0.000000000000000000, -1.000000000000000000 ) ) ;
#2990 = EDGE_CURVE ( 'NONE', #132, #3174, #2222, .T. ) ;
#2991 = AXIS2_PLACEMENT_3D ( 'NONE', #2712, #602, #849 ) ;
#2992 = DIRECTION ( 'NONE',  ( 0.000000000000000000, 0.000000000000000000, -1.000000000000000000 ) ) ;
#2993 = VERTEX_POINT ( 'NONE', #2184 ) ;
#2994 = CARTESIAN_POINT ( 'NONE',  ( 0.4000000000000208944, -0.04500000000000001221, -1.000000000000000000 ) ) ;
#2995 = SPHERICAL_SURFACE ( 'NONE', #2365, 0.1250000000000000000 ) ;
#2996 = SPHERICAL_SURFACE ( 'NONE', #1982, 0.1250000000000000000 ) ;
#2997 = ORIENTED_EDGE ( 'NONE', *, *, #638, .T. ) ;
#2998 = AXIS2_PLACEMENT_3D ( 'NONE', #3002, #5, #2761 ) ;
#2999 = LINE ( 'NONE', #197, #1171 ) ;
#3000 = LINE ( 'NONE', #2725, #2865 ) ;
#3001 = DIRECTION ( 'NONE',  ( -0.000000000000000000, 1.000000000000000000, -0.000000000000000000 ) ) ;
#3002 = CARTESIAN_POINT ( 'NONE',  ( 0.4000000000000126232, -0.04500000000000001221, -0.2000000000000000944 ) ) ;
#3003 = ORIENTED_EDGE ( 'NONE', *, *, #1804, .F. ) ;
#3004 = SPHERICAL_SURFACE ( 'NONE', #2521, 0.1250000000000000000 ) ;
#3005 = CIRCLE ( 'NONE', #601, 0.1250000000000000000 ) ;
#3006 = CARTESIAN_POINT ( 'NONE',  ( 1.671202154126611018E-14, -0.1700000000000000122, -0.7250000000000000888 ) ) ;
#3007 = VERTEX_POINT ( 'NONE', #3029 ) ;
#3008 = DIRECTION ( 'NONE',  ( 1.000000000000000000, 0.000000000000000000, -1.224646799147353207E-16 ) ) ;
#3009 = AXIS2_PLACEMENT_3D ( 'NONE', #2117, #1794, #1049 ) ;
#3010 = FACE_OUTER_BOUND ( 'NONE', #474, .T. ) ;
#3011 = DIRECTION ( 'NONE',  ( 0.000000000000000000, 0.000000000000000000, 1.000000000000000000 ) ) ;
#3012 = EDGE_CURVE ( 'NONE', #1833, #2993, #3283, .T. ) ;
#3013 = DIRECTION ( 'NONE',  ( 1.000000000000000000, 0.000000000000000000, 0.000000000000000000 ) ) ;
#3014 = EDGE_CURVE ( 'NONE', #2642, #3456, #311, .T. ) ;
#3015 = DIRECTION ( 'NONE',  ( -0.000000000000000000, 1.000000000000000000, -0.000000000000000000 ) ) ;
#3016 = CARTESIAN_POINT ( 'NONE',  ( 0.8000000000000166978, -0.04500000000000001221, -0.6000000000000000888 ) ) ;
#3017 = DIRECTION ( 'NONE',  ( -0.000000000000000000, 1.000000000000000000, -0.000000000000000000 ) ) ;
#3018 = ORIENTED_EDGE ( 'NONE', *, *, #2237, .T. ) ;
#3019 = ORIENTED_EDGE ( 'NONE', *, *, #3301, .T. ) ;
#3020 = AXIS2_PLACEMENT_3D ( 'NONE', #210, #3188, #3492 ) ;
#3021 = AXIS2_PLACEMENT_3D ( 'NONE', #1571, #1309, #2447 ) ;
#3022 = CARTESIAN_POINT ( 'NONE',  ( 8.348356728138384142E-15, -0.1700000000000000122, 0.1999999999999999833 ) ) ;
#3023 = DIRECTION ( 'NONE',  ( -1.000000000000000000, -0.000000000000000000, -0.000000000000000000 ) ) ;
#3024 = ORIENTED_EDGE ( 'NONE', *, *, #655, .T. ) ;
#3025 = DIRECTION ( 'NONE',  ( -0.000000000000000000, 1.000000000000000000, -0.000000000000000000 ) ) ;
#3026 = DIRECTION ( 'NONE',  ( 0.000000000000000000, 0.000000000000000000, 1.000000000000000000 ) ) ;
#3027 = CARTESIAN_POINT ( 'NONE',  ( 0.8000000000000041522, -0.04500000000000001221, 0.6000000000000000888 ) ) ;
#3028 = LINE ( 'NONE', #322, #1693 ) ;
#3029 = CARTESIAN_POINT ( 'NONE',  ( -1.116500000000000270, 0.3299999999999999600, -1.159999999999999920 ) ) ;
#3030 = ADVANCED_FACE ( 'NONE', ( #288 ), #1380, .T. ) ;
#3031 = DIRECTION ( 'NONE',  ( 0.000000000000000000, 0.000000000000000000, 1.000000000000000000 ) ) ;
#3032 = EDGE_CURVE ( 'NONE', #2993, #1541, #1656, .T. ) ;
#3033 = DIRECTION ( 'NONE',  ( 0.000000000000000000, 0.000000000000000000, -1.000000000000000000 ) ) ;
#3034 = EDGE_CURVE ( 'NONE', #1563, #915, #305, .T. ) ;
#3035 = EDGE_CURVE ( 'NONE', #1311, #2318, #2590, .T. ) ;
#3036 = ORIENTED_EDGE ( 'NONE', *, *, #545, .T. ) ;
#3037 = ORIENTED_EDGE ( 'NONE', *, *, #543, .T. ) ;
#3038 = CARTESIAN_POINT ( 'NONE',  ( 2.081668171172168513E-14, -0.04500000000000001221, -1.000000000000000000 ) ) ;
#3039 = SURFACE_SIDE_STYLE ('',( #535 ) ) ;
#3040 = EDGE_LOOP ( 'NONE', ( #151, #117 ) ) ;
#3041 = DIRECTION ( 'NONE',  ( 0.000000000000000000, 0.000000000000000000, 1.000000000000000000 ) ) ;
#3042 = CARTESIAN_POINT ( 'NONE',  ( -0.7999999999999917177, -0.04500000000000001221, 0.1999999999999999833 ) ) ;
#3043 = AXIS2_PLACEMENT_3D ( 'NONE', #348, #3127, #3094 ) ;
#3044 = SPHERICAL_SURFACE ( 'NONE', #444, 0.1250000000000000000 ) ;
#3045 = ORIENTED_EDGE ( 'NONE', *, *, #3086, .T. ) ;
#3046 = LINE ( 'NONE', #1379, #1640 ) ;
#3047 = ADVANCED_FACE ( 'NONE', ( #101 ), #1180, .T. ) ;
#3048 = CARTESIAN_POINT ( 'NONE',  ( 4.135276340434258743E-15, -0.1700000000000000122, 0.4750000000000000333 ) ) ;
#3049 = DIRECTION ( 'NONE',  ( 0.000000000000000000, 0.000000000000000000, -1.000000000000000000 ) ) ;
#3050 = CIRCLE ( 'NONE', #1614, 0.1250000000000000000 ) ;
#3051 = DIRECTION ( 'NONE',  ( -1.224646799147350495E-16, 0.000000000000000000, -1.000000000000000000 ) ) ;
#3052 = AXIS2_PLACEMENT_3D ( 'NONE', #2542, #1481, #89 ) ;
#3053 = LINE ( 'NONE', #2508, #3389 ) ;
#3054 = ORIENTED_EDGE ( 'NONE', *, *, #1433, .F. ) ;
#3055 = EDGE_LOOP ( 'NONE', ( #293, #1774 ) ) ;
#3056 = CIRCLE ( 'NONE', #2249, 0.1250000000000000000 ) ;
#3057 = ADVANCED_FACE ( 'NONE', ( #928 ), #2049, .T. ) ;
#3058 = ADVANCED_FACE ( 'NONE', ( #3173 ), #642, .F. ) ;
#3059 = ORIENTED_EDGE ( 'NONE', *, *, #2561, .T. ) ;
#3060 = AXIS2_PLACEMENT_3D ( 'NONE', #2010, #1229, #2881 ) ;
#3061 = CARTESIAN_POINT ( 'NONE',  ( -0.3999999999999874767, 0.000000000000000000, -0.3250000000000000666 ) ) ;
#3062 = DIRECTION ( 'NONE',  ( 1.000000000000000000, 0.000000000000000000, -1.224646799147353207E-16 ) ) ;
#3063 = DIRECTION ( 'NONE',  ( 0.000000000000000000, 0.000000000000000000, -1.000000000000000000 ) ) ;
#3064 = EDGE_LOOP ( 'NONE', ( #2277, #677, #1445 ) ) ;
#3065 = DIRECTION ( 'NONE',  ( 0.000000000000000000, 0.000000000000000000, 1.000000000000000000 ) ) ;
#3066 = ORIENTED_EDGE ( 'NONE', *, *, #771, .T. ) ;
#3067 = AXIS2_PLACEMENT_3D ( 'NONE', #1724, #696, #2016 ) ;
#3068 = AXIS2_PLACEMENT_3D ( 'NONE', #3253, #1880, #797 ) ;
#3069 = AXIS2_PLACEMENT_3D ( 'NONE', #2197, #2770, #1669 ) ;
#3070 = DIRECTION ( 'NONE',  ( 0.000000000000000000, 0.000000000000000000, 1.000000000000000000 ) ) ;
#3071 = DIRECTION ( 'NONE',  ( 0.000000000000000000, 0.000000000000000000, -1.000000000000000000 ) ) ;
#3072 = EDGE_CURVE ( 'NONE', #1257, #619, #709, .T. ) ;
#3073 = ORIENTED_EDGE ( 'NONE', *, *, #1741, .F. ) ;
#3074 = VERTEX_POINT ( 'NONE', #1461 ) ;
#3075 = CARTESIAN_POINT ( 'NONE',  ( 0.000000000000000000, -0.04500000000000001221, 1.000000000000000000 ) ) ;
#3076 = VECTOR ( 'NONE', #1793, 1000.000000000000000 ) ;
#3077 = ORIENTED_EDGE ( 'NONE', *, *, #2187, .F. ) ;
#3078 = AXIS2_PLACEMENT_3D ( 'NONE', #51, #2234, #2737 ) ;
#3079 = CARTESIAN_POINT ( 'NONE',  ( -0.3999999999999958589, -0.1700000000000000122, 0.6000000000000000888 ) ) ;
#3080 = AXIS2_PLACEMENT_3D ( 'NONE', #2659, #1225, #961 ) ;
#3081 = VECTOR ( 'NONE', #397, 1000.000000000000000 ) ;
#3082 = EDGE_LOOP ( 'NONE', ( #2472, #424, #2354 ) ) ;
#3083 = DIRECTION ( 'NONE',  ( -0.000000000000000000, 1.000000000000000000, -0.000000000000000000 ) ) ;
#3084 = ORIENTED_EDGE ( 'NONE', *, *, #3379, .F. ) ;
#3085 = ADVANCED_FACE ( 'NONE', ( #2302 ), #2269, .T. ) ;
#3086 = EDGE_CURVE ( 'NONE', #2699, #1711, #1221, .T. ) ;
#3087 = DIRECTION ( 'NONE',  ( 1.000000000000000000, -0.000000000000000000, 0.000000000000000000 ) ) ;
#3088 = DIRECTION ( 'NONE',  ( 0.000000000000000000, -1.000000000000000000, 0.000000000000000000 ) ) ;
#3089 = DIRECTION ( 'NONE',  ( 0.000000000000000000, 0.000000000000000000, 1.000000000000000000 ) ) ;
#3090 = ORIENTED_EDGE ( 'NONE', *, *, #3243, .F. ) ;
#3091 = ADVANCED_FACE ( 'NONE', ( #2287 ), #678, .T. ) ;
#3092 = ORIENTED_EDGE ( 'NONE', *, *, #689, .T. ) ;
#3093 = ADVANCED_FACE ( 'NONE', ( #2844 ), #943, .T. ) ;
#3094 = DIRECTION ( 'NONE',  ( 0.000000000000000000, 0.000000000000000000, 1.000000000000000000 ) ) ;
#3095 = EDGE_CURVE ( 'NONE', #3532, #2856, #87, .T. ) ;
#3096 = DIRECTION ( 'NONE',  ( -0.000000000000000000, 1.000000000000000000, -0.000000000000000000 ) ) ;
#3097 = CARTESIAN_POINT ( 'NONE',  ( -0.3999999999999958589, -0.04500000000000001221, 0.6000000000000000888 ) ) ;
#3098 = ORIENTED_EDGE ( 'NONE', *, *, #2397, .F. ) ;
#3099 = DIRECTION ( 'NONE',  ( 1.000000000000000000, 0.000000000000000000, 0.000000000000000000 ) ) ;
#3100 = ORIENTED_EDGE ( 'NONE', *, *, #3198, .F. ) ;
#3101 = CIRCLE ( 'NONE', #1314, 0.1000000000000001582 ) ;
#3102 = CARTESIAN_POINT ( 'NONE',  ( -0.3999999999999792055, -0.04500000000000001221, -1.000000000000000000 ) ) ;
#3103 = CIRCLE ( 'NONE', #1555, 0.1250000000000000000 ) ;
#3104 = FACE_BOUND ( 'NONE', #1349, .T. ) ;
#3105 = CYLINDRICAL_SURFACE ( 'NONE', #2595, 0.1250000000000000000 ) ;
#3106 = DIRECTION ( 'NONE',  ( -0.000000000000000000, 1.000000000000000000, -0.000000000000000000 ) ) ;
#3107 = CIRCLE ( 'NONE', #2004, 0.1250000000000000000 ) ;
#3108 = ORIENTED_EDGE ( 'NONE', *, *, #2857, .F. ) ;
#3109 = EDGE_LOOP ( 'NONE', ( #2679, #1735, #2576, #1679 ) ) ;
#3110 = AXIS2_PLACEMENT_3D ( 'NONE', #2671, #739, #510 ) ;
#3111 = CARTESIAN_POINT ( 'NONE',  ( 0.4000000000000082934, -0.1700000000000000122, 0.07499999999999998335 ) ) ;
#3112 = CARTESIAN_POINT ( 'NONE',  ( -0.4000000000000000222, 0.000000000000000000, 1.000000000000000000 ) ) ;
#3113 = ORIENTED_EDGE ( 'NONE', *, *, #3379, .T. ) ;
#3114 = ORIENTED_EDGE ( 'NONE', *, *, #1227, .F. ) ;
#3115 = EDGE_CURVE ( 'NONE', #1797, #1452, #2883, .T. ) ;
#3116 = AXIS2_PLACEMENT_3D ( 'NONE', #2106, #2963, #523 ) ;
#3117 = DIRECTION ( 'NONE',  ( -0.000000000000000000, 1.000000000000000000, -0.000000000000000000 ) ) ;
#3118 = EDGE_CURVE ( 'NONE', #1329, #75, #1853, .T. ) ;
#3119 = AXIS2_PLACEMENT_3D ( 'NONE', #1866, #2153, #256 ) ;
#3120 = ORIENTED_EDGE ( 'NONE', *, *, #2744, .T. ) ;
#3121 = FACE_BOUND ( 'NONE', #2148, .T. ) ;
#3122 = CARTESIAN_POINT ( 'NONE',  ( 4.119968255444916849E-15, -0.04500000000000001221, 0.6000000000000000888 ) ) ;
#3123 = DIRECTION ( 'NONE',  ( 0.000000000000000000, 0.000000000000000000, 1.000000000000000000 ) ) ;
#3124 = AXIS2_PLACEMENT_3D ( 'NONE', #571, #891, #338 ) ;
#3125 = ORIENTED_EDGE ( 'NONE', *, *, #2660, .T. ) ;
#3126 = VERTEX_POINT ( 'NONE', #2904 ) ;
#3127 = DIRECTION ( 'NONE',  ( -0.000000000000000000, 1.000000000000000000, -0.000000000000000000 ) ) ;
#3128 = DIRECTION ( 'NONE',  ( -0.000000000000000000, 1.000000000000000000, -0.000000000000000000 ) ) ;
#3129 = DIRECTION ( 'NONE',  ( 0.000000000000000000, -1.000000000000000000, 0.000000000000000000 ) ) ;
#3130 = AXIS2_PLACEMENT_3D ( 'NONE', #1139, #1703, #2230 ) ;
#3131 = EDGE_LOOP ( 'NONE', ( #1497, #569, #1082, #663 ) ) ;
#3132 = CARTESIAN_POINT ( 'NONE',  ( -1.116500000000000270, 0.000000000000000000, 1.159999999999999920 ) ) ;
#3133 = AXIS2_PLACEMENT_3D ( 'NONE', #2754, #2535, #1143 ) ;
#3134 = ORIENTED_EDGE ( 'NONE', *, *, #3167, .T. ) ;
#3135 = AXIS2_PLACEMENT_3D ( 'NONE', #440, #2902, #1459 ) ;
#3136 = LINE ( 'NONE', #405, #1676 ) ;
#3137 = VECTOR ( 'NONE', #2175, 1000.000000000000000 ) ;
#3138 = ORIENTED_EDGE ( 'NONE', *, *, #2182, .T. ) ;
#3139 = EDGE_CURVE ( 'NONE', #620, #2233, #3344, .T. ) ;
#3140 = DIRECTION ( 'NONE',  ( 0.000000000000000000, -1.000000000000000000, 0.000000000000000000 ) ) ;
#3141 = CARTESIAN_POINT ( 'NONE',  ( -0.3999999999999792055, -0.1700000000000000122, -1.000000000000000000 ) ) ;
#3142 = FACE_OUTER_BOUND ( 'NONE', #1226, .T. ) ;
#3143 = EDGE_LOOP ( 'NONE', ( #1595, #467, #2309 ) ) ;
#3144 = VERTEX_POINT ( 'NONE', #2032 ) ;
#3145 = EDGE_CURVE ( 'NONE', #620, #420, #3136, .T. ) ;
#3146 = DIRECTION ( 'NONE',  ( -0.000000000000000000, 1.000000000000000000, -0.000000000000000000 ) ) ;
#3147 = DIRECTION ( 'NONE',  ( 1.000000000000000000, 0.000000000000000000, -1.224646799147353207E-16 ) ) ;
#3148 = VERTEX_POINT ( 'NONE', #2588 ) ;
#3149 = UNCERTAINTY_MEASURE_WITH_UNIT (LENGTH_MEASURE( 1.000000000000000082E-05 ), #2132, 'distance_accuracy_value', 'NONE');
#3150 = FACE_OUTER_BOUND ( 'NONE', #233, .T. ) ;
#3151 = ORIENTED_EDGE ( 'NONE', *, *, #859, .T. ) ;
#3152 = CARTESIAN_POINT ( 'NONE',  ( -0.4000000000000000222, -0.1700000000000000122, 1.000000000000000000 ) ) ;
#3153 = ADVANCED_FACE ( 'NONE', ( #963 ), #912, .T. ) ;
#3154 = ORIENTED_EDGE ( 'NONE', *, *, #3086, .F. ) ;
#3155 = SPHERICAL_SURFACE ( 'NONE', #3067, 0.1250000000000000000 ) ;
#3156 = DIRECTION ( 'NONE',  ( -1.000000000000000000, -0.000000000000000000, -0.000000000000000000 ) ) ;
#3157 = DIRECTION ( 'NONE',  ( 0.000000000000000000, 0.000000000000000000, 1.000000000000000000 ) ) ;
#3158 = AXIS2_PLACEMENT_3D ( 'NONE', #2210, #1358, #1405 ) ;
#3159 = VERTEX_POINT ( 'NONE', #3194 ) ;
#3160 = EDGE_LOOP ( 'NONE', ( #682, #228, #3054 ) ) ;
#3161 = VECTOR ( 'NONE', #2487, 1000.000000000000000 ) ;
#3162 = PRESENTATION_STYLE_ASSIGNMENT (( #3204 ) ) ;
#3163 = DIRECTION ( 'NONE',  ( 0.000000000000000000, 0.000000000000000000, -1.000000000000000000 ) ) ;
#3164 = DIRECTION ( 'NONE',  ( 0.000000000000000000, 0.000000000000000000, -1.000000000000000000 ) ) ;
#3165 = AXIS2_PLACEMENT_3D ( 'NONE', #213, #789, #2105 ) ;
#3166 = AXIS2_PLACEMENT_3D ( 'NONE', #1678, #846, #2207 ) ;
#3167 = EDGE_CURVE ( 'NONE', #970, #1300, #134, .T. ) ;
#3168 = CARTESIAN_POINT ( 'NONE',  ( 0.8000000000000125899, 0.000000000000000000, -0.07500000000000009437 ) ) ;
#3169 = ADVANCED_FACE ( 'NONE', ( #2432 ), #1858, .T. ) ;
#3170 = ORIENTED_EDGE ( 'NONE', *, *, #2072, .F. ) ;
#3171 = CARTESIAN_POINT ( 'NONE',  ( -0.3999999999999833689, 0.000000000000000000, -0.7250000000000000888 ) ) ;
#3172 = EDGE_LOOP ( 'NONE', ( #1712, #2763, #439 ) ) ;
#3173 = FACE_OUTER_BOUND ( 'NONE', #2753, .T. ) ;
#3174 = VERTEX_POINT ( 'NONE', #2086 ) ;
#3175 =( GEOMETRIC_REPRESENTATION_CONTEXT ( 3 ) GLOBAL_UNCERTAINTY_ASSIGNED_CONTEXT ( ( #710 ) ) GLOBAL_UNIT_ASSIGNED_CONTEXT ( ( #3335, #1979, #1 ) ) REPRESENTATION_CONTEXT ( 'NONE', 'WORKASPACE' ) );
#3176 = DIRECTION ( 'NONE',  ( 0.000000000000000000, -1.000000000000000000, 0.000000000000000000 ) ) ;
#3177 = CARTESIAN_POINT ( 'NONE',  ( 0.4000000000000041855, 0.000000000000000000, 0.6000000000000000888 ) ) ;
#3178 = DIRECTION ( 'NONE',  ( 0.000000000000000000, 0.000000000000000000, 1.000000000000000000 ) ) ;
#3179 =( GEOMETRIC_REPRESENTATION_CONTEXT ( 3 ) GLOBAL_UNCERTAINTY_ASSIGNED_CONTEXT ( ( #1249 ) ) GLOBAL_UNIT_ASSIGNED_CONTEXT ( ( #181, #1844, #2071 ) ) REPRESENTATION_CONTEXT ( 'NONE', 'WORKASPACE' ) );
#3180 = EDGE_LOOP ( 'NONE', ( #667, #2190, #346, #1953 ) ) ;
#3181 = ORIENTED_EDGE ( 'NONE', *, *, #226, .T. ) ;
#3182 = AXIS2_PLACEMENT_3D ( 'NONE', #746, #975, #1549 ) ;
#3183 = DIRECTION ( 'NONE',  ( -0.000000000000000000, 1.000000000000000000, -0.000000000000000000 ) ) ;
#3184 = FACE_OUTER_BOUND ( 'NONE', #1253, .T. ) ;
#3185 = CARTESIAN_POINT ( 'NONE',  ( 0.8000000000000000444, -0.1700000000000000122, 1.000000000000000000 ) ) ;
#3186 = EDGE_CURVE ( 'NONE', #2931, #2528, #130, .T. ) ;
#3187 = ORIENTED_EDGE ( 'NONE', *, *, #8, .T. ) ;
#3188 = DIRECTION ( 'NONE',  ( -0.000000000000000000, 1.000000000000000000, -0.000000000000000000 ) ) ;
#3189 = AXIS2_PLACEMENT_3D ( 'NONE', #2950, #1562, #486 ) ;
#3190 = DIRECTION ( 'NONE',  ( -1.000000000000000000, -0.000000000000000000, -0.000000000000000000 ) ) ;
#3191 = DIRECTION ( 'NONE',  ( 0.000000000000000000, 0.000000000000000000, 1.000000000000000000 ) ) ;
#3192 = ORIENTED_EDGE ( 'NONE', *, *, #286, .T. ) ;
#3193 = EDGE_CURVE ( 'NONE', #993, #3287, #2077, .T. ) ;
#3194 = CARTESIAN_POINT ( 'NONE',  ( 2.081668171172168513E-14, 0.000000000000000000, -0.8750000000000000000 ) ) ;
#3195 = CIRCLE ( 'NONE', #952, 0.1250000000000000000 ) ;
#3196 = ORIENTED_EDGE ( 'NONE', *, *, #383, .F. ) ;
#3197 = EDGE_CURVE ( 'NONE', #2783, #1076, #2356, .T. ) ;
#3198 = EDGE_CURVE ( 'NONE', #112, #1237, #1110, .T. ) ;
#3199 = SPHERICAL_SURFACE ( 'NONE', #3068, 0.1250000000000000000 ) ;
#3200 = CARTESIAN_POINT ( 'NONE',  ( 0.8000000000000125899, -0.04500000000000001221, -0.3250000000000000666 ) ) ;
#3201 = SURFACE_STYLE_FILL_AREA ( #763 ) ;
#3202 = ORIENTED_EDGE ( 'NONE', *, *, #3186, .T. ) ;
#3203 = ORIENTED_EDGE ( 'NONE', *, *, #1486, .F. ) ;
#3204 = SURFACE_STYLE_USAGE ( .BOTH. , #186 ) ;
#3205 = DIRECTION ( 'NONE',  ( 1.000000000000000000, 0.000000000000000000, 0.000000000000000000 ) ) ;
#3206 = CARTESIAN_POINT ( 'NONE',  ( -0.3999999999999916955, -0.04500000000000001221, 0.07499999999999998335 ) ) ;
#3207 = EDGE_CURVE ( 'NONE', #2220, #2134, #994, .T. ) ;
#3208 = ORIENTED_EDGE ( 'NONE', *, *, #2187, .T. ) ;
#3209 = DIRECTION ( 'NONE',  ( 0.000000000000000000, 0.000000000000000000, -1.000000000000000000 ) ) ;
#3210 = DIRECTION ( 'NONE',  ( 1.000000000000000000, 0.000000000000000000, 0.000000000000000000 ) ) ;
#3211 = ADVANCED_FACE ( 'NONE', ( #1575 ), #1052, .T. ) ;
#3212 = EDGE_LOOP ( 'NONE', ( #2247, #2137, #1520 ) ) ;
#3213 = CARTESIAN_POINT ( 'NONE',  ( -0.3999999999999958589, -0.04500000000000001221, 0.6000000000000000888 ) ) ;
#3214 = FACE_OUTER_BOUND ( 'NONE', #449, .T. ) ;
#3215 = ORIENTED_EDGE ( 'NONE', *, *, #2144, .T. ) ;
#3216 = DIRECTION ( 'NONE',  ( -0.000000000000000000, 1.000000000000000000, -0.000000000000000000 ) ) ;
#3217 = CARTESIAN_POINT ( 'NONE',  ( 0.4000000000000041855, -0.1700000000000000122, 0.6000000000000000888 ) ) ;
#3218 = CARTESIAN_POINT ( 'NONE',  ( -0.3999999999999792055, 0.000000000000000000, -1.000000000000000000 ) ) ;
#3219 = PRODUCT_DEFINITION_SHAPE ( 'NONE', 'NONE',  #2281 ) ;
#3220 = ORIENTED_EDGE ( 'NONE', *, *, #837, .F. ) ;
#3221 = AXIS2_PLACEMENT_3D ( 'NONE', #2578, #652, #2511 ) ;
#3222 = FILL_AREA_STYLE_COLOUR ( '', #2486 ) ;
#3223 = DIRECTION ( 'NONE',  ( -0.000000000000000000, 1.000000000000000000, -0.000000000000000000 ) ) ;
#3224 = CIRCLE ( 'NONE', #1438, 0.1250000000000000000 ) ;
#3225 = ORIENTED_EDGE ( 'NONE', *, *, #2155, .F. ) ;
#3226 = CARTESIAN_POINT ( 'NONE',  ( -0.7999999999999917177, -0.04500000000000001221, 0.1999999999999999833 ) ) ;
#3227 = AXIS2_PLACEMENT_3D ( 'NONE', #1998, #1710, #142 ) ;
#3228 = CARTESIAN_POINT ( 'NONE',  ( 0.8000000000000000444, -0.1700000000000000122, 1.125000000000000222 ) ) ;
#3229 = ORIENTED_EDGE ( 'NONE', *, *, #1583, .F. ) ;
#3230 = CARTESIAN_POINT ( 'NONE',  ( 1.530808498934191509E-17, -0.04500000000000001221, 0.8750000000000000000 ) ) ;
#3231 = AXIS2_PLACEMENT_3D ( 'NONE', #1580, #465, #3443 ) ;
#3232 = CARTESIAN_POINT ( 'NONE',  ( 0.8000000000000000444, -0.04500000000000001221, 1.000000000000000000 ) ) ;
#3233 = CARTESIAN_POINT ( 'NONE',  ( 0.4000000000000000777, -0.04500000000000001221, 1.000000000000000000 ) ) ;
#3234 = ORIENTED_EDGE ( 'NONE', *, *, #1804, .T. ) ;
#3235 = ADVANCED_FACE ( 'NONE', ( #3214 ), #3536, .T. ) ;
#3236 = SPHERICAL_SURFACE ( 'NONE', #942, 0.1250000000000000000 ) ;
#3237 = DIRECTION ( 'NONE',  ( -0.000000000000000000, 1.000000000000000000, -0.000000000000000000 ) ) ;
#3238 = VERTEX_POINT ( 'NONE', #2645 ) ;
#3239 = CYLINDRICAL_SURFACE ( 'NONE', #2351, 0.1250000000000001110 ) ;
#3240 = AXIS2_PLACEMENT_3D ( 'NONE', #1779, #713, #2319 ) ;
#3241 = EDGE_LOOP ( 'NONE', ( #1009, #555, #3100 ) ) ;
#3242 = AXIS2_PLACEMENT_3D ( 'NONE', #2799, #2780, #2258 ) ;
#3243 = EDGE_CURVE ( 'NONE', #1452, #1797, #826, .T. ) ;
#3244 = CARTESIAN_POINT ( 'NONE',  ( 0.8000000000000166978, -0.1700000000000000122, -0.4750000000000000333 ) ) ;
#3245 = VECTOR ( 'NONE', #2696, 1000.000000000000000 ) ;
#3246 = LINE ( 'NONE', #1067, #1308 ) ;
#3247 = ORIENTED_EDGE ( 'NONE', *, *, #226, .F. ) ;
#3248 = AXIS2_PLACEMENT_3D ( 'NONE', #2515, #13, #3551 ) ;
#3249 = DIRECTION ( 'NONE',  ( 0.000000000000000000, -1.000000000000000000, 0.000000000000000000 ) ) ;
#3250 = DIRECTION ( 'NONE',  ( 1.000000000000000000, 0.000000000000000000, 0.000000000000000000 ) ) ;
#3251 = CARTESIAN_POINT ( 'NONE',  ( 0.4000000000000167866, -0.04500000000000001221, -0.7250000000000000888 ) ) ;
#3252 = EDGE_LOOP ( 'NONE', ( #2544, #2842, #1428 ) ) ;
#3253 = CARTESIAN_POINT ( 'NONE',  ( 2.081668171172168513E-14, -0.04500000000000001221, -1.000000000000000000 ) ) ;
#3254 = DIRECTION ( 'NONE',  ( 0.000000000000000000, 0.000000000000000000, 1.000000000000000000 ) ) ;
#3255 = CIRCLE ( 'NONE', #2843, 0.1250000000000000000 ) ;
#3256 = CIRCLE ( 'NONE', #2322, 0.1000000000000001582 ) ;
#3257 = EDGE_CURVE ( 'NONE', #75, #1329, #1727, .T. ) ;
#3258 = CARTESIAN_POINT ( 'NONE',  ( 0.4000000000000000777, -0.1700000000000000122, 1.000000000000000000 ) ) ;
#3259 = CIRCLE ( 'NONE', #2448, 0.1250000000000000000 ) ;
#3260 = DIRECTION ( 'NONE',  ( 0.000000000000000000, 0.000000000000000000, -1.000000000000000000 ) ) ;
#3261 = ORIENTED_EDGE ( 'NONE', *, *, #136, .F. ) ;
#3262 = DIRECTION ( 'NONE',  ( 1.000000000000000000, 0.000000000000000000, 0.000000000000000000 ) ) ;
#3263 = LINE ( 'NONE', #3228, #1416 ) ;
#3264 = ORIENTED_EDGE ( 'NONE', *, *, #2656, .F. ) ;
#3265 = CARTESIAN_POINT ( 'NONE',  ( 0.8000000000000082601, -0.04500000000000001221, 0.1999999999999999833 ) ) ;
#3266 = CARTESIAN_POINT ( 'NONE',  ( -0.8665000000000002700, 0.3299999999999999600, -0.9100000000000000311 ) ) ;
#3267 = CARTESIAN_POINT ( 'NONE',  ( 0.4000000000000041855, -0.04500000000000001221, 0.6000000000000000888 ) ) ;
#3268 = ORIENTED_EDGE ( 'NONE', *, *, #1882, .F. ) ;
#3269 = DIRECTION ( 'NONE',  ( 0.000000000000000000, -1.000000000000000000, 0.000000000000000000 ) ) ;
#3270 = DIRECTION ( 'NONE',  ( -0.000000000000000000, 1.000000000000000000, -0.000000000000000000 ) ) ;
#3271 = DIRECTION ( 'NONE',  ( 0.000000000000000000, 0.000000000000000000, 1.000000000000000000 ) ) ;
#3272 = DIRECTION ( 'NONE',  ( 1.000000000000000000, 0.000000000000000000, 0.000000000000000000 ) ) ;
#3273 = VERTEX_POINT ( 'NONE', #459 ) ;
#3274 = CARTESIAN_POINT ( 'NONE',  ( 0.8000000000000082601, -0.1700000000000000122, 0.1999999999999999833 ) ) ;
#3275 = AXIS2_PLACEMENT_3D ( 'NONE', #2151, #1398, #3254 ) ;
#3276 = DIRECTION ( 'NONE',  ( 0.000000000000000000, 0.000000000000000000, 1.000000000000000000 ) ) ;
#3277 = ORIENTED_EDGE ( 'NONE', *, *, #400, .T. ) ;
#3278 = CARTESIAN_POINT ( 'NONE',  ( 0.8000000000000125899, -0.1700000000000000122, -0.07500000000000009437 ) ) ;
#3279 = ADVANCED_FACE ( 'NONE', ( #2165 ), #2995, .T. ) ;
#3280 = DIRECTION ( 'NONE',  ( 1.000000000000000000, 0.000000000000000000, -1.224646799147353207E-16 ) ) ;
#3281 = DIRECTION ( 'NONE',  ( -0.000000000000000000, 1.000000000000000000, -0.000000000000000000 ) ) ;
#3282 = AXIS2_PLACEMENT_3D ( 'NONE', #829, #1916, #1432 ) ;
#3283 = LINE ( 'NONE', #824, #482 ) ;
#3284 = DIRECTION ( 'NONE',  ( 1.000000000000000000, 0.000000000000000000, 0.000000000000000000 ) ) ;
#3285 = CYLINDRICAL_SURFACE ( 'NONE', #530, 0.1250000000000000000 ) ;
#3286 = DIRECTION ( 'NONE',  ( 0.000000000000000000, 0.000000000000000000, -1.000000000000000000 ) ) ;
#3287 = VERTEX_POINT ( 'NONE', #1291 ) ;
#3288 = FACE_OUTER_BOUND ( 'NONE', #701, .T. ) ;
#3289 = AXIS2_PLACEMENT_3D ( 'NONE', #3387, #3358, #103 ) ;
#3290 =( LENGTH_UNIT ( ) NAMED_UNIT ( * ) SI_UNIT ( .MILLI., .METRE. ) );
#3291 = VERTEX_POINT ( 'NONE', #1016 ) ;
#3292 = DIRECTION ( 'NONE',  ( -0.000000000000000000, 1.000000000000000000, -0.000000000000000000 ) ) ;
#3293 = AXIS2_PLACEMENT_3D ( 'NONE', #2350, #2623, #2957 ) ;
#3294 = DIRECTION ( 'NONE',  ( 0.000000000000000000, 0.000000000000000000, 1.000000000000000000 ) ) ;
#3295 = CARTESIAN_POINT ( 'NONE',  ( 8.363664813127726035E-15, -0.04500000000000001221, 0.07499999999999998335 ) ) ;
#3296 = VECTOR ( 'NONE', #1025, 1000.000000000000000 ) ;
#3297 = EDGE_CURVE ( 'NONE', #1840, #2646, #653, .T. ) ;
#3298 = CARTESIAN_POINT ( 'NONE',  ( 4.119968255444916849E-15, -0.04500000000000001221, 0.6000000000000000888 ) ) ;
#3299 = DIRECTION ( 'NONE',  ( -0.000000000000000000, 1.000000000000000000, -0.000000000000000000 ) ) ;
#3300 = ADVANCED_FACE ( 'NONE', ( #215 ), #2123, .T. ) ;
#3301 = EDGE_CURVE ( 'NONE', #2336, #1248, #2019, .T. ) ;
#3302 = CARTESIAN_POINT ( 'NONE',  ( 4.119968255444916849E-15, 0.000000000000000000, 0.7250000000000000888 ) ) ;
#3303 = AXIS2_PLACEMENT_3D ( 'NONE', #97, #1245, #2855 ) ;
#3304 = CARTESIAN_POINT ( 'NONE',  ( 0.4000000000000041855, -0.1700000000000000122, 0.4750000000000000333 ) ) ;
#3305 = ORIENTED_EDGE ( 'NONE', *, *, #1503, .F. ) ;
#3306 = ORIENTED_EDGE ( 'NONE', *, *, #2922, .F. ) ;
#3307 = COLOUR_RGB ( '',0.7921568627450980005, 0.8196078431372548767, 0.9333333333333333481 ) ;
#3308 = AXIS2_PLACEMENT_3D ( 'NONE', #1976, #1444, #2518 ) ;
#3309 = CYLINDRICAL_SURFACE ( 'NONE', #813, 0.1250000000000000000 ) ;
#3310 = EDGE_CURVE ( 'NONE', #2605, #1064, #1631, .T. ) ;
#3311 = SURFACE_STYLE_USAGE ( .BOTH. , #3039 ) ;
#3312 = ORIENTED_EDGE ( 'NONE', *, *, #2154, .T. ) ;
#3313 = CARTESIAN_POINT ( 'NONE',  ( 0.4000000000000000777, 0.000000000000000000, 1.125000000000000222 ) ) ;
#3314 = DIRECTION ( 'NONE',  ( 0.000000000000000000, -1.000000000000000000, 0.000000000000000000 ) ) ;
#3315 = DIRECTION ( 'NONE',  ( 0.000000000000000000, 0.000000000000000000, 1.000000000000000000 ) ) ;
#3316 = VERTEX_POINT ( 'NONE', #319 ) ;
#3317 = DIRECTION ( 'NONE',  ( 1.000000000000000000, 0.000000000000000000, -1.224646799147353207E-16 ) ) ;
#3318 = DIRECTION ( 'NONE',  ( 0.000000000000000000, 0.000000000000000000, 1.000000000000000000 ) ) ;
#3319 = CARTESIAN_POINT ( 'NONE',  ( 0.8000000000000166978, -0.04500000000000001221, -0.6000000000000000888 ) ) ;
#3320 = ADVANCED_FACE ( 'NONE', ( #3347 ), #1104, .T. ) ;
#3321 = EDGE_CURVE ( 'NONE', #1829, #1343, #610, .T. ) ;
#3322 = DIRECTION ( 'NONE',  ( 0.000000000000000000, -1.000000000000000000, 0.000000000000000000 ) ) ;
#3323 = DIRECTION ( 'NONE',  ( 0.000000000000000000, 0.000000000000000000, -1.000000000000000000 ) ) ;
#3324 = VERTEX_POINT ( 'NONE', #2735 ) ;
#3325 = EDGE_LOOP ( 'NONE', ( #460, #847 ) ) ;
#3326 = DIRECTION ( 'NONE',  ( -0.000000000000000000, 1.000000000000000000, -0.000000000000000000 ) ) ;
#3327 = ORIENTED_EDGE ( 'NONE', *, *, #3014, .F. ) ;
#3328 = DIRECTION ( 'NONE',  ( -0.000000000000000000, 1.000000000000000000, -0.000000000000000000 ) ) ;
#3329 = CARTESIAN_POINT ( 'NONE',  ( -0.3999999999999874767, -0.04500000000000001221, -0.3250000000000000666 ) ) ;
#3330 = DIRECTION ( 'NONE',  ( 0.000000000000000000, 0.000000000000000000, -1.000000000000000000 ) ) ;
#3331 = EDGE_LOOP ( 'NONE', ( #656, #3019, #2055 ) ) ;
#3332 = DIRECTION ( 'NONE',  ( 0.000000000000000000, 0.000000000000000000, 1.000000000000000000 ) ) ;
#3333 = EDGE_LOOP ( 'NONE', ( #1802, #1855, #1616 ) ) ;
#3334 = AXIS2_PLACEMENT_3D ( 'NONE', #1787, #146, #1319 ) ;
#3335 =( LENGTH_UNIT ( ) NAMED_UNIT ( * ) SI_UNIT ( .MILLI., .METRE. ) );
#3336 = CARTESIAN_POINT ( 'NONE',  ( -0.8000000000000000444, 0.000000000000000000, 1.000000000000000000 ) ) ;
#3337 = DIRECTION ( 'NONE',  ( 1.000000000000000000, 0.000000000000000000, -1.224646799147353207E-16 ) ) ;
#3338 = AXIS2_PLACEMENT_3D ( 'NONE', #2053, #3504, #2886 ) ;
#3339 = DIRECTION ( 'NONE',  ( 1.000000000000000000, 0.000000000000000000, -1.224646799147353207E-16 ) ) ;
#3340 = ORIENTED_EDGE ( 'NONE', *, *, #2418, .T. ) ;
#3341 = CLOSED_SHELL ( 'NONE', ( #3, #488, #3279, #3085, #2285, #2013, #3521, #1814, #3047, #518, #1425, #2721, #2851, #1392, #598, #23, #3472, #576, #2370, #1472, #603, #1909, #2217, #1920, #1903, #1626, #2186, #2934, #630, #1137, #1446, #1954, #1747, #2038, #1147, #168, #1925, #2393, #124, #3401, #359, #2364, #648, #2107, #916, #1020, #1512, #337, #2028, #2929, #95, #2543, #1466, #1558, #3091, #1865, #133, #2219, #1645, #3153, #2523, #2985, #2549, #2981, #2280, #799, #2877, #1821, #2133, #3377, #841, #1302, #208, #1545, #2686, #3404, #1994, #660, #759, #1913, #3057, #3169, #3440, #911, #2339, #324, #921, #2539, #1410, #1655, #389, #643, #1594, #2871, #3467, #1772, #3030, #2064, #2740, #435, #2850, #1348, #1843, #1121, #2944, #1182, #1015, #2274, #2131, #3211, #861, #1204, #1371, #1914, #3235, #1967, #3320, #2707, #1723, #910, #3360, #2226, #3300, #992, #1468, #3093, #2933, #3058, #2504 ) ) ;
#3342 = CARTESIAN_POINT ( 'NONE',  ( 1.669671345627676828E-14, -0.04500000000000001221, -0.6000000000000000888 ) ) ;
#3343 = ORIENTED_EDGE ( 'NONE', *, *, #176, .T. ) ;
#3344 = CIRCLE ( 'NONE', #1788, 0.1250000000000000000 ) ;
#3345 = EDGE_CURVE ( 'NONE', #1534, #1375, #1063, .T. ) ;
#3346 = CARTESIAN_POINT ( 'NONE',  ( -0.3999999999999916955, -0.1700000000000000122, 0.3250000000000000111 ) ) ;
#3347 = FACE_OUTER_BOUND ( 'NONE', #1528, .T. ) ;
#3348 = DIRECTION ( 'NONE',  ( 0.000000000000000000, -1.000000000000000000, 0.000000000000000000 ) ) ;
#3349 = VECTOR ( 'NONE', #1983, 1000.000000000000000 ) ;
#3350 = ORIENTED_EDGE ( 'NONE', *, *, #2015, .F. ) ;
#3351 = CARTESIAN_POINT ( 'NONE',  ( 0.4000000000000208944, -0.04500000000000001221, -1.125000000000000222 ) ) ;
#3352 = VERTEX_POINT ( 'NONE', #1638 ) ;
#3353 = PRESENTATION_LAYER_ASSIGNMENT (  '', '', ( #550 ) ) ;
#3354 = SURFACE_STYLE_FILL_AREA ( #2256 ) ;
#3355 = EDGE_CURVE ( 'NONE', #1101, #629, #1117, .T. ) ;
#3356 = STYLED_ITEM ( 'NONE', ( #1708 ), #2985 ) ;
#3357 = AXIS2_PLACEMENT_3D ( 'NONE', #2533, #1261, #147 ) ;
#3358 = DIRECTION ( 'NONE',  ( 0.000000000000000000, -1.000000000000000000, 0.000000000000000000 ) ) ;
#3359 = CARTESIAN_POINT ( 'NONE',  ( 0.8000000000000208056, -0.04500000000000001221, -1.000000000000000000 ) ) ;
#3360 = ADVANCED_FACE ( 'NONE', ( #2451 ), #1122, .T. ) ;
#3361 = ORIENTED_EDGE ( 'NONE', *, *, #2011, .F. ) ;
#3362 = CARTESIAN_POINT ( 'NONE',  ( -0.7999999999999791722, -0.04500000000000001221, -1.000000000000000000 ) ) ;
#3363 = AXIS2_PLACEMENT_3D ( 'NONE', #2198, #232, #1394 ) ;
#3364 = DIRECTION ( 'NONE',  ( 0.000000000000000000, 0.000000000000000000, 1.000000000000000000 ) ) ;
#3365 = SPHERICAL_SURFACE ( 'NONE', #1230, 0.1250000000000000000 ) ;
#3366 = AXIS2_PLACEMENT_3D ( 'NONE', #572, #2752, #3011 ) ;
#3367 = ORIENTED_EDGE ( 'NONE', *, *, #462, .F. ) ;
#3368 = CARTESIAN_POINT ( 'NONE',  ( -0.8665000000000002700, 0.3199999999999998956, -0.9100000000000000311 ) ) ;
#3369 = ORIENTED_EDGE ( 'NONE', *, *, #552, .T. ) ;
#3370 = DIRECTION ( 'NONE',  ( 1.000000000000000000, 0.000000000000000000, -1.224646799147353207E-16 ) ) ;
#3371 = DIRECTION ( 'NONE',  ( 1.000000000000000000, 0.000000000000000000, -1.224646799147353207E-16 ) ) ;
#3372 = DIRECTION ( 'NONE',  ( 0.000000000000000000, 0.000000000000000000, -1.000000000000000000 ) ) ;
#3373 = ORIENTED_EDGE ( 'NONE', *, *, #2078, .F. ) ;
#3374 = VERTEX_POINT ( 'NONE', #608 ) ;
#3375 = ORIENTED_EDGE ( 'NONE', *, *, #3398, .T. ) ;
#3376 = CARTESIAN_POINT ( 'NONE',  ( -0.7999999999999791722, -0.1700000000000000122, -0.8750000000000000000 ) ) ;
#3377 = ADVANCED_FACE ( 'NONE', ( #1087 ), #63, .T. ) ;
#3378 = DIRECTION ( 'NONE',  ( 0.000000000000000000, 0.000000000000000000, 1.000000000000000000 ) ) ;
#3379 = EDGE_CURVE ( 'NONE', #1257, #2675, #1299, .T. ) ;
#3380 = ORIENTED_EDGE ( 'NONE', *, *, #2496, .F. ) ;
#3381 = CARTESIAN_POINT ( 'NONE',  ( -0.7999999999999917177, -0.04500000000000001221, 0.3250000000000000111 ) ) ;
#3382 = ORIENTED_EDGE ( 'NONE', *, *, #2820, .F. ) ;
#3383 = EDGE_CURVE ( 'NONE', #2318, #1311, #783, .T. ) ;
#3384 = DIRECTION ( 'NONE',  ( -0.000000000000000000, 1.000000000000000000, -0.000000000000000000 ) ) ;
#3385 = AXIS2_PLACEMENT_3D ( 'NONE', #542, #1611, #1090 ) ;
#3386 = FACE_BOUND ( 'NONE', #478, .T. ) ;
#3387 = CARTESIAN_POINT ( 'NONE',  ( -0.7999999999999959366, 0.000000000000000000, 0.6000000000000000888 ) ) ;
#3388 = DIRECTION ( 'NONE',  ( 0.000000000000000000, 0.000000000000000000, 1.000000000000000000 ) ) ;
#3389 = VECTOR ( 'NONE', #292, 1000.000000000000000 ) ;
#3390 = ORIENTED_EDGE ( 'NONE', *, *, #2876, .F. ) ;
#3391 = EDGE_LOOP ( 'NONE', ( #1879, #2787, #2029 ) ) ;
#3392 = AXIS2_PLACEMENT_3D ( 'NONE', #2966, #776, #1828 ) ;
#3393 = DIRECTION ( 'NONE',  ( -0.000000000000000000, 1.000000000000000000, -0.000000000000000000 ) ) ;
#3394 = FACE_OUTER_BOUND ( 'NONE', #1159, .T. ) ;
#3395 = ORIENTED_EDGE ( 'NONE', *, *, #90, .F. ) ;
#3396 = DIRECTION ( 'NONE',  ( 1.000000000000000000, 0.000000000000000000, -1.224646799147353207E-16 ) ) ;
#3397 = ORIENTED_EDGE ( 'NONE', *, *, #2284, .T. ) ;
#3398 = EDGE_CURVE ( 'NONE', #302, #420, #373, .T. ) ;
#3399 = VECTOR ( 'NONE', #388, 1000.000000000000000 ) ;
#3400 = DIRECTION ( 'NONE',  ( 0.000000000000000000, 0.000000000000000000, -1.000000000000000000 ) ) ;
#3401 = ADVANCED_FACE ( 'NONE', ( #1686 ), #1377, .T. ) ;
#3402 = AXIS2_PLACEMENT_3D ( 'NONE', #3177, #409, #2305 ) ;
#3403 = EDGE_LOOP ( 'NONE', ( #2229, #2108, #2562, #873 ) ) ;
#3404 = ADVANCED_FACE ( 'NONE', ( #3010 ), #2479, .T. ) ;
#3405 = DIRECTION ( 'NONE',  ( -0.000000000000000000, 1.000000000000000000, -0.000000000000000000 ) ) ;
#3406 = DIRECTION ( 'NONE',  ( -0.000000000000000000, 1.000000000000000000, -0.000000000000000000 ) ) ;
#3407 = FACE_OUTER_BOUND ( 'NONE', #2252, .T. ) ;
#3408 = ORIENTED_EDGE ( 'NONE', *, *, #2583, .F. ) ;
#3409 = EDGE_LOOP ( 'NONE', ( #100, #2888, #1807, #3170 ) ) ;
#3410 = DIRECTION ( 'NONE',  ( 0.000000000000000000, 0.000000000000000000, 1.000000000000000000 ) ) ;
#3411 = FACE_OUTER_BOUND ( 'NONE', #1688, .T. ) ;
#3412 = CARTESIAN_POINT ( 'NONE',  ( 0.8000000000000166978, -0.1700000000000000122, -0.6000000000000000888 ) ) ;
#3413 = EDGE_CURVE ( 'NONE', #394, #668, #264, .T. ) ;
#3414 = CIRCLE ( 'NONE', #150, 0.1250000000000000000 ) ;
#3415 = ORIENTED_EDGE ( 'NONE', *, *, #1231, .F. ) ;
#3416 = DIRECTION ( 'NONE',  ( 0.000000000000000000, 0.000000000000000000, -1.000000000000000000 ) ) ;
#3417 = PRESENTATION_LAYER_ASSIGNMENT (  '', '', ( #1132 ) ) ;
#3418 = ORIENTED_EDGE ( 'NONE', *, *, #3197, .F. ) ;
#3419 = CIRCLE ( 'NONE', #1527, 0.1250000000000000000 ) ;
#3420 = CARTESIAN_POINT ( 'NONE',  ( -0.7999999999999917177, -0.04500000000000001221, 0.1999999999999999833 ) ) ;
#3421 = CIRCLE ( 'NONE', #1695, 0.1250000000000000000 ) ;
#3422 = ORIENTED_EDGE ( 'NONE', *, *, #2663, .F. ) ;
#3423 = DIRECTION ( 'NONE',  ( 0.000000000000000000, 0.000000000000000000, -1.000000000000000000 ) ) ;
#3424 = LINE ( 'NONE', #1022, #828 ) ;
#3425 = CARTESIAN_POINT ( 'NONE',  ( 1.116499999999999826, 0.000000000000000000, 1.159999999999999920 ) ) ;
#3426 = EDGE_CURVE ( 'NONE', #250, #2093, #430, .T. ) ;
#3427 = ORIENTED_EDGE ( 'NONE', *, *, #1553, .F. ) ;
#3429 = EDGE_CURVE ( 'NONE', #620, #978, #2834, .T. ) ;
#3428 = EDGE_LOOP ( 'NONE', ( #1340, #3415 ) ) ;
#3430 = CARTESIAN_POINT ( 'NONE',  ( 0.4000000000000167866, -0.04500000000000001221, -0.6000000000000000888 ) ) ;
#3431 = CARTESIAN_POINT ( 'NONE',  ( -0.8000000000000000444, -0.04500000000000001221, 1.125000000000000222 ) ) ;
#3432 = CARTESIAN_POINT ( 'NONE',  ( -0.7999999999999959366, -0.04500000000000001221, 0.6000000000000000888 ) ) ;
#3433 = CARTESIAN_POINT ( 'NONE',  ( 0.8000000000000082601, -0.04500000000000001221, 0.07499999999999998335 ) ) ;
#3434 = FACE_OUTER_BOUND ( 'NONE', #3064, .T. ) ;
#3435 = ORIENTED_EDGE ( 'NONE', *, *, #2813, .T. ) ;
#3436 = CARTESIAN_POINT ( 'NONE',  ( -0.3999999999999958589, -0.1700000000000000122, 0.4750000000000000333 ) ) ;
#3437 = VERTEX_POINT ( 'NONE', #3329 ) ;
#3438 = DIRECTION ( 'NONE',  ( 0.000000000000000000, 0.000000000000000000, -1.000000000000000000 ) ) ;
#3439 = VERTEX_POINT ( 'NONE', #1811 ) ;
#3440 = ADVANCED_FACE ( 'NONE', ( #2654 ), #471, .T. ) ;
#3441 = FACE_BOUND ( 'NONE', #2803, .T. ) ;
#3442 = DIRECTION ( 'NONE',  ( 1.000000000000000000, 0.000000000000000000, -0.000000000000000000 ) ) ;
#3443 = DIRECTION ( 'NONE',  ( 0.000000000000000000, 0.000000000000000000, -1.000000000000000000 ) ) ;
#3444 = VECTOR ( 'NONE', #94, 1000.000000000000000 ) ;
#3445 =( NAMED_UNIT ( * ) SI_UNIT ( $, .STERADIAN. ) SOLID_ANGLE_UNIT ( ) );
#3446 = ORIENTED_EDGE ( 'NONE', *, *, #808, .T. ) ;
#3447 = ORIENTED_EDGE ( 'NONE', *, *, #3355, .T. ) ;
#3448 = PRESENTATION_LAYER_ASSIGNMENT (  '', '', ( #69 ) ) ;
#3449 = CARTESIAN_POINT ( 'NONE',  ( 0.4000000000000041855, -0.04500000000000001221, 0.7250000000000000888 ) ) ;
#3450 = DIRECTION ( 'NONE',  ( 0.000000000000000000, -1.000000000000000000, 0.000000000000000000 ) ) ;
#3451 = CIRCLE ( 'NONE', #3166, 0.1250000000000000000 ) ;
#3452 = ORIENTED_EDGE ( 'NONE', *, *, #1368, .T. ) ;
#3453 = CARTESIAN_POINT ( 'NONE',  ( -0.3999999999999958589, -0.04500000000000001221, 0.6000000000000000888 ) ) ;
#3454 = CARTESIAN_POINT ( 'NONE',  ( 1.669671345627676828E-14, -0.1700000000000000122, -0.4750000000000000333 ) ) ;
#3455 = EDGE_CURVE ( 'NONE', #695, #3374, #2376, .T. ) ;
#3456 = VERTEX_POINT ( 'NONE', #351 ) ;
#3457 = EDGE_CURVE ( 'NONE', #1861, #2301, #434, .T. ) ;
#3458 = DIRECTION ( 'NONE',  ( -0.000000000000000000, 1.000000000000000000, -0.000000000000000000 ) ) ;
#3459 = ORIENTED_EDGE ( 'NONE', *, *, #468, .F. ) ;
#3460 = DIRECTION ( 'NONE',  ( -0.000000000000000000, 1.000000000000000000, -0.000000000000000000 ) ) ;
#3461 = EDGE_LOOP ( 'NONE', ( #10, #276 ) ) ;
#3462 = AXIS2_PLACEMENT_3D ( 'NONE', #503, #2702, #791 ) ;
#3463 = FACE_OUTER_BOUND ( 'NONE', #3160, .T. ) ;
#3464 = CARTESIAN_POINT ( 'NONE',  ( 1.116499999999999826, 0.3299999999999999600, -1.159999999999999920 ) ) ;
#3465 = EDGE_CURVE ( 'NONE', #1188, #3439, #1683, .T. ) ;
#3466 = CARTESIAN_POINT ( 'NONE',  ( -0.8000000000000000444, -0.1700000000000000122, 0.8750000000000000000 ) ) ;
#3467 = ADVANCED_FACE ( 'NONE', ( #3184 ), #1704, .T. ) ;
#3468 = AXIS2_PLACEMENT_3D ( 'NONE', #291, #2469, #1448 ) ;
#3469 = ORIENTED_EDGE ( 'NONE', *, *, #2453, .F. ) ;
#3470 = ORIENTED_EDGE ( 'NONE', *, *, #704, .F. ) ;
#3471 = DIRECTION ( 'NONE',  ( 0.000000000000000000, 0.000000000000000000, -1.000000000000000000 ) ) ;
#3472 = ADVANCED_FACE ( 'NONE', ( #1789 ), #3489, .T. ) ;
#3473 = CARTESIAN_POINT ( 'NONE',  ( 8.348356728138384142E-15, 0.000000000000000000, 0.1999999999999999833 ) ) ;
#3474 = CARTESIAN_POINT ( 'NONE',  ( -0.8665000000000002700, 0.3199999999999998956, -0.9100000000000000311 ) ) ;
#3475 = CARTESIAN_POINT ( 'NONE',  ( -0.7999999999999833911, -0.1700000000000000122, -0.4750000000000000333 ) ) ;
#3476 = AXIS2_PLACEMENT_3D ( 'NONE', #822, #852, #1906 ) ;
#3477 = CARTESIAN_POINT ( 'NONE',  ( -0.3999999999999833689, -0.04500000000000001221, -0.4750000000000000333 ) ) ;
#3478 = DIRECTION ( 'NONE',  ( -0.000000000000000000, 1.000000000000000000, -0.000000000000000000 ) ) ;
#3479 = EDGE_LOOP ( 'NONE', ( #3090, #2624 ) ) ;
#3480 = CARTESIAN_POINT ( 'NONE',  ( -0.7999999999999876099, -0.04500000000000001221, -0.2000000000000000944 ) ) ;
#3481 = DIRECTION ( 'NONE',  ( -0.000000000000000000, 1.000000000000000000, -0.000000000000000000 ) ) ;
#3482 = AXIS2_PLACEMENT_3D ( 'NONE', #1586, #2919, #475 ) ;
#3483 = ORIENTED_EDGE ( 'NONE', *, *, #2741, .T. ) ;
#3484 = FACE_OUTER_BOUND ( 'NONE', #651, .T. ) ;
#3485 = CYLINDRICAL_SURFACE ( 'NONE', #1912, 0.1250000000000000000 ) ;
#3486 = CYLINDRICAL_SURFACE ( 'NONE', #1339, 0.1250000000000000000 ) ;
#3487 = ORIENTED_EDGE ( 'NONE', *, *, #1691, .F. ) ;
#3488 = CARTESIAN_POINT ( 'NONE',  ( -0.3999999999999958589, -0.04500000000000001221, 0.6000000000000000888 ) ) ;
#3489 = SPHERICAL_SURFACE ( 'NONE', #1578, 0.1250000000000000000 ) ;
#3490 = DIRECTION ( 'NONE',  ( -1.000000000000000000, -0.000000000000000000, -0.000000000000000000 ) ) ;
#3491 = ORIENTED_EDGE ( 'NONE', *, *, #1065, .F. ) ;
#3492 = DIRECTION ( 'NONE',  ( 0.000000000000000000, 0.000000000000000000, 1.000000000000000000 ) ) ;
#3493 = FACE_OUTER_BOUND ( 'NONE', #2283, .T. ) ;
#3494 = EDGE_CURVE ( 'NONE', #915, #2301, #2779, .T. ) ;
#3495 = CARTESIAN_POINT ( 'NONE',  ( -0.7999999999999959366, 0.000000000000000000, 0.7250000000000000888 ) ) ;
#3496 = EDGE_LOOP ( 'NONE', ( #951, #2115, #1114 ) ) ;
#3497 = EDGE_CURVE ( 'NONE', #2046, #1482, #35, .T. ) ;
#3498 = DIRECTION ( 'NONE',  ( 0.000000000000000000, -1.000000000000000000, 0.000000000000000000 ) ) ;
#3499 = DIRECTION ( 'NONE',  ( 0.000000000000000000, -1.000000000000000000, 0.000000000000000000 ) ) ;
#3500 = CARTESIAN_POINT ( 'NONE',  ( -0.8000000000000000444, -0.04500000000000001221, 1.000000000000000000 ) ) ;
#3501 = VERTEX_POINT ( 'NONE', #2265 ) ;
#3502 = CARTESIAN_POINT ( 'NONE',  ( 0.4000000000000167866, 0.000000000000000000, -0.6000000000000000888 ) ) ;
#3503 = FACE_OUTER_BOUND ( 'NONE', #2367, .T. ) ;
#3504 = DIRECTION ( 'NONE',  ( 1.000000000000000000, 0.000000000000000000, 0.000000000000000000 ) ) ;
#3505 = ORIENTED_EDGE ( 'NONE', *, *, #1334, .F. ) ;
#3506 = AXIS2_PLACEMENT_3D ( 'NONE', #2245, #1471, #1437 ) ;
#3507 = CARTESIAN_POINT ( 'NONE',  ( 2.081668171172168513E-14, -0.04500000000000001221, -0.8750000000000000000 ) ) ;
#3508 = ORIENTED_EDGE ( 'NONE', *, *, #377, .F. ) ;
#3509 = DIRECTION ( 'NONE',  ( 0.000000000000000000, 0.000000000000000000, 1.000000000000000000 ) ) ;
#3510 = AXIS2_PLACEMENT_3D ( 'NONE', #2526, #3106, #2594 ) ;
#3511 = CARTESIAN_POINT ( 'NONE',  ( -0.7999999999999833911, -0.04500000000000001221, -0.4750000000000000333 ) ) ;
#3512 = EDGE_LOOP ( 'NONE', ( #2481, #46, #2340 ) ) ;
#3513 = DIRECTION ( 'NONE',  ( -0.000000000000000000, 1.000000000000000000, -0.000000000000000000 ) ) ;
#3514 = AXIS2_PLACEMENT_3D ( 'NONE', #1745, #968, #393 ) ;
#3515 = DIRECTION ( 'NONE',  ( 0.000000000000000000, 0.000000000000000000, -1.000000000000000000 ) ) ;
#3516 = CARTESIAN_POINT ( 'NONE',  ( -0.8665000000000002700, 0.3199999999999998956, -0.8099999999999998312 ) ) ;
#3517 = EDGE_CURVE ( 'NONE', #1395, #2328, #2331, .T. ) ;
#3518 = ORIENTED_EDGE ( 'NONE', *, *, #2769, .T. ) ;
#3519 = FACE_OUTER_BOUND ( 'NONE', #2381, .T. ) ;
#3520 = DIRECTION ( 'NONE',  ( -0.000000000000000000, 1.000000000000000000, -0.000000000000000000 ) ) ;
#3521 = ADVANCED_FACE ( 'NONE', ( #1831 ), #3365, .T. ) ;
#3522 = MECHANICAL_DESIGN_GEOMETRIC_PRESENTATION_REPRESENTATION (  '', ( #3356 ), #3175 ) ;
#3523 = ORIENTED_EDGE ( 'NONE', *, *, #1162, .F. ) ;
#3524 = DIRECTION ( 'NONE',  ( -0.000000000000000000, 1.000000000000000000, -0.000000000000000000 ) ) ;
#3525 = CIRCLE ( 'NONE', #421, 0.1250000000000000000 ) ;
#3526 = CYLINDRICAL_SURFACE ( 'NONE', #470, 0.1250000000000001110 ) ;
#3527 = ORIENTED_EDGE ( 'NONE', *, *, #1227, .T. ) ;
#3528 = VECTOR ( 'NONE', #1283, 1000.000000000000000 ) ;
#3529 = FACE_OUTER_BOUND ( 'NONE', #815, .T. ) ;
#3530 = COLOUR_RGB ( '',0.2509803921568627416, 0.2509803921568627416, 0.2509803921568627416 ) ;
#3531 = DIRECTION ( 'NONE',  ( -0.000000000000000000, -1.000000000000000000, -0.000000000000000000 ) ) ;
#3532 = VERTEX_POINT ( 'NONE', #414 ) ;
#3533 = AXIS2_PLACEMENT_3D ( 'NONE', #2498, #1156, #3026 ) ;
#3534 = CARTESIAN_POINT ( 'NONE',  ( 1.246832498358330099E-14, -0.04500000000000001221, -0.2000000000000000944 ) ) ;
#3535 = EDGE_CURVE ( 'NONE', #347, #2528, #1007, .T. ) ;
#3536 = SPHERICAL_SURFACE ( 'NONE', #3462, 0.1250000000000000000 ) ;
#3537 = DIRECTION ( 'NONE',  ( -1.000000000000000000, -0.000000000000000000, -0.000000000000000000 ) ) ;
#3538 = ORIENTED_EDGE ( 'NONE', *, *, #3139, .F. ) ;
#3539 = CARTESIAN_POINT ( 'NONE',  ( -1.116500000000000270, 0.3299999999999999600, -1.159999999999999920 ) ) ;
#3540 = AXIS2_PLACEMENT_3D ( 'NONE', #2196, #1636, #889 ) ;
#3541 = AXIS2_PLACEMENT_3D ( 'NONE', #1126, #3317, #1940 ) ;
#3542 = AXIS2_PLACEMENT_3D ( 'NONE', #1776, #1736, #657 ) ;
#3543 = CYLINDRICAL_SURFACE ( 'NONE', #485, 0.1250000000000000000 ) ;
#3544 = AXIS2_PLACEMENT_3D ( 'NONE', #3432, #1242, #1506 ) ;
#3545 = CARTESIAN_POINT ( 'NONE',  ( -0.3999999999999916955, 0.000000000000000000, 0.3250000000000000111 ) ) ;
#3546 = EDGE_CURVE ( 'NONE', #1985, #1434, #742, .T. ) ;
#3547 = VERTEX_POINT ( 'NONE', #3431 ) ;
#3548 = PRESENTATION_STYLE_ASSIGNMENT (( #787 ) ) ;
#3549 = ORIENTED_EDGE ( 'NONE', *, *, #3297, .T. ) ;
#3550 = CYLINDRICAL_SURFACE ( 'NONE', #120, 0.1250000000000001110 ) ;
#3551 = DIRECTION ( 'NONE',  ( 0.000000000000000000, 0.000000000000000000, -1.000000000000000000 ) ) ;
#3552 = CYLINDRICAL_SURFACE ( 'NONE', #844, 0.1250000000000000000 ) ;
ENDSEC;
END-ISO-10303-21;
